"row_number","description","lot","box_id","id_token","width","raw_zeroed_date","original_known_date","inferred_zeroed_date","date_resolution_method"
"2","1383 - T2 Clear Fine Brush SXL","NA","IL-1383","1383",,"","","2026-01-14","back_fill_from_next"
"3","1485 - PR 70 60""","NA","IL-1485","1485","60","","","2026-01-14","back_fill_from_next"
"4","1487 - PR 70 72""","NA","IL-1487","1487","72","","","2026-01-14","back_fill_from_next"
"5","2203 - 3M Straight Washi SH2FGSW","NA","IL-2203","2203",,"","","2026-01-14","back_fill_from_next"
"6","2819- 3M Dusted Crystal 60""","G2006302","IL-2819","2819","60","0.0","","2026-01-14","back_fill_from_next"
"7","2880 - SOL- SXWF-WO WHITEOUT 72""","NA","IL-2880","2880","72","","","2026-01-14","back_fill_from_next"
"8","2960 - SG Slate 40 48""","5.40405503E9","IL-2960","2960","48","0.0","","2026-01-14","back_fill_from_next"
"9","2967 -SOL Ultrasafe WM560 Frost 5MIL","NA","IL-2967","2967",,"","","2026-01-14","back_fill_from_next"
"10","2996 - SOL Ultrasafe WM560 2 of 3","NA","IL-2996","2996",,"","","2026-01-14","back_fill_from_next"
"11","3020 -PR 40 Ext 60""","A273323771","IL-3020","3020","60","0.0","","2026-01-14","back_fill_from_next"
"12","3057 - PR 20 36""","B088323921","IL-3057","3057","36","0.0","","2026-01-14","back_fill_from_next"
"13","3065- PR 70  72""","B084323918","IL-3065","3065","72","0.0","","2026-01-14","back_fill_from_next"
"14","3076 - 3M NV 25 36""","B014323851","IL-3076","3076","36","0.0","","2026-01-14","back_fill_from_next"
"15","3079 - 3M NV 35 48""","B099323937","IL-3079","3079","48","","","2026-01-14","back_fill_from_next"
"16","3084 - SG SLATE 30 60""","NA","IL-3084","3084","60","","","2026-01-14","back_fill_from_next"
"17","3086-3M Ultra800 60""","B131323955","IL-3086","3086","60","","","2026-01-14","back_fill_from_next"
"18","3087-3M Ultra800 72""","B131323955","IL-3087","3087","72","0.0","","2026-01-14","back_fill_from_next"
"19","3097- 3M PR 70 36""","NA","IL-3097","3097","36","0.0","","2026-01-14","back_fill_from_next"
"20","3099 - 3M NV 35 36""","B017323853","IL-3099","3099","36","","","2026-01-14","back_fill_from_next"
"21","3109 - 3M Anti Graffiti-6 60""","2100919.0","IL-3109","3109","60","","","2026-01-14","back_fill_from_next"
"22","3114 - 3M NV 25 48""","B098323936","IL-3114","3114","48","0.0","","2026-01-14","back_fill_from_next"
"23","3119 - 3M NV 35 72""","B093323927","IL-3119","3119","72","","","2026-01-14","back_fill_from_next"
"24","3122- LLUMAR FROST NRM PS2 60""","491A082","IL-3122","3122","60","","","2026-01-14","back_fill_from_next"
"25","3141 - 3M NV 15 60""","B094323932","IL-3141","3141","60","","","2026-01-14","back_fill_from_next"
"26","3143 - PR 70 60""","B113323943","IL-3143","3143","60","0.0","","2026-01-14","back_fill_from_next"
"27","3144 - 3M NV 35 60""","B099323937","IL-3144","3144","60","0.0","","2026-01-14","back_fill_from_next"
"28","3146 - PR 70 60""","B113323943","IL-3146","3146","60","0.0","","2026-01-14","back_fill_from_next"
"29","3146 - PR 70 60""","B113323943","IL-3146","3146","60","","","2026-01-14","back_fill_from_next"
"30","3154 - Panaroma Slate 40 48""","5.409600044E9","IL-3154","3154","48","","","2026-01-14","back_fill_from_next"
"31","3190-Vista Neutral 45 36""","749A049P07","IL-3190","3190","36","","","2026-01-14","back_fill_from_next"
"32","3200 - 3M Affinity 30 72""","6.2017135E7","IL-3200","3200","72","","","2026-01-14","back_fill_from_next"
"33","3200 - 3M Affinity 30 72""","6.2017135E7","IL-3200","3200","72","","","2026-01-14","back_fill_from_next"
"34","3210 - LLUMAR FROST 60""","491F084","IL-3210","3210","60","","","2026-01-14","back_fill_from_next"
"35","3237 - Oracal Matte Black 751 48""","NA","IL-3237","3237","48","","","2026-01-14","back_fill_from_next"
"36","3239 - PR 70 Ext 72""","B141323963","IL-3239","3239","72","","","2026-01-14","back_fill_from_next"
"37","3258 - 3M PR 70 36""","C010324203","IL-3258","3258","36","0.0","","2026-01-14","back_fill_from_next"
"38","3267 - PR 70 EXT 60""","B177323994","IL-3267","3267","60","","","2026-01-14","back_fill_from_next"
"39","3268 - Sterling 70 72""","5.405879013E9","IL-3268","3268","72","","","2026-01-14","back_fill_from_next"
"40","3284 - 3M NV 35 36""","B081323855","IL-3284","3284","36","0.0","","2026-01-14","back_fill_from_next"
"41","3285 - 3M NV 35 60""","B100323938","IL-3285","3285","60","0.0","","2026-01-14","back_fill_from_next"
"42","3300 - 3M 7 MIL Ext 72""","B203324022","IL-3300","3300","72","","","2026-01-14","back_fill_from_next"
"43","3303 - 3M Frosted Crystal 7725SE-324 60""","H17232","IL-3303","3303","60","0.0","","2026-01-14","back_fill_from_next"
"44","3310- LLUMAR FROST NRMPS2 36""","4811014P16","IL-3310","3310","36","","","2026-01-14","back_fill_from_next"
"45","3321- LLUMAR FROST NRM PS2 60""","441J023","IL-3321","3321","60","","","2026-01-14","back_fill_from_next"
"46","3329 - SOL SX-SC544 Rain Glass 48""","NA","IL-3329","3329","48","","","2026-01-14","back_fill_from_next"
"47","3335- PR 70 72""","B225324055","IL-3335","3335","72","0.0","","2026-01-14","back_fill_from_next"
"48","3352 - 3M NV 15 72""","B261324096","IL-3352","3352","72","","","2026-01-14","back_fill_from_next"
"49","3353 - 3M NV 15 48""","B261324096","IL-3353","3353","48","","","2026-01-14","back_fill_from_next"
"50","3365 - SOL TRANSPARENT WHITE MATTE SXWF-TWM 48""","NA","IL-3365","3365","48","","","2026-01-14","back_fill_from_next"
"51","3390- LLUMAR FROST NRM PS2 48""","5.0148732E7","IL-3390","3390","48","","","2026-01-14","back_fill_from_next"
"52","3391- LLUMAR FROST NRM PS2 48""","5.0148732E7","IL-3391","3391","48","","","2026-01-14","back_fill_from_next"
"53","3392- LLUMAR FROST NRM PS2 48""","5.0148732E7","IL-3392","3392","48","","","2026-01-14","back_fill_from_next"
"54","3393- LLUMAR FROST NRM PS2 48""","5.0148732E7","IL-3393","3393","48","","","2026-01-14","back_fill_from_next"
"55","3394 - LLUMAR FROST 60""","5.0148732E7","IL-3394","3394","60","","","2026-01-14","back_fill_from_next"
"56","3406 - PR 20 Ext 60""","NA","IL-3406","3406","60","0.0","","2026-01-14","back_fill_from_next"
"57","3415 - SOLYX SGD-6003 CROSHANA 58""","NA","IL-3415","3415","58","","","2026-01-14","back_fill_from_next"
"58","3418 - SOLYX SX-SC555 Titanium Sand 35.5""","NA","IL-3418","3418",,"","","2026-01-14","back_fill_from_next"
"59","3419- SAN MARINO  SH2MAMM 50""","JR-45103793-1","IL-3419","3419","50","","","2026-01-14","back_fill_from_next"
"60","3422 - PR 70 48""","NA","IL-3422","3422","48","0.0","","2026-01-14","back_fill_from_next"
"61","3424 - LLUMAR FROST 72""","412B038","IL-3424","3424","72","","","2026-01-14","back_fill_from_next"
"62","3428 - PR 50 36""","B324324172","IL-3428","3428","36","0.0","","2026-01-14","back_fill_from_next"
"63","3441 - PR 70 72""","C011332424","IL-3441","3441","72","","","2026-01-14","back_fill_from_next"
"64","3443 - SG DR TRUEVUE 05 36""","NA","IL-3443","3443","36","0.0","","2026-01-14","back_fill_from_next"
"65","3447 - PR 50 36""","B324324172","IL-3447","3447","36","0.0","","2026-01-14","back_fill_from_next"
"66","3448 - PR 50 48""","NA","IL-3448","3448","48","0.0","","2026-01-14","back_fill_from_next"
"67","3450 - UltraS800 72""","B208324029","IL-3450","3450","72","","","2026-01-14","back_fill_from_next"
"68","3458- ASWF REMOVABLKE WHITE FROST 60""","NA","IL-3458","3458","60","","","2026-01-14","back_fill_from_next"
"69","3461 - 3M Safety S70 Clear 7 MIL Exterior 60""","NA","IL-3461","3461","60","","","2026-01-14","back_fill_from_next"
"70","3463- 3M PR 70 72""","C011324204","IL-3463","3463","72","0.0","","2026-01-14","back_fill_from_next"
"71","3470 - SXWF-WMAX WHITE MATTE MAX 60"" 1 of 2","NA","IL-3470","3470","60","0.0","","2026-01-14","back_fill_from_next"
"72","3471 - SXWF-WMAX WHITE MATTE MAX 60""","NA","IL-3471","3471","60","0.0","","2026-01-14","back_fill_from_next"
"73","3473 - SXWF-WMAX WHITE MATTE MAX 60""","NA","IL-3473","3473","60","0.0","","2026-01-14","back_fill_from_next"
"74","3475 - SOLYX SXWF-WM WHITE MATTE 48""","NA","IL-3475","3475","48","0.0","","2026-01-14","back_fill_from_next"
"75","3480- 3M PR 70 48""","402392031A","IL-3480","3480","48","0.0","","2026-01-14","back_fill_from_next"
"76","3483-  MILANO SH2MAML  60""","NO17C034","IL-3483","3483","60","","","2026-01-14","back_fill_from_next"
"77","3485 - AV Vela 36""","","IL-3485","3485","36","","","2026-01-14","back_fill_from_next"
"78","3487 - 3M Prestige 70 60""","323305010A","IL-3487","3487","60","","","2026-01-14","back_fill_from_next"
"79","3489- 3M S800 60""","C083324264","IL-3489","3489","60","","","2026-01-14","back_fill_from_next"
"80","3490- 3M S800 72""","B265324099","IL-3490","3490","72","0.0","","2026-01-14","back_fill_from_next"
"81","3491- 3m 14Mil 60","","IL-3491","3491",,"","","2026-01-14","back_fill_from_next"
"82","3496- 3M PR20 EXT 60""","B308324163","IL-3496","3496","60","0.0","","2026-01-14","back_fill_from_next"
"83","3497- 3M PR20 EXT 60""","B308324163","IL-3497","3497","60","0.0","","2026-01-14","back_fill_from_next"
"84","3499 - 3M Ultra NV 25 60""","B036323877","IL-3499","3499","60","","","2026-01-14","back_fill_from_next"
"85","3502 - 3M Luce SH2FGLU 50""","","IL-3502","3502","50","0.0","","2026-01-14","back_fill_from_next"
"86","3515-Llumar Frost NRM PS2 48""","472D079","IL-3515","3515","48","","","2026-01-14","back_fill_from_next"
"87","3524 - Madico Clear 8MIL Safetyshield 800 72""","2.121430146E9","IL-3524","3524","72","","","2026-01-14","back_fill_from_next"
"88","3526 - Madico Clear 8MIL Safetyshield 800 72""","2.12143014E9","IL-3526","3526","72","","","2026-01-14","back_fill_from_next"
"89","3528 - 3M PR 20 Ext 60""","B308324163","IL-3528","3528","60","0.0","","2026-01-14","back_fill_from_next"
"90","3543 - SG TrueVue 15 72""","5.41587508E9","IL-3543","3543","72","","","2026-01-14","back_fill_from_next"
"91","3544 - SG TrueVue 15 72""","5.415875081E9","IL-3544","3544","72","","","2026-01-14","back_fill_from_next"
"92","3545 - SG TrueVue 15 72""","5.414991028E9","IL-3545","3545","72","","","2026-01-14","back_fill_from_next"
"93","3546 - SG TrueVue 15 60""","5.415936064E9","IL-3546","3546","60","","","2026-01-14","back_fill_from_next"
"94","3547 - 3M Luce SH2FGLU 50"" 2 of 2""","1.0420955E7","IL-3547","3547","50","0.0","","2026-01-14","back_fill_from_next"
"95","3548 - Llumar Frost NRM PS2 72""","442F036","IL-3548","3548","72","","","2026-01-14","back_fill_from_next"
"96","3548 - Oracal 751 Black Matte 751CM-48-070","na","IL-3548","3548",,"","","2026-01-14","back_fill_from_next"
"97","3549 - Llumar Frost NRM PS2 72""","442F36","IL-3549","3549","72","","","2026-01-14","back_fill_from_next"
"98","3550 - SG HiLite 70 60""","5.417418078E9","IL-3550","3550","60","25.0","","2026-01-14","back_fill_from_next"
"99","3551 - SG HiLite 70 72""","5.416655041E9","IL-3551","3551","72","25.0","","2026-01-14","back_fill_from_next"
"100","3552 - 3M NV 25 60""","","IL-3552","3552","60","0.0","","2026-01-14","back_fill_from_next"
"101","3553 - 3M NV 25 60""","","IL-3553","3553","60","0.0","","2026-01-14","back_fill_from_next"
"102","3558 - 3M PR 50 72""","402481019a","IL-3558","3558","72","50.0","","2026-01-14","back_fill_from_next"
"103","3563 - AD Bronze 20 Ext. 60""","","IL-3563","3563","60","25.0","","2026-01-14","back_fill_from_next"
"104","3570 - 3M SAM MARINO MILKY MILKY 50""","","IL-3570","3570","50","","","2026-01-14","back_fill_from_next"
"105","3574 - 3M UltraS800 72""","C083324264","IL-3574","3574","72","100.0","","2026-01-14","back_fill_from_next"
"106","3575 - 3M PR 70 Ext 60""","","IL-3575","3575","60","","","2026-01-14","back_fill_from_next"
"107","3578 - 3M UltraS800 60""","C087324265","IL-3578","3578","60","100.0","","2026-01-14","back_fill_from_next"
"108","3579 - 3M UltraS800 60""","C087324265","IL-3579","3579","60","100.0","","2026-01-14","back_fill_from_next"
"109","3580 - 3M UltraS800 60""","C087324265","IL-3580","3580","60","100.0","","2026-01-14","back_fill_from_next"
"110","3581 - 3M UltraS800 60""","B266324103","IL-3581","3581","60","100.0","","2026-01-14","back_fill_from_next"
"111","3583 - 3M UltraS800 60""","C083324264","IL-3583","3583","60","100.0","","2026-01-14","back_fill_from_next"
"112","3588 - 3M Milky Crystal SH2MLCRX 50""","","IL-3588","3588","50","10.0","","2026-01-14","back_fill_from_next"
"113","3592 - SG Slate 40 48""","5.417970039E9","IL-3592","3592","48","100.0","","2026-01-14","back_fill_from_next"
"114","3593 - SG Slate 40 48""","5.41797004E9","IL-3593","3593","48","100.0","","2026-01-14","back_fill_from_next"
"115","3603 - 3M Blaze 48""","","IL-3603","3603","48","0.0","","2026-01-14","back_fill_from_next"
"116","3610 - 3M UltraS800 60""","C083324264","IL-3610","3610","60","0.0","","2026-01-14","back_fill_from_next"
"117","3623 - 3M PR 70 Ext 60""","C075324258","IL-3623","3623","60","100.0","","2026-01-14","back_fill_from_next"
"118","3624 - 3M PR 70 Ext 60""","C075324258","IL-3624","3624","60","100.0","","2026-01-14","back_fill_from_next"
"120","3632 - SG TrueVue 5 72""","","IL-3632","3632","72","0.0","","2026-01-14","back_fill_from_next"
"121","3636 - 3M Safety S40 4MIL 60""","","IL-3636","3636","60","0.0","","2026-01-14","back_fill_from_next"
"122","3643 - 3M SH2-MAMM San Marino Milky Milky 60""","","IL-3643","3643","60","0.0","","2026-01-14","back_fill_from_next"
"123","3652 - SG TrueVue 5 60""","","IL-3652","3652","60","0.0","","2026-01-14","back_fill_from_next"
"124","3654 - SG TrueVue 5 48""","","IL-3654","3654","48","0.0","","2026-01-14","back_fill_from_next"
"125","3679 - PR 70 Ext 36""","","IL-3679","3679","36","0.0","","2026-01-14","back_fill_from_next"
"126","3695 - 3M PR 70 Ext 60""","","IL-3695","3695","60","11.0","","2026-01-14","back_fill_from_next"
"127","3744 - AD R Silver 20X Poly 60""","","IL-3744","3744","60","34.0","","2026-01-14","back_fill_from_next"
"128","8089-  3M 4 mil 60""","NA","IL-8089","8089","60","","","2026-01-14","back_fill_from_next"
"129","9059 - PR 50 72""","NA","IL-9059","9059","72","0.0","","2026-01-14","back_fill_from_next"
"130","3697 - 3M S-140 SH14CLARL 14 MIL 60""","","IL-3697","3697","60","0.0","","2026-01-14","back_fill_from_next"
"131","3687 - 3M NV 25 72""","","IL-3687","3687","72","0.0","","2026-01-14","back_fill_from_next"
"132","3686 - 3M NV 15 48""","","IL-3686","3686","48","0.0","","2026-01-14","back_fill_from_next"
"133","3737 - 3M PRX 70 Ext 72""","B326324175","IL-3737","3737","72","0.0","","2026-01-14","back_fill_from_next"
"134","3002- S80  60"" (2 of 2)","202M6020C","IL-3002","3002","60","0.0","","2026-01-14","back_fill_from_next"
"135","3759- SXWF-BO-60 Black Out","","IL-3759","3759",,"","","2026-01-14","back_fill_from_next"
"136","3443 - SG DR TRUEVUE 05 36""","NA","IL-3443","3443","36","0.0","","2026-01-14","back_fill_from_next"
"137","3652 - SG TrueVue 5 60""","","IL-3652","3652","60","0.0","","2026-01-14","back_fill_from_next"
"138","3697 - 3M S-140 SH14CLARL 14 MIL 60""","","IL-3697","3697","60","0.0","","2026-01-14","back_fill_from_next"
"139","8107 - Madico 14 MIL 72""","","IL-8107","8107","72","0.0","","2026-01-14","back_fill_from_next"
"140","3620 - 3M UltraS800 60""","","IL-3620","3620","60","","","2026-01-14","back_fill_from_next"
"141","3582 - 3M UltraS800 60""","B266324103","IL-3582","3582","60","0.0","","2026-01-14","back_fill_from_next"
"142","3576 - 3M UltraS800 72""","C083324264","IL-3576","3576","72","0.0","","2026-01-14","back_fill_from_next"
"143","3087-3M Ultra800 72""","B131323955","IL-3087","3087","72","0.0","","2026-01-14","back_fill_from_next"
"144","3618 - 3M UltraS800 60""","C083324264","IL-3618","3618","60","0.0","","2026-01-14","back_fill_from_next"
"145","3772 - Madico Safetyshield 1500 Clear 15 MIL 60""","","IL-3772","3772","60","0.0","","2026-01-14","back_fill_from_next"
"146","3773 - Madico Safetyshield 1500 Clear 15 MIL 60""","","IL-3773","3773","60","0.0","","2026-01-14","back_fill_from_next"
"147","3602 - Madico Safetyshield 1500 (15 MIL) 72""","","IL-3602","3602","72","0.0","","2026-01-14","back_fill_from_next"
"148","3244- LLUMAR FROST NRM PS2 60""","","IL-3244","3244","60","0.0","","2026-01-14","back_fill_from_next"
"149","2959 - AV AG-4 (4 MIL) 60""","200824.0","IL-2959","2959","60","0.0","","2026-01-14","back_fill_from_next"
"150","3334 - UltraS800 72""","NA","IL-3334","3334","72","0.0","","2026-01-14","back_fill_from_next"
"151","3297 - 3M 14 MIL 60""","212E","IL-3297","3297","60","0.0","","2026-01-14","back_fill_from_next"
"152","1272 - 3M 14 MIL SH14CLARL 60""","","IL-1272","1272","60","0.0","","2026-01-14","back_fill_from_next"
"153","3164 - Safetyshield Madico Clear 8MIL 48""","2.110533037E9","IL-3164","3164","48","0.0","","2026-01-14","back_fill_from_next"
"154","3175 - Panaroma Slate 30 36""","5.408619049E9","IL-3175","3175","36","0.0","","2026-01-14","back_fill_from_next"
"155","3448 - PR 50 48""","NA","IL-3448","3448","48","0.0","","2026-01-14","back_fill_from_next"
"156","3668 - 3M PR 50 72""","","IL-3668","3668","72","0.0","","2026-01-14","back_fill_from_next"
"157","3707 - Madico Safetyshield 1500 60""","","IL-3707","3707","60","0.0","","2026-01-14","back_fill_from_next"
"158","3698 - 3M S-800 36""","","IL-3698","3698","36","0.0","","2026-01-14","back_fill_from_next"
"159","3703 - 3M UltraS800 72""","","IL-3703","3703","72","0.0","","2026-01-14","back_fill_from_next"
"160","3748 - 3M PR 70 60""","Na","IL-3748","3748","60","0.0","","2026-01-14","back_fill_from_next"
"161","3568 - 3M PR 50 48""","NA","IL-3568","3568","48","0.0","","2026-01-14","back_fill_from_next"
"162","3751 - SG Sentinel Plus Silver 20 Ext. 48""","5.417498009E9","IL-3751","3751","48","0.0","","2026-01-14","back_fill_from_next"
"163","3747 - 3M PR 70 48""","C010324203","IL-3747","3747","48","0.0","","2026-01-14","back_fill_from_next"
"164","3676 - PRX 20 Ext 72""","Na","IL-3676","3676","72","0.0","","2026-01-14","back_fill_from_next"
"165","3671 - PRX 20 Ext 36""","Na","IL-3671","3671","36","0.0","","2026-01-14","back_fill_from_next"
"166","3572 - 3M PRX 20 Ext 60""","C082324263","IL-3572","3572","60","0.0","","2026-01-14","back_fill_from_next"
"167","3825 - 3M PR 20 Ext 72""","C177324339","IL-3825","3825","72","0.0","","2026-01-14","back_fill_from_next"
"168","3268 - Sterling 70 72""","5.405879013E9","IL-3268","3268","72","0.0","","2026-01-14","back_fill_from_next"
"169","3788 - 3M PR 20 Ext 36""","","IL-3788","3788","36","100.0","","2026-01-14","back_fill_from_next"
"170","3789 - 3M PR 20 Ext 36""","","IL-3789","3789","36","100.0","","2026-01-14","back_fill_from_next"
"171","3790 - 3M PR 20 Ext 36""","","IL-3790","3790","36","100.0","","2026-01-14","back_fill_from_next"
"172","3791 - 3M PR 20 Ext 36""","","IL-3791","3791","36","100.0","","2026-01-14","back_fill_from_next"
"173","3243 - LLUMAR FROST 48""","451C134","IL-3243","3243","48","0.0","","2026-01-14","back_fill_from_next"
"174","3700 - 3M S70 72""  TUNNELED-","NA","IL-3700","3700","72","15.0","","2026-01-14","back_fill_from_next"
"175","3354 - 3M S80 (SH8SCLARL) 60""","212D6314A","IL-3354","3354","60","0.0","","2026-01-14","back_fill_from_next"
"176","3757 - 3M PRX 70 Ext. 72""","C176324338","IL-3757","3757","72","34'       To EDH","","2026-01-14","back_fill_from_next"
"177","2346 - SOL SXWF-BO 60""","NA","IL-2346","2346","60","0.0","","2026-01-14","back_fill_from_next"
"178","3760- SXWF-BO-60 Black Out","NA","IL-3760","3760",,"0.0","","2026-01-14","back_fill_from_next"
"179","3810 - Solyx White Sand Matte SX1409 48""","","IL-3810","3810","48","0.0","","2026-01-14","back_fill_from_next"
"180","3735 - 3M NV 15 60""","C032324221","IL-3735","3735","60","0.0","","2026-01-14","back_fill_from_next"
"181","3350- 3M NV 15 72""","B261324096","IL-3350","3350","72","0.0","","2026-01-14","back_fill_from_next"
"182","3522 - 3M Matte Crystal SH2MACR1 50""","NA","IL-3522","3522","50","0.0","","2026-01-14","back_fill_from_next"
"183","3797 - 3M UltraS800 36""","C087324265","IL-3797","3797","36","0.0","","2026-01-14","back_fill_from_next"
"184","3541 - 3M UltraS800 72""","NA","IL-3541","3541","72","0.0","","2026-01-14","back_fill_from_next"
"185","3455 - 3M NV 25 72""","B260324095","IL-3455","3455","72","0.0","","2026-01-14","back_fill_from_next"
"186","3741 - 3M Emboss Cross Hairline Matte Light Gray SH2CHMAL 48""","TP-25C023","IL-3741","3741","48","0.0","","2026-01-14","back_fill_from_next"
"187","2871 - Safetyshield 800 72""","2.022233003E9","IL-2871","2871","72","0.0","","2026-01-14","back_fill_from_next"
"188","3525 - Madico Clear 8MIL Safetyshield 800 72""","2.207530406E9","IL-3525","3525","72","0.0","","2026-01-14","back_fill_from_next"
"189","3775 - 3M UltraS800 60""","0.0","IL-3775","3775","60","))","","2026-01-14","back_fill_from_next"
"190","3777 - 3M UltraS800 60""","","IL-3777","3777","60","","","2026-01-14","back_fill_from_next"
"191","3778 - 3M UltraS800 60""","","IL-3778","3778","60","","","2026-01-14","back_fill_from_next"
"192","3669 - 3M PR 70 48""","","IL-3669","3669","48","","","2026-01-14","back_fill_from_next"
"193","3666 - 3M PR 70 48""","","IL-3666","3666","48","0.0","","2026-01-14","back_fill_from_next"
"194","3781 - 3M NV 15 48""","C168324328","IL-3781","3781","48","0.0","","2026-01-14","back_fill_from_next"
"195","3683 - 3M NV 15 72""","B09432131","IL-3683","3683","72","0.0","","2026-01-14","back_fill_from_next"
"196","3769 - 3M NV 15 36""","B19934019","IL-3769","3769","36","0.0","","2026-01-14","back_fill_from_next"
"197","3684 - 3M NV 15 60""","B199324019","IL-3684","3684","60","0.0","","2026-01-14","back_fill_from_next"
"198","3820 - 3M NV 15 60""","","IL-3820","3820","60","0.0","","2026-01-14","back_fill_from_next"
"199","3819 - 3M NV 15 60""","","IL-3819","3819","60","0.0","","2026-01-14","back_fill_from_next"
"200","3486 - 3M NV 15 60""","C0332324221","IL-3486","3486","60","0.0","","2026-01-14","back_fill_from_next"
"201","3658 - SG Panorama Slate 10 48""","5.397677055E9","IL-3658","3658","48","0.0","","2026-01-14","back_fill_from_next"
"202","3466- PR 40  72""","C017324208","IL-3466","3466","72","0.0","","2026-01-14","back_fill_from_next"
"203","3207 - 3M Milano SH2MAML 60""","NA","IL-3207","3207","60","","","2026-01-14","back_fill_from_next"
"204","2917 - Safetyshield 800 SRS 220 60""","2.021832028E9","IL-2917","2917","60","0.0","","2026-01-14","back_fill_from_next"
"205","3828 - Llumar Vista 58 (V58) 48""","","IL-3828","3828","48","0.0","","2026-01-14","back_fill_from_next"
"206","3829 - Llumar Vista 58 (V58) 48""","","IL-3829","3829","48","0.0","","2026-01-14","back_fill_from_next"
"207","3832 - Llumar Vista 58 (V58) 48""","","IL-3832","3832","48","0.0","","2026-01-14","back_fill_from_next"
"208","3836 - Llumar Vista 58 (V58) 48""","","IL-3836","3836","48","0.0","","2026-01-14","back_fill_from_next"
"209","3837 - Llumar Vista 58 (V58) 48""","","IL-3837","3837","48","0.0","","2026-01-14","back_fill_from_next"
"210","2349 - Sterling 50  36""","NA","IL-2349","2349","36","15.0","","2026-01-14","back_fill_from_next"
"211","2692 - SG SLATE 40  72""","Na","IL-2692","2692","72","31.0","","2026-01-14","back_fill_from_next"
"212","2961 - SG Slate 40 60""","5.404055049E9","IL-2961","2961","60","100.0","","2026-01-14","back_fill_from_next"
"213","2962 - SG Slate 40 72"" (Box 1 of 2)","5.398731054E9","IL-2962","2962","72","2.0","","2026-01-14","back_fill_from_next"
"214","2962 - SG Slate 40 72"" (Box 1 of 2)","5.398731054E9","IL-2962","2962","72","","","2026-01-14","back_fill_from_next"
"215","3090 - SG SLATE 40 36""     MISSING","NA","IL-3090","3090","36","0.0","","2026-01-14","back_fill_from_next"
"216","3130 - Panaroma Slate 20 48""","5.40951002E9","IL-3130","3130","48","6.0","","2026-01-14","back_fill_from_next"
"217","3131 - Panaroma Slate 20 60""","5.409510019E9","IL-3131","3131","60","12.0","","2026-01-14","back_fill_from_next"
"218","3132 - Panaroma Slate 30 48""","5.406807042E9","IL-3132","3132","48","15.0","","2026-01-14","back_fill_from_next"
"219","3133 - SG SX 50 48""","5.402883093E9","IL-3133","3133","48","30.0","","2026-01-14","back_fill_from_next"
"220","3134 - SG SX 50 60""","5.402887063E9","IL-3134","3134","60","20.0","","2026-01-14","back_fill_from_next"
"221","3155 - Panaroma Slate 40 60""","5.409600017E9","IL-3155","3155","60","29.0","","2026-01-14","back_fill_from_next"
"222","3156 - Panaroma Slate 40 72""","5.396790048E9","IL-3156","3156","72","100.0","","2026-01-14","back_fill_from_next"
"223","3171 - Panaroma Slate 20 72""","5.40950601E9","IL-3171","3171","72","76.0","","2026-01-14","back_fill_from_next"
"224","3189 - SG Silver 35 72""","5.405893005E9","IL-3189","3189","72","100.0","","2026-01-14","back_fill_from_next"
"225","3189 - SG Silver 35 72""       MISSING","5.405893005E9","IL-3189","3189","72","0.0","","2026-01-14","back_fill_from_next"
"226","3276 - DR Slate 10 60""","5.410884018E9","IL-3276","3276","60","8.0","","2026-01-14","back_fill_from_next"
"227","3349 - SG SLATE 10 (PANORAMA) 36""","5.41081512E9","IL-3349","3349","36","12.0","","2026-01-14","back_fill_from_next"
"228","3349 - SG Slate 10 36""","5.41081512E9","IL-3349","3349","36","8.0","","2026-01-14","back_fill_from_next"
"230","3510 - SG Panorama Sterling 70 72""","5.405879046E9","IL-3510","3510","72","35.0","","2026-01-14","back_fill_from_next"
"231","3511-Sterling 70 48""","5.141400004E10","IL-3511","3511","48","0.0","","2026-01-14","back_fill_from_next"
"232","2349 - Sterling 50  36""","NA","IL-2349","2349","36","15.0","","2026-01-14","back_fill_from_next"
"233","2692 - SG SLATE 40  72""","Na","IL-2692","2692","72","31.0","","2026-01-14","back_fill_from_next"
"234","2961 - SG Slate 40 60""","5.404055049E9","IL-2961","2961","60","100.0","","2026-01-14","back_fill_from_next"
"235","2962 - SG Slate 40 72"" (Box 1 of 2)","5.398731054E9","IL-2962","2962","72","2.0","","2026-01-14","back_fill_from_next"
"236","2962 - SG Slate 40 72"" (Box 1 of 2)","5.398731054E9","IL-2962","2962","72","","","2026-01-14","back_fill_from_next"
"237","3090 - SG SLATE 40 36""     MISSING","NA","IL-3090","3090","36","0.0","","2026-01-14","back_fill_from_next"
"238","3130 - Panaroma Slate 20 48""","5.40951002E9","IL-3130","3130","48","6.0","","2026-01-14","back_fill_from_next"
"239","3131 - Panaroma Slate 20 60""","5.409510019E9","IL-3131","3131","60","12.0","","2026-01-14","back_fill_from_next"
"240","3132 - Panaroma Slate 30 48""","5.406807042E9","IL-3132","3132","48","15.0","","2026-01-14","back_fill_from_next"
"241","3133 - SG SX 50 48""","5.402883093E9","IL-3133","3133","48","30.0","","2026-01-14","back_fill_from_next"
"242","3134 - SG SX 50 60""","5.402887063E9","IL-3134","3134","60","20.0","","2026-01-14","back_fill_from_next"
"243","3155 - Panaroma Slate 40 60""","5.409600017E9","IL-3155","3155","60","29.0","","2026-01-14","back_fill_from_next"
"244","3156 - Panaroma Slate 40 72""","5.396790048E9","IL-3156","3156","72","100.0","","2026-01-14","back_fill_from_next"
"245","3171 - Panaroma Slate 20 72""","5.40950601E9","IL-3171","3171","72","76.0","","2026-01-14","back_fill_from_next"
"246","3189 - SG Silver 35 72""","5.405893005E9","IL-3189","3189","72","100.0","","2026-01-14","back_fill_from_next"
"247","3189 - SG Silver 35 72""       MISSING","5.405893005E9","IL-3189","3189","72","0.0","","2026-01-14","back_fill_from_next"
"248","3276 - DR Slate 10 60""","5.410884018E9","IL-3276","3276","60","8.0","","2026-01-14","back_fill_from_next"
"249","3349 - SG SLATE 10 (PANORAMA) 36""","5.41081512E9","IL-3349","3349","36","12.0","","2026-01-14","back_fill_from_next"
"250","3349 - SG Slate 10 36""","5.41081512E9","IL-3349","3349","36","8.0","","2026-01-14","back_fill_from_next"
"251","3662 - SG TrueVue 40 72""","5.398733059E9","IL-3662","3662","72","0.0","","2026-01-14","back_fill_from_next"
"252","3510 - SG Panorama Sterling 70 72""","5.405879046E9","IL-3510","3510","72","35.0","","2026-01-14","back_fill_from_next"
"253","3511-Sterling 70 48""","5.141400004E10","IL-3511","3511","48","0.0","","2026-01-14","back_fill_from_next"
"254","3631 - SG TrueVue 40 60""","5.416617022E9","IL-3631","3631","60","33.0","","2026-01-14","back_fill_from_next"
"255","3633 - SG TrueVue 40 48""","5.416617055E9","IL-3633","3633","48","0.0","","2026-01-14","back_fill_from_next"
"256","1757- ASWF Blackout 60""","6029S","IL-1757","1757","60","0.0","","2026-01-14","back_fill_from_next"
"257","3782 - SG Slate 30 (Panorama) 72""","","IL-3782","3782","72","0.0","","2026-01-14","back_fill_from_next"
"258","3155 - Panaroma Slate 40 60""","5.409600017E9","IL-3155","3155","60","0.0","","2026-01-14","back_fill_from_next"
"259","3849 - 3M Fabric-Sensai Linen Champagne Gold SH2CSSEC 50""","","IL-3849","3849","50","0.0","","2026-01-14","back_fill_from_next"
"260","3851 - 3M Fabric-Sensai Linen Champagne Gold SH2CSSEC 50""","","IL-3851","3851","50","0.0","","2026-01-14","back_fill_from_next"
"261","3692 - 3M Affinity 30 72""","NA","IL-3692","3692","72","0.0","","2026-01-14","back_fill_from_next"
"262","2068 - 3M Affinity 30 50""","70-0063-4482-7","IL-2068","2068","50","0.0","","2026-01-14","back_fill_from_next"
"263","3199- 3M AFFINITY 30  60""","3.1916002E7","IL-3199","3199","60","0.0","","2026-01-14","back_fill_from_next"
"264","3733 - Llumar Frost NRM PS2 60""","Na","IL-3733","3733","60","0.0","","2026-01-14","back_fill_from_next"
"265","3667-PR 70 72""","NA","IL-3667","3667","72","0.0","","2026-01-14","back_fill_from_next"
"266","1761 - Ceramic 50 72""","313093-07235","IL-1761","1761","72","","","2026-01-14","back_fill_from_next"
"267","3455 - 3M NV 25 72""","B260324095","IL-3455","3455","72","0.0","","2026-01-14","back_fill_from_next"
"268","3131 - Panaroma Slate 20 60""","5.409510019E9","IL-3131","3131","60","0.0","","2026-01-14","back_fill_from_next"
"269","3742 - SG (Panorama) Slate 30 60""","5.41739203E9","IL-3742","3742","60","0.0","","2026-01-14","back_fill_from_next"
"270","3670 - 3M PR 60 48""","A297323793","IL-3670","3670","48","0.0","","2026-01-14","back_fill_from_next"
"271","3824 - 3M PR 20 Ext 72""","C177324339","IL-3824","3824","72","0.0","","2026-01-14","back_fill_from_next"
"272","3665 - 3M PR 70 72""","460D015P27","IL-3665","3665","72","0.0","","2026-01-14","back_fill_from_next"
"273","3601 - PR 70 72""","C091324269","IL-3601","3601","72","0.0","","2026-01-14","back_fill_from_next"
"274","3766 - 3M Fabric-Sensai Linen (Champagne Gold) SH2CSSEC 50""","1.04248859E8","IL-3766","3766","50","0.0","","2026-01-14","back_fill_from_next"
"275","8078- CHAMONIX SH2EMCH  50""","NA","IL-8078","8078","50","0.0","","2026-01-14","back_fill_from_next"
"276","3893B- 3M Di-Noc Wood Grain Ext. WG1044EX 48""","922387.0","IL-3893B","3893B","48","0.0","","2026-01-14","back_fill_from_next"
"277","1784 - Acid Etch 36"" SX3-314","NA","IL-1784","1784","36","MISSING","","2026-01-14","back_fill_from_next"
"278","3054- RN 07 48""","451C032","IL-3054","3054","48","","","2026-01-14","back_fill_from_next"
"279","3719 - Llumar White Out NRMW PS3 60""","5.0143737E7","IL-3719","3719","60","","","2026-01-14","back_fill_from_next"
"280","M214A - Security 3M Ultra S800 48""","B131323955","M214A","M214A","48","0.0","","2026-01-14","back_fill_from_next"
"281","3871 - 3M UltraS800 60""","","IL-3871","3871","60","0.0","","2026-01-14","back_fill_from_next"
"282","3855 - 3M Ultra S800 60""","","IL-3855","3855","60","0.0","","2026-01-14","back_fill_from_next"
"283","3177 - SOLYX SX-1301 Clear Frost 60""","NA","IL-3177","3177","60","","","2026-01-14","back_fill_from_next"
"284","3895 - 3M UltraS800 60""","","IL-3895","3895","60","0.0","","2026-01-14","back_fill_from_next"
"285","3863 - SG TrueVue 15 60""","5.416619051E9","IL-3863","3863","60","0.0","","2026-01-14","back_fill_from_next"
"286","3867 - SG TrueVue 15 60""","5.414940103E9","IL-3867","3867","60","0.0","","2026-01-14","back_fill_from_next"
"287","3865 - SG TrueVue 15 60""","5.417951015E9","IL-3865","3865","60","0.0","","2026-01-14","back_fill_from_next"
"288","3811 - 3M Black IPA Caulk","0.0","IL-3811","3811",,"","","2026-01-14","back_fill_from_next"
"289","3823 - 3M Black IPA Caulk","0.0","IL-3823","3823",,"","","2026-01-14","back_fill_from_next"
"290","3776 - Black Caulk","","IL-3776","3776",,"","","2026-01-14","back_fill_from_next"
"291","3779 - Coastal Black Caulk","","IL-3779","3779",,"","","2026-01-14","back_fill_from_next"
"292","3426 - 3M SH14CLARL 14 MIL 60""","0.0","IL-3426","3426","60","","","2026-01-14","back_fill_from_next"
"293","3460- 3M 14 MIL SH14CLARL 60""","","IL-3460","3460","60","","","2026-01-14","back_fill_from_next"
"294","3617 - 3M UltraS800 72""","B264324098","IL-3617","3617","72","","","2026-01-14","back_fill_from_next"
"295","2326 - 3M Silver 20 60""                       MISSING","1.191909E7","IL-2326","2326","60","0.0","","2026-01-14","back_fill_from_next"
"296","3902 - Llumar Bronze 20 N1020B 60""","","IL-3902","3902","60","0.0","","2026-01-14","back_fill_from_next"
"297","3903 - Llumar Bronze 20 N1020B 60""","","IL-3903","3903","60","0.0","","2026-01-14","back_fill_from_next"
"298","3831 - Llumar Vista 58 (V58) 48""","","IL-3831","3831","48","0.0","","2026-01-14","back_fill_from_next"
"299","3833 - Llumar Vista 58 (V58) 48""","","IL-3833","3833","48","","","2026-01-14","back_fill_from_next"
"300","3834 - Llumar Vista 58 (V58) 48""","","IL-3834","3834","48","","","2026-01-14","back_fill_from_next"
"301","3875 - 3M UltraS800 36""","","IL-3875","3875","36","0.0","","2026-01-14","back_fill_from_next"
"302","3873 - 3M UltraS800 72""","","IL-3873","3873","72","0.0","","2026-01-14","back_fill_from_next"
"303","8187 - Llumar DR 15 Safety 9 MIL 72""","","IL-8187","8187","72","0.0","","2026-01-14","back_fill_from_next"
"304","3312- NV 25  60""","B197324018","IL-3312","3312","60","0.0","","2026-01-14","back_fill_from_next"
"305","3685 - 3M NV 25 60""","70-0066--6190-7","IL-3685","3685","60","0.0","","2026-01-14","back_fill_from_next"
"306","3908 - 3M NV 25 60""","0.0","IL-3908","3908","60","0.0","","2026-01-14","back_fill_from_next"
"307","3907 - 3M NV 25 60""","0.0","IL-3907","3907","60","0.0","","2026-01-14","back_fill_from_next"
"308","3925 - Solyx Clear Frost  SX-1301","0.0","IL-3925","3925",,"0.0","","2026-01-14","back_fill_from_next"
"309","3276 - DR Slate 10 60""","5.410884018E9","IL-3276","3276","60","0.0","","2026-01-14","back_fill_from_next"
"310","3449 - 3M PR 50 60""","B324324172","IL-3449","3449","60","0.0","","2026-01-14","back_fill_from_next"
"311","3405 - PR 50 72""","B140323960","IL-3405","3405","72","0.0","","2026-01-14","back_fill_from_next"
"313","3554 - 3M PR 20 72""","B229324060","IL-3554","3554","72","0.0","","2026-01-14","back_fill_from_next"
"314","3555 - 3M PR 20 72""","B229324060","IL-3555","3555","72","0.0","","2026-01-14","back_fill_from_next"
"315","3159 - 3M PRX 70 Ext 60""","","IL-3159","3159","60","0.0","","2026-01-14","back_fill_from_next"
"316","3653 - SG TrueVue 40 48""","5.394051013E9","IL-3653","3653","48","0.0","","2026-01-14","back_fill_from_next"
"317","3192-Vista Neutral 45 72""","471D068P11","IL-3192","3192","72","0.0","","2026-01-14","back_fill_from_next"
"318","3626 - Llumar Frost NRM PS2 60""","462F038","IL-3626","3626","60","0.0","","2026-01-14","back_fill_from_next"
"319","3062- SOL SXWF-WB White/Black Opaque 60""","NA","IL-3062","3062","60","0.0","","2026-01-14","back_fill_from_next"
"320","8186 - Llumar DR 15 Safety 9 MIL 60""","","IL-8186","8186","60","0.0","","2026-01-14","back_fill_from_next"
"321","3924 - Llumar Silver Sparkle 60""","D767418P05","IL-3924","3924","60","0.0","","2026-01-14","back_fill_from_next"
"322","3869 - 3M Ultra S800 36""","","IL-3869","3869","36","0.0","","2026-01-14","back_fill_from_next"
"323","3920 - 3M UltraS800 72""","C152324318","IL-3920","3920","72","0.0","","2026-01-14","back_fill_from_next"
"324","3929 - SG Silver 20 8MIL 60""","","IL-3929","3929","60","0.0","","2026-01-14","back_fill_from_next"
"325","3934 - 3M Ultra S800 36""","","IL-3934","3934","36","0.0","","2026-01-14","back_fill_from_next"
"326","3919 - 3M UltraS800 36""","C087324265","IL-3919","3919","36","0.0","","2026-01-14","back_fill_from_next"
"327","3932 - 3M Ultra S800 60""","","IL-3932","3932","60","0.0","","2026-01-14","back_fill_from_next"
"328","3771 - 3M PR 70 48""","C125324296","IL-3771","3771","48","0.0","","2026-01-14","back_fill_from_next"
"329","3493- 3M PR 70 48""","C068324252","IL-3493","3493","48","0.0","","2026-01-14","back_fill_from_next"
"330","3925 - Solyx Clear Frost  SX-1301","0.0","IL-3925","3925",,"0.0","","2026-01-14","back_fill_from_next"
"331","3942 - 3M Ultra S800 72""","","IL-3942","3942","72","0.0","","2026-01-14","back_fill_from_next"
"332","3876 - Coastal Dow 995 Black","","IL-3876","3876",,"0.0","","2026-01-14","back_fill_from_next"
"333","3870 - Coastal Dow 995 Black","","IL-3870","3870",,"0.0","","2026-01-14","back_fill_from_next"
"334","3904 - Llumar Bronze 20 N1020B 60""","","IL-3904","3904","60","0.0","","2026-01-14","back_fill_from_next"
"335","3717 - Llumar N1020 72""","","IL-3717","3717","72","0.0","","2026-01-14","back_fill_from_next"
"336","2933 - 3M DUSTED CRYSTAL SX-3140-60100 60""","","IL-2933","2933","60","0.0","","2026-01-14","back_fill_from_next"
"337","3251 - PRX 20 Ext 72""","B231324063","IL-3251","3251","72","0.0","","2026-01-14","back_fill_from_next"
"338","3812 - Dow 995","","IL-3812","3812",,"0.0","","2026-01-14","back_fill_from_next"
"339","3723 - 3M Black IPA Caulk","","IL-3723","3723",,"0.0","","2026-01-14","back_fill_from_next"
"340","3622 - 3M Black IPA Caulk","","IL-3622","3622",,"0.0","","2026-01-14","back_fill_from_next"
"341","3621 - 3M Black IPA Caulk","","IL-3621","3621",,"0.0","","2026-01-14","back_fill_from_next"
"342","3612 - 3M Black IPA Caulk","","IL-3612","3612",,"0.0","","2026-01-14","back_fill_from_next"
"343","3501- 3m Black IPA caulk","","IL-3501","3501",,"0.0","","2026-01-14","back_fill_from_next"
"344","3500- 3m Black IPA caulk","","IL-3500","3500",,"0.0","","2026-01-14","back_fill_from_next"
"345","3499- 3m Black IPA caulk","","IL-3499","3499",,"0.0","","2026-01-14","back_fill_from_next"
"346","3481- 3M BLACK IPA CAULK","","IL-3481","3481",,"0.0","","2026-01-14","back_fill_from_next"
"347","3462 - 3M BLACK CAULK","","IL-3462","3462",,"0.0","","2026-01-14","back_fill_from_next"
"348","3454 - 3M BLACK IPA CAULK","","IL-3454","3454",,"0.0","","2026-01-14","back_fill_from_next"
"349","3326 - DOW 995 CORNING SILICONE BLACK","","IL-3326","3326",,"0.0","","2026-01-14","back_fill_from_next"
"350","3252 - CAULK BLACK DOW 995","","IL-3252","3252",,"0.0","","2026-01-14","back_fill_from_next"
"351","3605 - Solyx Whiteout SXWF-WO 60""","","IL-3605","3605","60","0.0","","2026-01-14","back_fill_from_next"
"352","3607 - Solyx Whiteout SXWF-WO 60""","","IL-3607","3607","60","0.0","","2026-01-14","back_fill_from_next"
"353","3474 - SOLYX SXWF-WM WHITE MATTE MAX 60""","","IL-3474","3474","60","0.0","","2026-01-14","back_fill_from_next"
"354","3862 - SG TrueVue 15 60""","5.414940102E9","IL-3862","3862","60","0.0","","2026-01-14","back_fill_from_next"
"355","3857 - 3M Affinity 30 72""","","IL-3857","3857","72","0.0","","2026-01-14","back_fill_from_next"
"356","5400- 3M Frosted Crystal 60""","","IL-5400","5400","60","0.0","","2026-01-14","back_fill_from_next"
"357","3523 - 3M Matte Crystal SH2MACR1 60""","","IL-3523","3523","60","0.0","","2026-01-14","back_fill_from_next"
"358","3488- 3M Fine Crystal SH2FNCR 50""","","IL-3488","3488","50","0.0","","2026-01-14","back_fill_from_next"
"359","3616 - 3M Safety S140 Clear 14 MIL 60""","","IL-3616","3616","60","0.0","","2026-01-14","back_fill_from_next"
"360","M286 - Security 3M ULTRA S800 72""","B131323955","M286","M286","72","0.0","","2026-01-14","back_fill_from_next"
"361","3956 - Solyx Lineage Dual Frosted Gradient SXJ0599 60""","","IL-3956","3956","60","0.0","","2026-01-14","back_fill_from_next"
"362","3877 - Madico SafetyShield 1500 15MIL 60""","2.21433004E8","IL-3877","3877","60","0.0","","2026-01-14","back_fill_from_next"
"363","M217 - Security 3M Ultra 800 72""","B20932430","M217","M217","72","0.0","","2026-01-14","back_fill_from_next"
"364","3892 - Solyx White Stripe Vertical SXHP2411 48""","","IL-3892","3892","48","0.0","","2026-01-14","back_fill_from_next"
"365","3278 - LLUMAR SILVER 20 60""","","IL-3278","3278","60","0.0","","2026-01-14","back_fill_from_next"
"366","3943 - 3M Ultra S800 60""","C125324296","IL-3943","3943","60","0.0","","2026-01-14","back_fill_from_next"
"367","3253 - 3M Matte Crystal SH2MACR  50""","CN-02C009","IL-3253","3253","50","0.0","","2026-01-14","back_fill_from_next"
"368","2324- RN 07 72""","5.0157025E7","IL-2324","2324","72","0.0","","2026-01-14","back_fill_from_next"
"369","3983 - Llumar RN07 Reflective One Way Mirror 48""","","IL-3983","3983","48","0.0","","2026-01-14","back_fill_from_next"
"370","3933 - 3M Ultra S800 36""","","IL-3933","3933","36","0.0","","2026-01-14","back_fill_from_next"
"371","3762 - Llumar Frost NRM PS2 60""","412F026","IL-3762","3762","60","0.0","","2026-01-14","back_fill_from_next"
"372","3874 - 3M UltraS800 60""","","IL-3874","3874","60","0.0","","2026-01-14","back_fill_from_next"
"373","3557 - 3M PR 70 72""	B223557 - 3M PR 70 72""	B225324055	05324055	0","","IL-3557","3557","72","0.0","","2026-01-14","back_fill_from_next"
"374","3947 - 3M PR 70 48""","C125324296","IL-3947","3947","48","0.0","","2026-01-14","back_fill_from_next"
"375","4004 - Solyx Black Out SXWF-BO 72""","","IL-4004","4004","72","0.0","","2026-01-14","back_fill_from_next"
"376","3953 - Solyx Dual Feather Gradient SXJ0548 60""","","IL-3953","3953","60","0.0","","2026-01-14","back_fill_from_next"
"377","3841 - Madico Blister Free BL200 PS 60""","missing","IL-3841","3841","60","50.0","","2026-01-14","back_fill_from_next"
"378","M214B - Security 3M Ultra S800 24""","B131323955","M214B","M214B","24","0.0","","2026-01-14","back_fill_from_next"
"379","3959 - Coastal Dow 995 Black","","IL-3959","3959",,"0.0","","2026-01-14","back_fill_from_next"
"380","3997 - 3M PR 70 60""","","IL-3997","3997","60","0.0","","2026-01-14","back_fill_from_next"
"381","3998 - 3M PR 70 48""","","IL-3998","3998","48","0.0","","2026-01-14","back_fill_from_next"
"382","3964 - Solyx Grey Frost SX-1303 60""","","IL-3964","3964","60","0.0","","2026-01-14","back_fill_from_next"
"383","3467- 3M NV 25 48""","323302010C","IL-3467","3467","48","0.0","","2026-01-14","back_fill_from_next"
"384","3492-3M NV 25 60""","C032324222","IL-3492","3492","60","0.0","","2026-01-14","back_fill_from_next"
"385","3734 - 3M NV 15 72""","","IL-3734","3734","72","0.0","","2026-01-14","back_fill_from_next"
"386","3688 - 3M NV 15 48""","","IL-3688","3688","48","0.0","","2026-01-14","back_fill_from_next"
"387","3641 - SXR - 9829 Glass Frost 54""","","IL-3641","3641","54","0.0","","2026-01-14","back_fill_from_next"
"388","4022- Solyx Clear Sand Blast SX-1002 36""","","IL-4022","4022","36","0.0","","2026-01-14","back_fill_from_next"
"389","4023- Solyx Clear Sand Blast SX-1002 48""","","IL-4023","4023","48","0.0","","2026-01-14","back_fill_from_next"
"390","4025- Solyx Clear Sand Blast SX-1002 60""","","IL-4025","4025","60","0.0","","2026-01-14","back_fill_from_next"
"391","4027 - 3M S800 72""","Northrup redo 100'","IL-4027","4027","72","0.0","","2026-01-14","back_fill_from_next"
"392","3944 - 3M Ultra S800 72""","Northrup redo 34'","IL-3944","3944","72","0.0","","2026-01-14","back_fill_from_next"
"393","3882 - Madico SafetyShield 1500 15MIL 60""","2.214333004E9","IL-3882","3882","60","0.0","","2026-01-14","back_fill_from_next"
"394","3880 - Madico SafetyShield 1500 15MIL 60""","2.214333004E9","IL-3880","3880","60","0.0","","2026-01-14","back_fill_from_next"
"395","3926 - Madico Safetyshield 1500 15MIL 72""","2.20983306E8","IL-3926","3926","72","0.0","","2026-01-14","back_fill_from_next"
"396","3979 - Madico Safetyshield 1500 15 MIL 72""","","IL-3979","3979","72","0.0","","2026-01-14","back_fill_from_next"
"397","M376 - Solyx SXWF_WMAX 60""","","M376","M376","60","0.0","","2026-01-14","back_fill_from_next"
"398","3856 - 3M Ultra S800 36""","","IL-3856","3856","36","0.0","","2026-01-14","back_fill_from_next"
"399","4021 - Madico SafetyShield 1500","","IL-4021","4021",,"0.0","","2026-01-14","back_fill_from_next"
"400","4008 - 3M Frosted Crystal 7725-324 48""","","IL-4008","4008","48","0.0","","2026-01-14","back_fill_from_next"
"401","3896 - 3M SH2FGCN Cloud Narrow White 50""","","IL-3896","3896","50","0.0","","2026-01-14","back_fill_from_next"
"402","3899 - 3M SH2FGCN Cloud Narrow White 50""","","IL-3899","3899","50","0.0","","2026-01-14","back_fill_from_next"
"403","3900 - 3M SH2FGCN Cloud Narrow White 50""","1.04898642E8","IL-3900","3900","50","0.0","","2026-01-14","back_fill_from_next"
"404","3949 - Solyx White Dots 1/8"" SXD-1818 48""","","IL-3949","3949","48","0.0","","2026-01-14","back_fill_from_next"
"405","3950 - Solyx White Dots 1/8"" SXD-1818 48""","","IL-3950","3950","48","0.0","","2026-01-14","back_fill_from_next"
"406","3681 - 3M NV 35 72""","B258324094","IL-3681","3681","72","0.0","","2026-01-14","back_fill_from_next"
"407","3389- LLUMAR FROST NRM PS2 48""","5.0148732E7","IL-3389","3389","48","0.0","","2026-01-14","back_fill_from_next"
"408","3911 - 3M PR 70 60""","0.0","IL-3911","3911","60","0.0","","2026-01-14","back_fill_from_next"
"409","3569 - 3M PR 70 60""","","IL-3569","3569","60","0.0","","2026-01-14","back_fill_from_next"
"410","3998 - 3M PR 70 48""","","IL-3998","3998","48","0.0","","2026-01-14","back_fill_from_next"
"411","2961 - SG Slate 40 60""","5.404055049E9","IL-2961","2961","60","0.0","","2026-01-14","back_fill_from_next"
"412","3656 - SG Panorama Slate 40 60""","","IL-3656","3656","60","0.0","","2026-01-14","back_fill_from_next"
"413","3947 - 3M PR 70 48""","C125324296","IL-3947","3947","48","0.0","","2026-01-14","back_fill_from_next"
"414","3762 - Llumar Frost NRM PS2 60""","412F026","IL-3762","3762","60","0.0","","2026-01-14","back_fill_from_next"
"415","3530 - Llumar Frost NPM PS2 72""","462F018","IL-3530","3530","72","0.0","","2026-01-14","back_fill_from_next"
"416","5400- FROSTED CRYSTAL60""","","IL-5400","5400","60","0.0","","2026-01-14","back_fill_from_next"
"418","1381- Trident Clear 11mil 60""","","IL-1381","1381","60","0.0","","2026-01-14","back_fill_from_next"
"419","2049- 3M PS8 48""","","IL-2049","2049","48","0.0","","2026-01-14","back_fill_from_next"
"420","2568 - Safety Sand Blast 60""","","IL-2568","2568","60","0.0","","2026-01-14","back_fill_from_next"
"421","2996 - SOL Ultrasafe WM560 3 of 3""","","IL-2996","2996",,"0.0","","2026-01-14","back_fill_from_next"
"422","3110- 15 MIL  SAFETYSHIELD CLEAR","","IL-3110","3110",,"0.0","","2026-01-14","back_fill_from_next"
"423","3198-3M SH7 Interior 60""","","IL-3198","3198","60","0.0","","2026-01-14","back_fill_from_next"
"424","3246 - 3M SH7 EXT 72""","","IL-3246","3246","72","0.0","","2026-01-14","back_fill_from_next"
"425","3246-3M SH7 Ext 72""- B","","IL-3246","3246","72","0.0","","2026-01-14","back_fill_from_next"
"426","3421 - 3M SH14CLARL 14 MIL 60""","","IL-3421","3421","60","0.0","","2026-01-14","back_fill_from_next"
"427","3459 - 3M SH14CLARL 14 MIL 60""","","IL-3459","3459","60","0.0","","2026-01-14","back_fill_from_next"
"428","3637 - Madico Safety Clear Ext 7 MIL 72""","","IL-3637","3637","72","0.0","","2026-01-14","back_fill_from_next"
"429","3706 - Madico CL800 60""","","IL-3706","3706","60","0.0","","2026-01-14","back_fill_from_next"
"430","3763 - 3M 7 MIL Ext SH7CLARXL 72""","","IL-3763","3763","72","0.0","","2026-01-14","back_fill_from_next"
"431","3944 - 3M Ultra S800 72""","","IL-3944","3944","72","0.0","","2026-01-14","back_fill_from_next"
"432","3945 - 3M 14 MIL SH14CLARL 60""","","IL-3945","3945","60","0.0","","2026-01-14","back_fill_from_next"
"433","M285 - 3M S800  72""","","M285","M285","72","0.0","","2026-01-14","back_fill_from_next"
"434","3978 - Madico Safetyshield 1500 15 MIL 72""","","IL-3978","3978","72","0.0","","2026-01-14","back_fill_from_next"
"435","3979 - Madico Safetyshield 1500 15 MIL 72""","","IL-3979","3979","72","0.0","","2026-01-14","back_fill_from_next"
"436","3984 - 3M S800 60""","","IL-3984","3984","60","0.0","","2026-01-14","back_fill_from_next"
"437","3985 - 3M S800 36""","","IL-3985","3985","36","0.0","","2026-01-14","back_fill_from_next"
"438","3988 - 3M SH14CLARL 14 MIL 60""","","IL-3988","3988","60","0.0","","2026-01-14","back_fill_from_next"
"439","4021 - Madico SafetyShield 1500","","IL-4021","4021",,"0.0","","2026-01-14","back_fill_from_next"
"440","2563- White Dusted Crystal Matte Solid 60"" SXJ-0550","","IL-2563","2563","60","0.0","","2026-01-14","back_fill_from_next"
"441","3049 - SX-1461 CUT GLASS BAMBOO 35""","","IL-3049","3049","35","0.0","","2026-01-14","back_fill_from_next"
"442","3062- SOL SXWF-WB White/Black Opaque 60""","","IL-3062","3062","60","0.0","","2026-01-14","back_fill_from_next"
"443","3433- Solyx SXWF-WM WHite matte 48""","","IL-3433","3433","48","0.0","","2026-01-14","back_fill_from_next"
"444","3500 - Casper Cloaking Film 48""","","IL-3500","3500","48","0.0","","2026-01-14","back_fill_from_next"
"445","3501 - Casper Cloaking Film 48""","","IL-3501","3501","48","0.0","","2026-01-14","back_fill_from_next"
"446","3727 - Solyx SXO-025 Brimestome Yellow 48""","","IL-3727","3727","48","0.0","","2026-01-14","back_fill_from_next"
"447","3728 - Solyx SXO-034 Orange 48""","","IL-3728","3728","48","0.0","","2026-01-14","back_fill_from_next"
"448","3729 - Solyx SXO-056 Ice Blue 48""","","IL-3729","3729","48","0.0","","2026-01-14","back_fill_from_next"
"449","3730 - Solyx SXO-068 Grass Green 48""","","IL-3730","3730","48","0.0","","2026-01-14","back_fill_from_next"
"450","3731 - Solyx SXP-020UV Amber 60""","","IL-3731","3731","60","0.0","","2026-01-14","back_fill_from_next"
"451","3745 - Solyx Fine Crystal Frost SX-1309","","IL-3745","3745",,"0.0","","2026-01-14","back_fill_from_next"
"452","3892 - Solyx White Stripe Vertical SXHP2411 48""","","IL-3892","3892","48","0.0","","2026-01-14","back_fill_from_next"
"453","3937 - Solyx Chicago SX9100 60""","","IL-3937","3937","60","0.0","","2026-01-14","back_fill_from_next"
"454","3958 - Solyx Clear Frost SX1301 48""","","IL-3958","3958","48","0.0","","2026-01-14","back_fill_from_next"
"455","M376 - Solyx SXWF_WMAX  60""","","M376","M376","60","0.0","","2026-01-14","back_fill_from_next"
"456","M378 - Solyx SXWF_WM  White Matt   60""","","M378","M378","60","0.0","","2026-01-14","back_fill_from_next"
"457","3968 - Solyx Frosted Stripes SXC3510 60""","","IL-3968","3968","60","0.0","","2026-01-14","back_fill_from_next"
"458","3113 - PR 70 36""","","IL-3113","3113","36","0.0","","2026-01-14","back_fill_from_next"
"460","8149 - PR  40 60""","","IL-8149","8149","60","0.0","","2026-01-14","back_fill_from_next"
"461","9126 -NV 35 72""","","IL-9126","9126","72","0.0","","2026-01-14","back_fill_from_next"
"462","3746 - 3M PR 70 60""","","IL-3746","3746","60","0.0","","2026-01-14","back_fill_from_next"
"463","3622 - 3M Low E Silver 35 72""","","IL-3622","3622","72","0.0","","2026-01-14","back_fill_from_next"
"464","3814 - 3M PR 40 48""","","IL-3814","3814","48","0.0","","2026-01-14","back_fill_from_next"
"465","3816 - 3M S70 7MIL Ext 60""","","IL-3816","3816","60","0.0","","2026-01-14","back_fill_from_next"
"466","3821 - 3M NV 15 72""","","IL-3821","3821","72","0.0","","2026-01-14","back_fill_from_next"
"467","2071 - 3M Weave Pearl SH2EMWP 50""","","IL-2071","2071","50","0.0","","2026-01-14","back_fill_from_next"
"468","2895- SAN MARINO SH2MAMM  60""","","IL-2895","2895","60","0.0","","2026-01-14","back_fill_from_next"
"469","3417 - Black Blockout 60""","","IL-3417","3417","60","0.0","","2026-01-14","back_fill_from_next"
"470","3468- SAN MARINO SH2MAMM  60""","","IL-3468","3468","60","0.0","","2026-01-14","back_fill_from_next"
"471","3596 - MILANO SH2MAML 50""","","IL-3596","3596","50","0.0","","2026-01-14","back_fill_from_next"
"472","3646 - 3M Oslo SH-2EMOS 50""","","IL-3646","3646","50","0.0","","2026-01-14","back_fill_from_next"
"473","3111 - 3M Dusted Crystal 60""","","IL-3111","3111","60","0.0","","2026-01-14","back_fill_from_next"
"474","3756 - 3M San Marino Milky Milky SH2MAMM 50""","","IL-3756","3756","50","0.0","","2026-01-14","back_fill_from_next"
"475","3852 - 3M Fabric-Sensai Linen Champagne Gold SH2CSSEC 50""","","IL-3852","3852","50","0.0","","2026-01-14","back_fill_from_next"
"476","3852 - 3M Fabric-Sensai Linen Champagne Gold SH2CSSEC 50""","","IL-3852","3852","50","0.0","","2026-01-14","back_fill_from_next"
"477","3861 - 3M Luce 50""","","IL-3861","3861","50","0.0","","2026-01-14","back_fill_from_next"
"478","3894 - 3M Gradient Sabrina SH2FGSB 50""","","IL-3894","3894","50","0.0","","2026-01-14","back_fill_from_next"
"479","2692 - SG SLATE 40  72""","","IL-2692","2692","72","0.0","","2026-01-14","back_fill_from_next"
"480","2962 - SG Slate 40 72"" (Box 1 of 2)","","IL-2962","2962","72","0.0","","2026-01-14","back_fill_from_next"
"481","2962 - SG Slate 40 72"" (Box 1 of 2)","","IL-2962","2962","72","0.0","","2026-01-14","back_fill_from_next"
"482","3660 - SG Panorama Slate 10 72""","","IL-3660","3660","72","0.0","","2026-01-14","back_fill_from_next"
"483","3551 - SG HiLite 70 72""","","IL-3551","3551","72","0.0","","2026-01-14","back_fill_from_next"
"484","3783 - SG Slate 30 (Panorama) 60""","","IL-3783","3783","60","0.0","","2026-01-14","back_fill_from_next"
"485","3801 - SG TrueVue 15 48""","","IL-3801","3801","48","0.0","","2026-01-14","back_fill_from_next"
"486","3806 - SG TrueVue 05 48""","","IL-3806","3806","48","","","2026-01-14","back_fill_from_next"
"487","3806 - SG TrueVue 05 48""","","IL-3806","3806","48","0.0","","2026-01-14","back_fill_from_next"
"488","3992 - TrueVue 05 48""","","IL-3992","3992","48","0.0","","2026-01-14","back_fill_from_next"
"489","3993 - TrueVue 05 48""","","IL-3993","3993","48","0.0","","2026-01-14","back_fill_from_next"
"490","3994 - TrueVue 05 60""","","IL-3994","3994","60","0.0","","2026-01-14","back_fill_from_next"
"491","3995 - TrueVue 05 60""","","IL-3995","3995","60","0.0","","2026-01-14","back_fill_from_next"
"492","2132 - Gloss Black Vinyl 48""","","IL-2132","2132","48","0.0","","2026-01-14","back_fill_from_next"
"493","2152 - Black Gloss Opaque VINYL 60""","","IL-2152","2152","60","0.0","","2026-01-14","back_fill_from_next"
"494","2361 - 3M Dark Gray 7725-41 48""","","IL-2361","2361","48","0.0","","2026-01-14","back_fill_from_next"
"495","2361- DARK GRAY 7725-4148","","IL-2361","2361",,"0.0","","2026-01-14","back_fill_from_next"
"496","2578- 651 High Gloss series","","IL-2578","2578",,"0.0","","2026-01-14","back_fill_from_next"
"497","3417- 3M BLACK BLOCK OUT GLOSSY 60""","","IL-3417","3417","60","0.0","","2026-01-14","back_fill_from_next"
"498","3457- DUAL MOTION GRADIENT","","IL-3457","3457",,"0.0","","2026-01-14","back_fill_from_next"
"499","4031 - 3M PR 70 60""","","IL-4031","4031","60","0.0","","2026-01-14","back_fill_from_next"
"500","3975 - 3M S800 36""","","IL-3975","3975","36","0.0","","2026-01-14","back_fill_from_next"
"501","3792 - Llumar Frost NRM PS2 60""","","IL-3792","3792","60","0.0","","2026-01-14","back_fill_from_next"
"504","4041 - Llumar Frost NPM PS2 60""","","IL-4041","4041","60","0.0","","2026-01-14","back_fill_from_next"
"505","4051- LLumar Frost PS2 48""","","IL-4051","4051","48","0.0","","2026-01-14","back_fill_from_next"
"506","3957 - Llumar Frost NRM PS2 48""","","IL-3957","3957","48","0.0","","2026-01-14","back_fill_from_next"
"507","4053 - LLumar Frost PS2 48""","","IL-4053","4053","48","0.0","","2026-01-14","back_fill_from_next"
"508","4054-  LLumar Frost PS2 48""","","IL-4054","4054","48","0.0","","2026-01-14","back_fill_from_next"
"509","4052-  LLumar Frost PS2 48""","","IL-4052","4052","48","0.0","","2026-01-14","back_fill_from_next"
"510","3854 - Llumar Frost NRM PS2 72""","","IL-3854","3854","72","0.0","","2026-01-14","back_fill_from_next"
"511","2713- HT LITE 70  48""","","IL-2713","2713","48","0.0","","2026-01-14","back_fill_from_next"
"512","3838 - SG TrueVue 05 48""","","IL-3838","3838","48","0.0","","2026-01-14","back_fill_from_next"
"513","3804 - SG TrueVue 05 60""","","IL-3804","3804","60","0.0","","2026-01-14","back_fill_from_next"
"514","3911 - 3M Fasara Milky Crystal SHMLRX 50","","IL-3911","3911",,"0.0","","2026-01-14","back_fill_from_next"
"515","4076 - 3M PR 20 EXT. 60""","","IL-4076","4076","60","0.0","","2026-01-14","back_fill_from_next"
"516","M286 - Security 3M ULTRA S800 72""","B131323955","M286","M286","72","0.0","","2026-01-14","back_fill_from_next"
"517","4028 - 3M Ultra S800 72""","C235324385","IL-4028","4028","72","0.0","","2026-01-14","back_fill_from_next"
"518","3945 - 3M 14 MIL SH14CLARL 60""","212F6197N","IL-3945","3945","60","0.0","","2026-01-14","back_fill_from_next"
"519","3767 - SG Silver 20 HC 48""","5.411494064E9","IL-3767","3767","48","0.0","","2026-01-14","back_fill_from_next"
"520","3768 - SG Silver 20 HC 48""","5.416629015E9","IL-3768","3768","48","0.0","","2026-01-14","back_fill_from_next"
"521","4078 - 3M SH14CLARL 60""","212F","IL-4078","4078","60","0.0","","2026-01-14","back_fill_from_next"
"522","4079 - 3M SH14CLARL 60""","212F","IL-4079","4079","60","0.0","","2026-01-14","back_fill_from_next"
"523","3938 - Vista V-33 72""","","IL-3938","3938","72","0.0","","2026-01-14","back_fill_from_next"
"524","3800 - SG TrueVue 05 48""","","IL-3800","3800","48","0.0","","2026-01-14","back_fill_from_next"
"525","3103 - Madico SS 800 72""","2.110733023E9","IL-3103","3103","72","0.0","","2026-01-14","back_fill_from_next"
"526","5002 - SG Panorama Slate 10 60""","5.423040068E9","IL-5002","5002","60","0.0","","2026-01-14","back_fill_from_next"
"527","5011 - 3M Fasara Frost Matte Crystal SH2MACR-1 60""","3.4262436E7","IL-5011","5011","60","0.0","","2026-01-14","back_fill_from_next"
"528","3451- FEATHER FRIENDLY HARMONY  36""","","IL-3451","3451","36","0.0","","2026-01-14","back_fill_from_next"
"529","5013 - 3M S140 14MIL SH14CLARL 60""","212F","IL-5013","5013","60","0.0","","2026-01-14","back_fill_from_next"
"530","5014 - 3M S140 14MIL SH14CLARL 60""","212F","IL-5014","5014","60","0.0","","2026-01-14","back_fill_from_next"
"531","5015 - 3M S140 14MIL SH14CLARL 60""","212F","IL-5015","5015","60","0.0","","2026-01-14","back_fill_from_next"
"532","5018 - 3M S140 14MIL SH14CLARL 60""","212F","IL-5018","5018","60","0.0","","2026-01-14","back_fill_from_next"
"533","5035 - 3M S140 SH14CLARL 60""","212F","IL-5035","5035","60","0.0","","2026-01-14","back_fill_from_next"
"534","5036 - 3M S140 SH14CLARL 60""","212E","IL-5036","5036","60","0.0","","2026-01-14","back_fill_from_next"
"535","5037 - 3M S140 SH14CLARL 60""","212E","IL-5037","5037","60","0.0","","2026-01-14","back_fill_from_next"
"536","3826 - Fellers Oracale 651 Black Matte Vinyl 48""","","IL-3826","3826","48","0.0","","2026-01-14","back_fill_from_next"
"537","2714- HT LITE 70  60""","","IL-2714","2714","60","0.0","","2026-01-14","back_fill_from_next"
"538","3586 - 3M Matte Crystal SH2MACR1 50""","","IL-3586","3586","50","0.0","","2026-01-14","back_fill_from_next"
"539","4006 - 3M Frosted Crystal 7725-324 48""","","IL-4006","4006","48","0.0","","2026-01-14","back_fill_from_next"
"540","3939 - 3M PR 50 36""","","IL-3939","3939","36","0.0","","2026-01-14","back_fill_from_next"
"541","3861 - Solyx Whiteout SXWF-WO 60""","","IL-3861","3861","60","0.0","","2026-01-14","back_fill_from_next"
"542","5113 - Llumar 100% Whiteout 60""","","IL-5113","5113","60","0.0","","2026-01-14","back_fill_from_next"
"543","M417 - 3M Fasara Milano 50""","","M417","M417","50","0.0","","2026-01-14","back_fill_from_next"
"544","4064-  LLumar 100% White Out 60""","","IL-4064","4064","60","0.0","","2026-01-14","back_fill_from_next"
"545","5112 - Llumar 100% Whiteout 60""","","IL-5112","5112","60","0.0","","2026-01-14","back_fill_from_next"
"546","5045 - 3M PR 50 48""","","IL-5045","5045","48","0.0","","2026-01-14","back_fill_from_next"
"547","3941 - 3M Ultra S800 72""","","IL-3941","3941","72","0.0","","2026-01-14","back_fill_from_next"
"548","5031 - Madico Safetyshield 800 Optivision 15 72""","","IL-5031","5031","72","0.0","","2026-01-14","back_fill_from_next"
"549","5125 - Madico Safetyshield 1500 60""","","IL-5125","5125","60","0.0","","2026-01-14","back_fill_from_next"
"550","3349 - SG SLATE 10 (PANORAMA) 36""","","IL-3349","3349","36","0.0","","2026-01-14","back_fill_from_next"
"551","3080 - PR 60 60""","","IL-3080","3080","60","0.0","","2026-01-14","back_fill_from_next"
"552","3738 - 3M PR 60 72""","","IL-3738","3738","72","0.0","","2026-01-14","back_fill_from_next"
"553","3905 - 3M PR 70 Ext 72""","","IL-3905","3905","72","0.0","","2026-01-14","back_fill_from_next"
"554","5131 - SG Truevue 05 48""","","IL-5131","5131","48","0.0","","2026-01-14","back_fill_from_next"
"555","5146 - 3M Ultra NV 25 60""","D114324509","IL-5146","5146","60","0.0","","2026-01-14","back_fill_from_next"
"556","5062 - 3M S140 SH14CLARL 60""","232C","IL-5062","5062","60","0.0","","2026-01-14","back_fill_from_next"
"557","5119 - 3M Fasara Frost Milano Milky White SH2MAML 50""","3Q4Q4","IL-5119","5119","50","0.0","","2026-01-14","back_fill_from_next"
"558","3126- 3M Dusted Crystal 48"" (1 of 2)","G2109204","IL-3126","3126","48","0.0","","2026-01-14","back_fill_from_next"
"559","5252 - 3M Fasara Frost Milano Milky White SH2MAML 60""","","IL-5252","5252","60","0.0","","2026-01-14","back_fill_from_next"
"560","5080 - 3M PR 40 EXT 60""","D037324459","IL-5080","5080","60","0.0","","2026-01-14","back_fill_from_next"
"561","5149 - 3M Ultra S800 72""","D170324550","IL-5149","5149","72","0.0","","2026-01-14","back_fill_from_next"
"562","5150 - 3M Ultra S800 72""","D170324550","IL-5150","5150","72","0.0","","2026-01-14","back_fill_from_next"
"563","5151 - 3M Ultra S800 72""","D170324550","IL-5151","5151","72","0.0","","2026-01-14","back_fill_from_next"
"564","5152 - 3M Ultra S800 72""","D170324550","IL-5152","5152","72","0.0","","2026-01-14","back_fill_from_next"
"565","4069- 3M ULTRA S800 72""","C237324387","IL-4069","4069","72","0.0","","2026-01-14","back_fill_from_next"
"566","5166 - 3M Ultra S800 60""","D167324549","IL-5166","5166","60","0.0","","2026-01-14","back_fill_from_next"
"567","5207 - 3M 7125 Dark Grey 41 48""","102130.0","IL-5207","5207","48","0.0","","2026-01-14","back_fill_from_next"
"568","5208 - 3M 7125 Dark Grey 41 48""","102130.0","IL-5208","5208","48","0.0","","2026-01-14","back_fill_from_next"
"569","5144 - Madico Safetyshield 1500 60""","2.314530132E9","IL-5144","5144","60","0.0","","2026-01-14","back_fill_from_next"
"570","5038 - 3M Fasara Frost Opaque White SH2MAOW 50""","104464184A","IL-5038","5038","50","0.0","","2026-01-14","back_fill_from_next"
"571","5165 - 3M Ultra S800 72""","D165324547","IL-5165","5165","72","0.0","","2026-01-14","back_fill_from_next"
"572","5172 - 3M Ultra S800 72""","D167324549","IL-5172","5172","72","0.0","","2026-01-14","back_fill_from_next"
"573","3740 - 3M S800   72""","","IL-3740","3740","72","0.0","","2026-01-14","back_fill_from_next"
"574","5211 - Madico Safetyshield 1500 60""","2.315030073E9","IL-5211","5211","60","","","2026-01-14","back_fill_from_next"
"575","2758 - SXWF-WO Whiteout 72""","","IL-2758","2758","72","0.0","","2026-01-14","back_fill_from_next"
"576","3809 - Solyx White Sand Matte SX1409 48""","","IL-3809","3809","48","0.0","","2026-01-14","back_fill_from_next"
"577","4098 - Solyx SXHP-2411 Vertical Stripes 48""","","IL-4098","4098","48","0.0","","2026-01-14","back_fill_from_next"
"578","3585 - Sol White Sand Matte SX1409 48""","","IL-3585","3585","48","0.0","","2026-01-14","back_fill_from_next"
"579","3364 - SOL TRANSPARENT WHITE MATTE SXWF-TWM 36""","","IL-3364","3364","36","0.0","","2026-01-14","back_fill_from_next"
"580","3983 - Llumar RN07 Reflective One Way Mirror 48""","","IL-3983","3983","48","0.0","","2026-01-14","back_fill_from_next"
"581","3795 - 3M NV 35 60""","","IL-3795","3795","60","0.0","","2026-01-14","back_fill_from_next"
"582","3952 - Solyx White Dots 1/8"" SXD-1818 48""","","IL-3952","3952","48","0.0","","2026-01-14","back_fill_from_next"
"583","2419 - DOW 799 CORNING SILICONE","","IL-2419","2419",,"0.0","","2026-01-14","back_fill_from_next"
"584","5164 - 3M Ultra S800 72""","D174324554","IL-5164","5164","72","0.0","","2026-01-14","back_fill_from_next"
"585","5171 - 3M Ultra S800 60""","D167324549","IL-5171","5171","60","0.0","","2026-01-14","back_fill_from_next"
"586","5261 - 3M Ultra S800 60""","D167324549","IL-5261","5261","60","0.0","","2026-01-14","back_fill_from_next"
"587","3758 - 3M  PR 70 Exterior  72""","","IL-3758","3758","72","0.0","","2026-01-14","back_fill_from_next"
"588","3817 - 3M NV 15 48""","C222324376","IL-3817","3817","48","","","2026-01-14","back_fill_from_next"
"589","3818 - 3M NV 15 48""","C224324378","IL-3818","3818","48","","","2026-01-14","back_fill_from_next"
"590","3590 - Llumar Frost NRM PS2 60""","41f026","IL-3590","3590","60","","","2026-01-14","back_fill_from_next"
"591","2594 - Opaque White SH2MAOW","","IL-2594","2594",,"0.0","","2026-01-14","back_fill_from_next"
"592","3521 - 3M Matte Crystal SH2MACR1 50""","","IL-3521","3521","50","0.0","","2026-01-14","back_fill_from_next"
"593","3452- FEATHER FRIENDLY HARMONY 36""","","IL-3452","3452","36","0.0","","2026-01-14","back_fill_from_next"
"594","3547 - 3M Luce SH2FGLU 50"" 1 of 2","1.0420955E7","IL-3547","3547","50","","","2026-01-14","back_fill_from_next"
"595","5039 - Feather Friendly Horizon 36""","","IL-5039","5039","36","0.0","","2026-01-14","back_fill_from_next"
"596","5040 - Feather Friendly Horizon 36""","","IL-5040","5040","36","0.0","","2026-01-14","back_fill_from_next"
"597","5041 - Feather Friendly Horizon 36""","","IL-5041","5041","36","0.0","","2026-01-14","back_fill_from_next"
"598","3659 - SG Panorama Slate 40 72""","5.397677055E9","IL-3659","3659","72","","","2026-01-14","back_fill_from_next"
"599","3803 - SG TrueVue 15 60""","","IL-3803","3803","60","0.0","","2026-01-14","back_fill_from_next"
"600","2970 - Solyx White Matte 24""/36""","","IL-2970","2970","24","0.0","","2026-01-14","back_fill_from_next"
"601","5267 - Madico Safetyshield 1500 60""","2.315030061E9","IL-5267","5267","60","0.0","","2026-01-14","back_fill_from_next"
"602","5273 - Madico Safetyshield 1500 60""","2.315030059E9","IL-5273","5273","60","0.0","","2026-01-14","back_fill_from_next"
"603","5270 - Madico Safetyshield 1500 60""","2.315030058E9","IL-5270","5270","60","0.0","","2026-01-14","back_fill_from_next"
"604","5272 - Madico Safetyshield 1500 60""","2.31503006E9","IL-5272","5272","60","0.0","","2026-01-14","back_fill_from_next"
"605","5268 - Madico Safetyshield 1500 60""","2.315030056E9","IL-5268","5268","60","0.0","","2026-01-14","back_fill_from_next"
"606","5274 - Madico Safetyshield 1500 60""","2.315030055E9","IL-5274","5274","60","0.0","","2026-01-14","back_fill_from_next"
"607","5275 - Madico Safetyshield 1500 72""","2.315630316E9","IL-5275","5275","72","0.0","","2026-01-14","back_fill_from_next"
"608","3661 - SG TrueVue 30 48""","5.414435003E9","IL-3661","3661","48","0.0","","2026-01-14","back_fill_from_next"
"609","3174 - 3M Oslo SH2EMOS 50""","SC-10C015","IL-3174","3174","50","0.0","","2026-01-14","back_fill_from_next"
"610","4011 - SG TrueVue 05 72""","","IL-4011","4011","72","0.0","","2026-01-14","back_fill_from_next"
"611","5182 - Madico Safetyshield 800 60""","2.315033018E9","IL-5182","5182","60","0.0","","2026-01-14","back_fill_from_next"
"612","3808 - Madico SafetyShield 800 8 MIL 48""","","IL-3808","3808","48","0.0","","2026-01-14","back_fill_from_next"
"613","2869 - Safetyshield 800 60""","2.021832028E9","IL-2869","2869","60","0.0","","2026-01-14","back_fill_from_next"
"614","3757 - 3M PRX 70 EXTERIOR  72""","B326324175","IL-3757","3757","72","0.0","","2026-01-14","back_fill_from_next"
"615","3328 - SPECTRUM BLACK CAULK","","IL-3328","3328",,"0.0","","2026-01-14","back_fill_from_next"
"616","3408 - 3M IPA WHITE CAULK","","IL-3408","3408",,"0.0","","2026-01-14","back_fill_from_next"
"617","3502-   3M  Bronze Caulk","","IL-3502","3502",,"0.0","","2026-01-14","back_fill_from_next"
"618","3503A-   3M  Bronze Caulk","","IL-3503A","3503A",,"0.0","","2026-01-14","back_fill_from_next"
"619","3505-  3M  Bronze Caulk","","IL-3505","3505",,"0.0","","2026-01-14","back_fill_from_next"
"620","3604 - 3M IPA White Caulk","","IL-3604","3604",,"0.0","","2026-01-14","back_fill_from_next"
"621","3613 - 3M White IPA Caulk","","IL-3613","3613",,"0.0","","2026-01-14","back_fill_from_next"
"622","3959 - Coastal Dow 995 Black","","IL-3959","3959",,"0.0","","2026-01-14","back_fill_from_next"
"623","3960 - 3M IPA Caulk Black","","IL-3960","3960",,"0.0","","2026-01-14","back_fill_from_next"
"624","3977 - 3M Black IPA Caulk","","IL-3977","3977",,"0.0","","2026-01-14","back_fill_from_next"
"625","3990 - 3M Black IPA Caulk","","IL-3990","3990",,"0.0","","2026-01-14","back_fill_from_next"
"626","3947 - 3M Black IPA Caulk","","IL-3947","3947",,"0.0","","2026-01-14","back_fill_from_next"
"627","5017 - DOW 795 Black","","IL-5017","5017",,"0.0","","2026-01-14","back_fill_from_next"
"628","5266 - 3M IPA Black","","IL-5266","5266",,"0.0","","2026-01-14","back_fill_from_next"
"629","5292 - Oracal 751 Silver Metallic 48""","","IL-5292","5292","48","0.0","","2026-01-14","back_fill_from_next"
"630","3936 - Solyx White Dusted Matt Solid SXJ0550 60""","","IL-3936","3936","60","0.0","","2026-01-14","back_fill_from_next"
"631","5173 - Madico Safetyshield 800 48""","2.315033027E9","IL-5173","5173","48","0.0","","2026-01-14","back_fill_from_next"
"632","5250 - 3M Ultra S800 72""","D165324547","IL-5250","5250","72","0.0","","2026-01-14","back_fill_from_next"
"633","5248 - 3M Ultra S800 72""","D165324547","IL-5248","5248","72","0.0","","2026-01-14","back_fill_from_next"
"634","3414- SXL-1017 FINE BRUSHED 60""","","IL-3414","3414","60","0.0","","2026-01-14","back_fill_from_next"
"635","4082 - Llumar RN 07 Refl. One Way Mirror 60""","463C018","IL-4082","4082","60","0.0","","2026-01-14","back_fill_from_next"
"636","5307 - 3M Ultra S800 60""","D167324549","IL-5307","5307","60","0.0","","2026-01-14","back_fill_from_next"
"637","2343 - SOL SXGF-0500 Clear Frosted Safety Film 54""","","IL-2343","2343","54","0.0","","2026-01-14","back_fill_from_next"
"638","3503 - Solyx SXGF-0500 54""","","IL-3503","3503","54","0.0","","2026-01-14","back_fill_from_next"
"639","5335 - Oracal 751 Silver Metallic 48""","","IL-5335","5335","48","0.0","","2026-01-14","back_fill_from_next"
"640","3069 - SXJ-0546 ORGANIC COTTON GRASS 71""  GRADIANT","","IL-3069","3069","71","0.0","","2026-01-14","back_fill_from_next"
"641","5012 - Solyx Organic Cotton Gradient SXJ0546 71""","","IL-5012","5012","71","0.0","","2026-01-14","back_fill_from_next"
"642","5178 - Madico Clear 7 Mil EXT CL700E 60""","2.31653405E9","IL-5178","5178","60","0.0","","2026-01-14","back_fill_from_next"
"643","5353 - Madico Safetyshield 1500 72""","2.315730115E9","IL-5353","5353","72","0.0","","2026-01-14","back_fill_from_next"
"644","3839 - SG Slate 30 60""","","IL-3839","3839","60","0.0","","2026-01-14","back_fill_from_next"
"645","5377 - Madico Safetyshield 800 60""","2.315033025E9","IL-5377","5377","60","0.0","","2026-01-14","back_fill_from_next"
"646","5286 - Madico Safetyshield 800 60""","2.315033023E9","IL-5286","5286","60","0.0","","2026-01-14","back_fill_from_next"
"647","5423 - 3M PR 50 48""","D143324531","IL-5423","5423","48","0.0","","2026-01-14","back_fill_from_next"
"648","5375 - 3M Fasara Luce SH2FGLU 50""","105527736B","IL-5375","5375","50","0.0","","2026-01-14","back_fill_from_next"
"649","5406 - Llumar White NRMW PS3 60""","462H002P18","IL-5406","5406","60","0.0","","2026-01-14","back_fill_from_next"
"650","5126 - Madico Safetyshield 1500 72""","","IL-5126","5126","72","0.0","","2026-01-14","back_fill_from_next"
"651","5145 - Madico Safetyshield 1500 72""","2.315630378E9","IL-5145","5145","72","0.0","","2026-01-14","back_fill_from_next"
"652","5364 - SG Truevue 05 72""","5.423310002E9","IL-5364","5364","72","0.0","","2026-01-14","back_fill_from_next"
"653","5361 - SG Truevue 05 60""","5.42571104E9","IL-5361","5361","60","0.0","","2026-01-14","back_fill_from_next"
"654","5116 - 3M Fasara Frost Fine Crystal SH2FNCR 50""","1.0487725E8","IL-5116","5116","50","0.0","","2026-01-14","back_fill_from_next"
"655","5157 - 3M PR 70 60""","324453.0","IL-5157","5157","60","0.0","","2026-01-14","back_fill_from_next"
"656","5276 - 3M PR 70 60""","D139324529","IL-5276","5276","60","0.0","","2026-01-14","back_fill_from_next"
"657","5083 - Madico 12 Mil Frost Matte 60""","2.314239015E9","IL-5083","5083","60","","","2026-01-14","back_fill_from_next"
"658","5418 - SG Slate 40 60""","5.427153038E9","IL-5418","5418","60","","","2026-01-14","back_fill_from_next"
"659","5179 - Madico Clear 7 Mil EXT CL700E 72""","2.316534053E9","IL-5179","5179","72","","","2026-01-14","back_fill_from_next"
"660","5034 - Madico Clear EXT. 7MIL CL700E 72""","2.236234015E9","IL-5034","5034","72","","","2026-01-14","back_fill_from_next"
"661","5127 - Madico Safetyshield 1500 60""","2.314530018E9","IL-5127","5127","60","","","2026-01-14","back_fill_from_next"
"662","5051 - Madico Safetyshield 1500 72""","2.308234039E9","IL-5051","5051","72","","","2026-01-14","back_fill_from_next"
"663","5337 - 3M Fasara Black Blockout Matte 3635-22B 48""","M2322403","IL-5337","5337","48","","","2026-01-14","back_fill_from_next"
"664","5443 - 3M Fasara Black Blockout Matte 3635-22B 48""","M2317803","IL-5443","5443","48","","","2026-01-14","back_fill_from_next"
"665","5444 - 3M Fasara Black Blockout Matte 3635-22B 48""","M2306702","IL-5444","5444","48","","","2026-01-14","back_fill_from_next"
"666","5348 - 3M Fasara Black Blockout Matte 3635-22B 48""","","IL-5348","5348","48","","","2026-01-14","back_fill_from_next"
"667","5019 - 3M PR 20 EXT. 60""","","IL-5019","5019","60","","","2026-01-14","back_fill_from_next"
"668","5290 - 3M NV 15 72""","D199324571","IL-5290","5290","72","","","2026-01-14","back_fill_from_next"
"669","5109 - 3M NV 15 72""","D108324505","IL-5109","5109","72","","","2026-01-14","back_fill_from_next"
"670","5092 - 3M PR 50 60""","D032324456","IL-5092","5092","60","","","2026-01-14","back_fill_from_next"
"671","5678 - Solar Graphics Amber 2400 60""","","IL-5678","5678","60","","","2026-01-14","back_fill_from_next"
"672","5066 - 3M S140 SH14CLARL 60""","232C","IL-5066","5066","60","","","2026-01-14","back_fill_from_next"
"673","5365 - 3M Fasara Frosted Crystal 7725-324 48""","","IL-5365","5365","48","","","2026-01-14","back_fill_from_next"
"674","5449 - 3M Fasara Frosted Crystal 7725-324 48""","127290.0","IL-5449","5449","48","","","2026-01-14","back_fill_from_next"
"675","5672 - 3M Fasara Frosted Crystal 7725-324 48""","127290.0","IL-5672","5672","48","","","2026-01-14","back_fill_from_next"
"676","3444 - PRX 40 EXT 72""","","IL-3444","3444","72","","","2026-01-14","back_fill_from_next"
"677","5415 - Madico Safetyshield 800 60""","","IL-5415","5415","60","","","2026-01-14","back_fill_from_next"
"678","4044 - 3M Anti Graffiti AG-4 60""","","IL-4044","4044","60","","","2026-01-14","back_fill_from_next"
"679","5411 - Solar Graphics Amber 2400 60""","","IL-5411","5411","60","","","2026-01-14","back_fill_from_next"
"680","3147 - 3M Anti Graffiti-4 60""","200821.0","IL-3147","3147","60","","","2026-01-14","back_fill_from_next"
"681","5446 - 3M Fasara Border Paracell Horizontal SH2FGPR 50""","NO17C034","IL-5446","5446","50","","","2026-01-14","back_fill_from_next"
"682","5350 - Madico Safetyshield 1500 72""","2.315730118E9","IL-5350","5350","72","","","2026-01-14","back_fill_from_next"
"683","5352 - Madico Safetyshield 1500 72""","2.315730116E9","IL-5352","5352","72","","","2026-01-14","back_fill_from_next"
"684","5283 - Madico Clear 7 Mil EXT CL700E 60""","2.31653405E9","IL-5283","5283","60","","","2026-01-14","back_fill_from_next"
"685","5148 - 3M Ultra S800 60""","D074324481","IL-5148","5148","60","","","2026-01-14","back_fill_from_next"
"686","5129 - Madico Safetyshield 800 48""","2.315033024E9","IL-5129","5129","48","","","2026-01-14","back_fill_from_next"
"687","5138 - Madico Safetyshield 800 48""","2.315033024E9","IL-5138","5138","48","","","2026-01-14","back_fill_from_next"
"688","3445 - PR 40 EXT 72""","B231324062","IL-3445","3445","72","","","2026-01-14","back_fill_from_next"
"689","5033 - Madico Safetyshield 1500 72""","2.309330225E9","IL-5033","5033","72","","","2026-01-14","back_fill_from_next"
"690","5723 - Llumar Frost NRM PS2 72""","453L053","IL-5723","5723","72","","","2026-01-14","back_fill_from_next"
"691","5724 - Llumar Frost NRM PS2 72""","453L053","IL-5724","5724","72","","","2026-01-14","back_fill_from_next"
"692","5727 - Llumar Frost NRM PS2 72""","453L053","IL-5727","5727","72","","","2026-01-14","back_fill_from_next"
"693","5671 - 3M PR 50 60""","D143324531","IL-5671","5671","60","","","2026-01-14","back_fill_from_next"
"694","5309 - 3M Ultra S800 72""","D164324546","IL-5309","5309","72","","","2026-01-14","back_fill_from_next"
"695","5168 - 3M Ultra S800 72""","D166324548","IL-5168","5168","72","","","2026-01-14","back_fill_from_next"
"696","5374 - 3M PR 50 72""","","IL-5374","5374","72","","","2026-01-14","back_fill_from_next"
"697","5451 - 3M Fasara Dusted Crystal 7725-314 48""","G2321401 - JOB 7360","IL-5451","5451","48","","","2026-01-14","back_fill_from_next"
"698","5779 - SG Truevue 15 72""","5.428811032E9","IL-5779","5779","72","","","2026-01-14","back_fill_from_next"
"699","5279 - Llumar DR 15 9 Mil 72""","D778915P08","IL-5279","5279","72","","","2026-01-14","back_fill_from_next"
"700","5696 - 3M Black Electrocut 7725-12 48""","125022.0","IL-5696","5696","48","","","2026-01-14","back_fill_from_next"
"701","5777 - 3M Anti Graffiti AG-6 60""","220810E08","IL-5777","5777","60","","","2026-01-14","back_fill_from_next"
"702","5728 - 3M S140 SH14CLARL 60""","232G","IL-5728","5728","60","jOB 15225","","2026-01-14","back_fill_from_next"
"703","5729 - 3M S140 SH14CLARL 60""","232G","IL-5729","5729","60","","","2026-01-14","back_fill_from_next"
"704","5343 - 3M S140 SH14CLARL 60""","232G","IL-5343","5343","60","","","2026-01-14","back_fill_from_next"
"705","5346 - 3M S140 SH14CLARL 60""","232G","IL-5346","5346","60","","","2026-01-14","back_fill_from_next"
"706","5341 - 3M S140 SH14CLARL 60""","232G","IL-5341","5341","60","","","2026-01-14","back_fill_from_next"
"707","5342 - 3M S140 SH14CLARL 60""","232G","IL-5342","5342","60","","","2026-01-14","back_fill_from_next"
"708","5344 - 3M S140 SH14CLARL 60""","232G","IL-5344","5344","60","","","2026-01-14","back_fill_from_next"
"709","5345 - 3M S140 SH14CLARL 60""","232G","IL-5345","5345","60","","","2026-01-14","back_fill_from_next"
"710","5347 - 3M S140 SH14CLARL 60""","232G","IL-5347","5347","60","","","2026-01-14","back_fill_from_next"
"711","5262 - 3M Ultra S800 60""","D167324549","IL-5262","5262","60","","","2026-01-14","back_fill_from_next"
"712","5265 - 3M Ultra S800 60""","D167324549","IL-5265","5265","60","","","2026-01-14","back_fill_from_next"
"713","5210 - Madico Safetyshield 1500 60""","2.315030062E9","IL-5210","5210","60","","","2026-01-14","back_fill_from_next"
"714","5680 - 3M S70 EXT 60""","D100324499","IL-5680","5680","60","","","2026-01-14","back_fill_from_next"
"715","5682 - 3M S70 EXT 72""","D135324525","IL-5682","5682","72","","","2026-01-14","back_fill_from_next"
"716","5685 - 3M S70 EXT 72""","D135324525","IL-5685","5685","72","","","2026-01-14","back_fill_from_next"
"717","5703 - 3M S70 EXT 72""","D135324525","IL-5703","5703","72","","","2026-01-14","back_fill_from_next"
"718","5351 - Madico Safetyshield 1500 72""","2.315730117E9","IL-5351","5351","72","","","2026-01-14","back_fill_from_next"
"719","5754 - Madico Safetyshield 1500 60""","2.33333014E9","IL-5754","5754","60","","","2026-01-14","back_fill_from_next"
"720","5788 - Madico Safetyshield 1500 60""","2.334730329E9","IL-5788","5788","60","","","2026-01-14","back_fill_from_next"
"721","5451 - 3M Fasara Dusted Crystal 7725-314 48""","G2321401","IL-5451","5451","48","","","2026-01-14","back_fill_from_next"
"722","3840 - 3M San Marino SH2MAMM 60""","","IL-3840","3840","60","","","2026-01-14","back_fill_from_next"
"723","5386 - 3M PR 40 EXT 72""","D060324475","IL-5386","5386","72","","","2026-01-14","back_fill_from_next"
"724","5384 - 3M PR 40 EXT 72""","D060324475","IL-5384","5384","72","","","2026-01-14","back_fill_from_next"
"725","5245 - 3M PR 40 EXT 60""","D088324490","IL-5245","5245","60","","","2026-01-14","back_fill_from_next"
"726","5407 - Madico Safety Clear 4 Mil CL400 48""","2.321434055E9","IL-5407","5407","48","","","2026-01-14","back_fill_from_next"
"727","5408 - Madico Safety Clear 4 Mil CL400 48""","2.321434055E9","IL-5408","5408","48","","","2026-01-14","back_fill_from_next"
"728","5409 - Madico Safety Clear 4 Mil CL400 60""","2.236134019E9","IL-5409","5409","60","","","2026-01-14","back_fill_from_next"
"729","5410 - Madico Safety Clear 4 Mil CL400 60""","2.236134019E9","IL-5410","5410","60","","","2026-01-14","back_fill_from_next"
"730","5681 - 3M S70 EXT 60""","D100324499","IL-5681","5681","60","","","2026-01-14","back_fill_from_next"
"731","3611 - 3M UltraS800 72""","B207324026","IL-3611","3611","72","","","2026-01-14","back_fill_from_next"
"732","5254 - 3M Fasara Frost Milano Milky White SH2MAML 60""","","IL-5254","5254","60","","","2026-01-14","back_fill_from_next"
"733","2733 - Reed Glass SX-1254 BOX 1/2","","IL-2733","2733",,"","","2026-01-14","back_fill_from_next"
"734","5686 - 3M S140 SH14CLARL 60""","232G","IL-5686","5686","60","","","2026-01-14","back_fill_from_next"
"735","5796 - 3M Black Electrocut 7725-12 48""","143682.0","IL-5796","5796","48","","","2026-01-14","back_fill_from_next"
"736","5731 - 3M Ultra S800 60""","D174324554","IL-5731","5731","60","","","2026-01-14","back_fill_from_next"
"737","5768 - Madico Graffitti Free 6Mil 600PS 60""","2.332530351E9","IL-5768","5768","60","","","2026-01-14","back_fill_from_next"
"738","5769 - Madico Graffitti Free 6Mil 600PS 60""","2.332530343E9","IL-5769","5769","60","","","2026-01-14","back_fill_from_next"
"739","2061 - 3M Tram Duranod IL 48""","","IL-2061","2061","48","","","2026-01-14","back_fill_from_next"
"740","5690 - 3M NV 35 36""","C262324407","IL-5690","5690","36","","","2026-01-14","back_fill_from_next"
"741","5699 - 3M NV 35 48""","C219324374","IL-5699","5699","48","","","2026-01-14","back_fill_from_next"
"742","5197 - 3M NV 35 60""","D115324510","IL-5197","5197","60","","","2026-01-14","back_fill_from_next"
"743","5089 - 3M NV 35 36""","C034324223","IL-5089","5089","36","","","2026-01-14","back_fill_from_next"
"744","3561 - SOL Dark Gray Sandblast SXB-73 48""","","IL-3561","3561","48","","","2026-01-14","back_fill_from_next"
"745","5735 - SG Truevue 05 48""","5.428770089E9","IL-5735","5735","48","","","2026-01-14","back_fill_from_next"
"746","5396 - Madico Safetyshield 800 60""","2.324430196E9","IL-5396","5396","60","","","2026-01-14","back_fill_from_next"
"747","5765 - Solyx Dual Cloud Gradient SXJ0579 60""","","IL-5765","5765","60","","","2026-01-14","back_fill_from_next"
"748","5766 - Solyx Dual Cloud Gradient SXJ0579 60""","","IL-5766","5766","60","","","2026-01-14","back_fill_from_next"
"749","5767 - Solyx Dual Cloud Gradient SXJ0579 60""","","IL-5767","5767","60","","","2026-01-14","back_fill_from_next"
"750","5132 - Madico Safetyshield 800 72""","2.308033023E9","IL-5132","5132","72","","","2026-01-14","back_fill_from_next"
"751","5143 - Madico Safetyshield 1500 60""","2.314530197E9","IL-5143","5143","60","","","2026-01-14","back_fill_from_next"
"752","5269 - Madico Safetyshield 1500 60""","2.314630189E9","IL-5269","5269","60","","","2026-01-14","back_fill_from_next"
"753","5783 - 3M Ultra S800 60""","D174324554","IL-5783","5783","60","","","2026-01-14","back_fill_from_next"
"754","5784 - 3M Ultra S800 60""","D174324554","IL-5784","5784","60","","","2026-01-14","back_fill_from_next"
"755","5184 - Madico Safetyshield 800 72""","2.308033023E9","IL-5184","5184","72","","","2026-01-14","back_fill_from_next"
"756","5708 - Madico Safetyshield 800 72""","2.327130405E9","IL-5708","5708","72","","","2026-01-14","back_fill_from_next"
"757","5140 - Madico Safetyshield 800 60""","2.315033029E9","IL-5140","5140","60","","","2026-01-14","back_fill_from_next"
"758","4017 - 3M Affinity 15 60""","","IL-4017","4017","60","","","2026-01-14","back_fill_from_next"
"759","3132 - SG Slate 30 48""","5.406807042E9","IL-3132","3132","48","","","2026-01-14","back_fill_from_next"
"760","5372 - Madico Safetyshield 800 60""","2.330630435E9","IL-5372","5372","60","","","2026-01-14","back_fill_from_next"
"761","5010 - 3M Safety S70 EXT. 72""","","IL-5010","5010","72","","","2026-01-14","back_fill_from_next"
"762","3571 - 3M NV 25 60""","C03232422","IL-3571","3571","60","","","2026-01-14","back_fill_from_next"
"763","5820 - Madico Safetyshield 1500 60""","2.402230403E9","IL-5820","5820","60","","","2026-01-14","back_fill_from_next"
"764","5821 - Madico Safetyshield 1500 60""","2.402230424E9","IL-5821","5821","60","","","2026-01-14","back_fill_from_next"
"765","5822 - Madico Safetyshield 1500 60""","2.402230418E9","IL-5822","5822","60","","","2026-01-14","back_fill_from_next"
"766","5823 - Madico Safetyshield 1500 60""","2.402230405E9","IL-5823","5823","60","","","2026-01-14","back_fill_from_next"
"767","5128 - Madico Safetyshield 800 72""","2.308033023E9","IL-5128","5128","72","","","2026-01-14","back_fill_from_next"
"768","5139 - Madico Safetyshield 800 60""","2.312333056E9","IL-5139","5139","60","","","2026-01-14","back_fill_from_next"
"769","5141 - Madico Safetyshield 800 60""","2.312333056E9","IL-5141","5141","60","","","2026-01-14","back_fill_from_next"
"770","5748 - Madico Safetyshield 800 60""","2.334230151E9","IL-5748","5748","60","","","2026-01-14","back_fill_from_next"
"771","5741 - Madico Safetyshield 800 48""","2.334230119E9","IL-5741","5741","48","","","2026-01-14","back_fill_from_next"
"772","5743 - Madico Safetyshield 800 48""","2.334230115E9","IL-5743","5743","48","","","2026-01-14","back_fill_from_next"
"773","3615 - 3M PR 50 72""","C012324206","IL-3615","3615","72","","","2026-01-14","back_fill_from_next"
"774","5078 - Llumar DR 15 60""","413D062P22","IL-5078","5078","60","","","2026-01-14","back_fill_from_next"
"775","5135 - 3M Ultra S800 60""","D074324481","IL-5135","5135","60","","","2026-01-14","back_fill_from_next"
"776","5172 - 3M Ultra S800 72""","D167324549","IL-5172","5172","72","","","2026-01-14","back_fill_from_next"
"778","5199 - 3M Ultra S800 60""","D167324549","IL-5199","5199","60","","","2026-01-14","back_fill_from_next"
"779","5733 - Solyx White Matte SXWFWM 48""","","IL-5733","5733","48","","","2026-01-14","back_fill_from_next"
"780","3478- 651 Black Matte  48""","","IL-3478","3478","48","","","2026-01-14","back_fill_from_next"
"781","5425 - SG Slate 20 60""","5.423088018E9","IL-5425","5425","60","","","2026-01-14","back_fill_from_next"
"782","3784 - Llumar Frost NRM PS2 36""","472H033","IL-3784","3784","36","","","2026-01-14","back_fill_from_next"
"783","5879 - 3M PR 50 72""","D269324616","IL-5879","5879","72","","","2026-01-14","back_fill_from_next"
"784","5834 - Solyx Clear Luster SXWV0200 60""","","IL-5834","5834","60","","","2026-01-14","back_fill_from_next"
"785","5155 - Madico Safetyshield 800 72""","2.308033023E9","IL-5155","5155","72","","","2026-01-14","back_fill_from_next"
"786","5064 - 3M S140 SH14CLARL 60""","232C","IL-5064","5064","60","","","2026-01-14","back_fill_from_next"
"787","3696 - Llumar Vista V45 72""","472F111P03","IL-3696","3696","72","","","2026-01-14","back_fill_from_next"
"788","3124 - SXJ-0546 ORGANIC COTTON 71""  GRADIENT","","IL-3124","3124","71","","","2026-01-14","back_fill_from_next"
"789","3785 - Solyx White Matte SXWF-WM 60""","","IL-3785","3785","60","","","2026-01-14","back_fill_from_next"
"790","3507 - SXWF_WMAX  60","","IL-3507","3507",,"","","2026-01-14","back_fill_from_next"
"791","5355 - Solyx Fine Crystal Frost SX1309 60""","","IL-5355","5355","60","","","2026-01-14","back_fill_from_next"
"792","5074 - 3M S140 SH14CLARL 60""","232C","IL-5074","5074","60","","","2026-01-14","back_fill_from_next"
"793","5912 - 3M S70 EXT 60""","D132324524","IL-5912","5912","60","","","2026-01-14","back_fill_from_next"
"794","5913 - 3M S70 EXT 60""","D132324524","IL-5913","5913","60","","","2026-01-14","back_fill_from_next"
"795","5134 - 3M Ultra S800 60""","D103324503","IL-5134","5134","60","","","2026-01-14","back_fill_from_next"
"796","3913 -    3M UltraS800 72""","C152324318","IL-3913","3913","72","","","2026-01-14","back_fill_from_next"
"797","3861 - Solyx Whiteout SXWF-WO 60""","","IL-3861","3861","60","","","2026-01-14","back_fill_from_next"
"798","5750 - Madico Safetyshield 800 60""","2.334230156E9","IL-5750","5750","60","","","2026-01-14","back_fill_from_next"
"799","5285 - Madico Safetyshield 800 60""","2.315033025E9","IL-5285","5285","60","","","2026-01-14","back_fill_from_next"
"800","3631 - SG TrueVue 40 60""","5.416617022E9","IL-3631","3631","60","","","2026-01-14","back_fill_from_next"
"801","5881 - Madico Safetyshield 800 36""","2.400230241E9","IL-5881","5881","36","","","2026-01-14","back_fill_from_next"
"802","5873 - Madico Safetyshield 1500 60""","2.402330242E9","IL-5873","5873","60","","","2026-01-14","back_fill_from_next"
"803","5734 - Madico Safetyshield 1500 72""","2.315830168E9","IL-5734","5734","72","","","2026-01-14","back_fill_from_next"
"804","5895 - Madico Safetyshield 1500 60""","2.402530352E9","IL-5895","5895","60","","","2026-01-14","back_fill_from_next"
"805","5962 - 3M Fasara Cloud Narrow White SH2FGCN 50""","106747059A","IL-5962","5962","50","","","2026-01-14","back_fill_from_next"
"806","5904 - Avery Natura 30 60""","RC2963659","IL-5904","5904","60","","","2026-01-14","back_fill_from_next"
"807","5905 - Avery Natura 30 60""","RC2963626","IL-5905","5905","60","","","2026-01-14","back_fill_from_next"
"808","5906 - Avery Natura 30 72""","RC3264821","IL-5906","5906","72","","","2026-01-14","back_fill_from_next"
"809","5907 - Avery Natura 30 72""","RC3264512","IL-5907","5907","72","","","2026-01-14","back_fill_from_next"
"810","5909 - Avery Natura 30 72""","RC3264591","IL-5909","5909","72","","","2026-01-14","back_fill_from_next"
"811","5925 - Avery Natura 30 60""","RC2963936","IL-5925","5925","60","","","2026-01-14","back_fill_from_next"
"812","5162 - 3M PR 60 60""","D031324454","IL-5162","5162","60","","","2026-01-14","back_fill_from_next"
"813","5065 - 3M S140 SH14CLARL 60""","232C","IL-5065","5065","60","","","2026-01-14","back_fill_from_next"
"814","5333 - SG Slate 30 48""","5.424949048E9","IL-5333","5333","48","","","2026-01-14","back_fill_from_next"
"815","5067 - 3M S140 SH14CLARL 60""","232C","IL-5067","5067","60","","","2026-01-14","back_fill_from_next"
"816","5964 - Madico Safetyshield 800 48""","2.407930168E9","IL-5964","5964","48","","","2026-01-14","back_fill_from_next"
"817","5965 - Madico Safetyshield 800 48""","2.407930163E9","IL-5965","5965","48","","","2026-01-14","back_fill_from_next"
"818","5966 - Madico Safetyshield 800 48""","2.407930246E9","IL-5966","5966","48","","","2026-01-14","back_fill_from_next"
"819","5967 - Madico Safetyshield 800 48""","2.407930249E9","IL-5967","5967","48","","","2026-01-14","back_fill_from_next"
"820","5968 - Madico Safetyshield 800 48""","2.407930247E9","IL-5968","5968","48","","","2026-01-14","back_fill_from_next"
"821","5969 - Madico Safetyshield 800 72""","2.406630189E9","IL-5969","5969","72","","","2026-01-14","back_fill_from_next"
"822","5970 - Madico Safetyshield 800 72""","2.406630164E9","IL-5970","5970","72","","","2026-01-14","back_fill_from_next"
"823","5986 - 3M Di-Noc High Gloss Fire Brick HG1511 48""","172304.0","IL-5986","5986","48","","","2026-01-14","back_fill_from_next"
"824","5948 - Madico Safetyshield 1500 60""","2.407230223E9","IL-5948","5948","60","","","2026-01-14","back_fill_from_next"
"825","5995 - 3M S140 SH14CLARL 60""","232J","IL-5995","5995","60","","","2026-01-14","back_fill_from_next"
"826","5674 - SG Truevue 15 72""","5.427189026E9","IL-5674","5674","72","","","2026-01-14","back_fill_from_next"
"827","3456 - SOLYX FINE BRUSHED  SXL-1017    60""","","IL-3456","3456","60","","","2026-01-14","back_fill_from_next"
"828","6008 - Llumar Frost NRM PS2 60""","404C048","IL-6008","6008","60","","","2026-01-14","back_fill_from_next"
"829","5903 - 3M Anti Graffiti AG-6 60""","230317(E)16","IL-5903","5903","60","","","2026-01-14","back_fill_from_next"
"830","5718 - Madico Safetyshield 1500 60""","2.329830159E9","IL-5718","5718","60","","","2026-01-14","back_fill_from_next"
"831","5362 - SG Truevue 05 48""","5.425711067E9","IL-5362","5362","48","","","2026-01-14","back_fill_from_next"
"832","5742 - Madico Safetyshield 800 48""","2.334230091E9","IL-5742","5742","48","","","2026-01-14","back_fill_from_next"
"833","5899 - Madico Safetyshield 800 72""","2.403630268E9","IL-5899","5899","72","","","2026-01-14","back_fill_from_next"
"834","6034 - 3M White Blockout Matte 3635-20 48""","M2406602","IL-6034","6034","48","","","2026-01-14","back_fill_from_next"
"835","5883 - Madico Safetyshield 1500 60""","2.40253031E9","IL-5883","5883","60","","","2026-01-14","back_fill_from_next"
"836","5884 - Madico Safetyshield 1500 60""","2.40253029E9","IL-5884","5884","60","","","2026-01-14","back_fill_from_next"
"837","5885 - Madico Safetyshield 1500 60""","2.402530272E9","IL-5885","5885","60","","","2026-01-14","back_fill_from_next"
"838","5886 - Madico Safetyshield 1500 60""","2.402530281E9","IL-5886","5886","60","","","2026-01-14","back_fill_from_next"
"839","5887 - Madico Safetyshield 1500 60""","2.402530299E9","IL-5887","5887","60","","","2026-01-14","back_fill_from_next"
"840","5888 - Madico Safetyshield 1500 60""","2.402530304E9","IL-5888","5888","60","","","2026-01-14","back_fill_from_next"
"841","5889 - Madico Safetyshield 1500 60""","2.402530297E9","IL-5889","5889","60","","","2026-01-14","back_fill_from_next"
"842","5890 - Madico Safetyshield 1500 72""","2.402530149E9","IL-5890","5890","72","","","2026-01-14","back_fill_from_next"
"843","5891 - Madico Safetyshield 1500 72""","2.402530142E9","IL-5891","5891","72","","","2026-01-14","back_fill_from_next"
"844","5896 - Madico 7 Mil Ext CL700E 60""","2.403630143E9","IL-5896","5896","60","","","2026-01-14","back_fill_from_next"
"845","5737 - Madico Safetyshield 800 60""","2.330630335E9","IL-5737","5737","60","","","2026-01-14","back_fill_from_next"
"846","5747 - Madico Safetyshield 800 60""","2.33423013E9","IL-5747","5747","60","","","2026-01-14","back_fill_from_next"
"847","5749 - Madico Safetyshield 800 60""","2.334230164E9","IL-5749","5749","60","","","2026-01-14","back_fill_from_next"
"848","5996 - 3M Fasara Dusted Crystal 7725-314 60""","G2407501","IL-5996","5996","60","","","2026-01-14","back_fill_from_next"
"849","5870 - Madico Safetyshield 1500 60""","2.333330146E9","IL-5870","5870","60","","","2026-01-14","back_fill_from_next"
"850","6039 - Solyx Dusted crystal SX3140 60""","","IL-6039","6039","60","","","2026-01-14","back_fill_from_next"
"851","6035 - 3M White Blockout Matte 3635-20 48""","M2406602","IL-6035","6035","48","","","2026-01-14","back_fill_from_next"
"852","2549 - 3M White Blockout Matte 48""","","IL-2549","2549","48","","","2026-01-14","back_fill_from_next"
"853","3853 - Llumar Frost NRM PS2 36""","","IL-3853","3853","36","","","2026-01-14","back_fill_from_next"
"854","5771 - Llumar Frost NRM PS2 36""","453L058","IL-5771","5771","36","","","2026-01-14","back_fill_from_next"
"855","6028 - Llumar Frost NRM PS2 72""","414D030","IL-6028","6028","72","","","2026-01-14","back_fill_from_next"
"856","5808 - 3M S140 SH14CLARL 60""","232j","IL-5808","5808","60","","","2026-01-14","back_fill_from_next"
"857","5263 - 3M Ultra S800 60""","D167324549","IL-5263","5263","60","","","2026-01-14","back_fill_from_next"
"858","6044 - 3M White Blockout Matte 3635-20 48""","L2409404","IL-6044","6044","48","","","2026-01-14","back_fill_from_next"
"859","3198 - 3M SH7 Interior 60""","202C6047","IL-3198","3198","60","","","2026-01-14","back_fill_from_next"
"860","5405 - Llumar Frost NRM PS2 48""","483H026","IL-5405","5405","48","","","2026-01-14","back_fill_from_next"
"861","5746 - Madico Safetyshield 800 60""","2.334230143E9","IL-5746","5746","60","","","2026-01-14","back_fill_from_next"
"862","4032 -  3M PR 70  36""","C235324385","IL-4032","4032","36","","","2026-01-14","back_fill_from_next"
"863","5448 - 3M PR 70 EXT 72""","D129324520","IL-5448","5448","72","","","2026-01-14","back_fill_from_next"
"864","5441 - 3M PR 50 72""","D192324562","IL-5441","5441","72","","","2026-01-14","back_fill_from_next"
"865","5725 - Llumar Frost NRM PS2 72""","453L053","IL-5725","5725","72","","","2026-01-14","back_fill_from_next"
"866","5414 - Llumar Frost NRM PS2 72""","463J079","IL-5414","5414","72","","","2026-01-14","back_fill_from_next"
"867","5901 - Llumar Frost NRM PS2 72""","44B026","IL-5901","5901","72","","","2026-01-14","back_fill_from_next"
"868","5982 - Llumar Frost NRM PS2 36""","414C075","IL-5982","5982","36","","","2026-01-14","back_fill_from_next"
"869","5436 - Madico Safetyshield 800 60""","2.32683025E9","IL-5436","5436","60","","","2026-01-14","back_fill_from_next"
"870","3031 - PRX 40 Ext 72""","A256323751","IL-3031","3031","72","","","2026-01-14","back_fill_from_next"
"871","3199 - 3M  Affinity  30   60""","","IL-3199","3199","60","","","2026-01-14","back_fill_from_next"
"872","4077 - Llumar Frost NRM PS2 48""","463B042","IL-4077","4077","48","","","2026-01-14","back_fill_from_next"
"873","5989 - Avery E-lite 45 72""","RC3225964","IL-5989","5989","72","","","2026-01-14","back_fill_from_next"
"874","5990 - Avery E-lite 45 60""","RC1921703","IL-5990","5990","60","","","2026-01-14","back_fill_from_next"
"875","M255 -SG  Truevue 30 60""","","M255","M255","60","","","2026-01-14","back_fill_from_next"
"876","5827 - Madico Safetyshield 800 48""","2.400330027E9","IL-5827","5827","48","","","2026-01-14","back_fill_from_next"
"877","5817 - Madico Safetyshield 800 48""","2.334230109E9","IL-5817","5817","48","","","2026-01-14","back_fill_from_next"
"878","5744 - Madico Safetyshield 800 48""","2.334230155E9","IL-5744","5744","48","","","2026-01-14","back_fill_from_next"
"879","5897 - Madico 7 Mil Ext CL700E 60""","2.403630239E9","IL-5897","5897","60","","","2026-01-14","back_fill_from_next"
"880","5177 - Madico Clear 7 Mil EXT CL700E 60""","2.31653405E9","IL-5177","5177","60","","","2026-01-14","back_fill_from_next"
"881","5818 - Madico Safetyshield 800 72""","2.333830198E9","IL-5818","5818","72","","","2026-01-14","back_fill_from_next"
"882","5843 - Madico Safetyshield 1500 72""","2.400930361E9","IL-5843","5843","72","","","2026-01-14","back_fill_from_next"
"883","5866 - Madico Safetyshield 1500 60""","2.402330484E9","IL-5866","5866","60","","","2026-01-14","back_fill_from_next"
"884","5867 - Madico Safetyshield 1500 72""","2.400930363E9","IL-5867","5867","72","","","2026-01-14","back_fill_from_next"
"885","6031 - 3M PR 50 36""","D269324616","IL-6031","6031","36","","","2026-01-14","back_fill_from_next"
"886","5745 - Madico Safetyshield 800 60""","2.334230141E9","IL-5745","5745","60","","","2026-01-14","back_fill_from_next"
"887","5717 - Madico Safetyshield 1500 60""","2.329730162E9","IL-5717","5717","60","","","2026-01-14","back_fill_from_next"
"888","5751 - Madico Safetyshield 1500 60""","2.333530422E9","IL-5751","5751","60","","","2026-01-14","back_fill_from_next"
"889","5803 - Madico Safetyshield 1500 72""","2.333430221E9","IL-5803","5803","72","","","2026-01-14","back_fill_from_next"
"890","5804 - Madico Safetyshield 1500 72""","2.333430206E9","IL-5804","5804","72","","","2026-01-14","back_fill_from_next"
"891","5792 - Madico Safetyshield 800 48""","2.334230299E9","IL-5792","5792","48","","","2026-01-14","back_fill_from_next"
"892","5793 - Madico Safetyshield 800 48""","2.334230299E9","IL-5793","5793","48","","","2026-01-14","back_fill_from_next"
"893","5794 - Madico Safetyshield 800 48""","2.334230295E9","IL-5794","5794","48","","","2026-01-14","back_fill_from_next"
"894","5795 - Madico Safetyshield 800 48""","2.334230316E9","IL-5795","5795","48","","","2026-01-14","back_fill_from_next"
"895","5424 - Madico Safetyshield 800 60""","2.324430265E9","IL-5424","5424","60","","","2026-01-14","back_fill_from_next"
"896","5435 - Madico Safetyshield 800 72""","2.326430057E9","IL-5435","5435","72","","","2026-01-14","back_fill_from_next"
"897","5397 - Madico Safetyshield 1500 60""","2.329730314E9","IL-5397","5397","60","","","2026-01-14","back_fill_from_next"
"898","5719 - Madico Safetyshield 1500 60""","2.329830182E9","IL-5719","5719","60","","","2026-01-14","back_fill_from_next"
"899","3195- 3M Dusted Crystal 48"" (1 of 2)","G2102407","IL-3195","3195","48","","","2026-01-14","back_fill_from_next"
"900","5357 - Solyx Etched Leise Stripes SXC374 60""","","IL-5357","5357","60","","","2026-01-14","back_fill_from_next"
"901","5133 - Madico Safetyshield 1500 72""","2.314630045E9","IL-5133","5133","72","","","2026-01-14","back_fill_from_next"
"902","5797 - Madico Safetyshield 1500 60""","2.334730337E9","IL-5797","5797","60","","","2026-01-14","back_fill_from_next"
"903","5824 - Madico Safetyshield 800 48""","2.334130254E9","IL-5824","5824","48","","","2026-01-14","back_fill_from_next"
"904","6003 - 3M Fasara Dusted Crystal 7725-314 60""","G2405401","IL-6003","6003","60","","","2026-01-14","back_fill_from_next"
"905","4066 - 3M ULTRA S800 60""","C238324388","IL-4066","4066","60","","","2026-01-14","back_fill_from_next"
"906","5989 - Avery E-lite 45 72""","R1921703","IL-5989","5989","72","","","2026-01-14","back_fill_from_next"
"907","4068 -  Madico SAFETYSHIELD 1500 CLEAR 15 MIL 72""","","IL-4068","4068","72","","","2026-01-14","back_fill_from_next"
"908","6058 - Madico Safetyshield 1500 60""","2.410830095E9","IL-6058","6058","60","","","2026-01-14","back_fill_from_next"
"909","6059 - Madico Safetyshield 1500 60""","2.410830091E9","IL-6059","6059","60","","","2026-01-14","back_fill_from_next"
"910","5006 - Madico Safetyshield 1500 72""","2.236234024E9","IL-5006","5006","72","","","2026-01-14","back_fill_from_next"
"911","5048 - Madico Safetyshield 1500 60""","2.311030565E9","IL-5048","5048","60","","","2026-01-14","back_fill_from_next"
"912","2271- Barcode 60""","5.0164636E7","IL-2271","2271","60","","","2026-01-14","back_fill_from_next"
"913","6022 - Madico Safetyshield 1500 72""","2.410630353E9","IL-6022","6022","72","","","2026-01-14","back_fill_from_next"
"914","3514 - SG Slate 20 48""","5.416613024E9","IL-3514","3514","48","","","2026-01-14","back_fill_from_next"
"915","5244 - 3M PR 20 EXT 72""","C290324421","IL-5244","5244","72","","","2026-01-14","back_fill_from_next"
"916","5894 - Madico Safetyshield 1500 60""","2.403830016E9","IL-5894","5894","60","","","2026-01-14","back_fill_from_next"
"917","5296 - 3M PR 20 EXT 60""","","IL-5296","5296","60","","","2026-01-14","back_fill_from_next"
"918","5297 - 3M PR 20 EXT 60""","","IL-5297","5297","60","64.0","","2026-01-14","back_fill_from_next"
"919","6030 - 3M PR 50 48""","D269324616","IL-6030","6030","48","","","2026-01-14","back_fill_from_next"
"920","4039 - Avery ELite 70 48""","2F3H1230A170505","IL-4039","4039","48","","","2026-01-14","back_fill_from_next"
"921","5136 - SG Truevue 05 60""","5.424951019E9","IL-5136","5136","60","","","2026-01-14","back_fill_from_next"
"922","5219 - Madico Safetyshield 800 60""","2.330630346E9","IL-5219","5219","60","","","2026-01-14","back_fill_from_next"
"923","5738 - Madico Safetyshield 800 60""","2.330630339E9","IL-5738","5738","60","","","2026-01-14","back_fill_from_next"
"924","6131 - Solyx Whiteout SXWFWO 60""","","IL-6131","6131","60","","","2026-01-14","back_fill_from_next"
"925","6135 - Solyx Whiteout SXWFWO 72""","","IL-6135","6135","72","","","2026-01-14","back_fill_from_next"
"926","6136 - Solyx Whiteout SXWFWO 72""","","IL-6136","6136","72","","","2026-01-14","back_fill_from_next"
"927","6137 - Solyx Whiteout SXWFWO 72""","","IL-6137","6137","72","","","2026-01-14","back_fill_from_next"
"928","6144 - 3M Fasara Glace SH2MAGL 50""","106813175B","IL-6144","6144","50","","","2026-01-14","back_fill_from_next"
"929","6145 - 3M Fasara Glace SH2MAGL 50""","106813175A","IL-6145","6145","50","","","2026-01-14","back_fill_from_next"
"930","5890 - 3M Scotchcal Duranodic 3630-69 48""","157010.0","IL-5890","5890","48","","","2026-01-14","back_fill_from_next"
"931","6051 - 3M PR 50 36""","D269324616","IL-6051","6051","36","","","2026-01-14","back_fill_from_next"
"932","6071 - Solyx White Dusted Matte SXJ-0550 60""","","IL-6071","6071","60","","","2026-01-14","back_fill_from_next"
"933","6073 - Solyx White Dusted Matte SXJ-0550 60""","","IL-6073","6073","60","","","2026-01-14","back_fill_from_next"
"934","5976 - 3M PR 70 48""","E033324699","IL-5976","5976","48","","","2026-01-14","back_fill_from_next"
"935","6080 - Madico 7 Mil EXT CL700E 60""","2.412730258E9","IL-6080","6080","60","","","2026-01-14","back_fill_from_next"
"936","6081 - Madico 7 Mil EXT CL700E 60""","2.412730416E9","IL-6081","6081","60","","","2026-01-14","back_fill_from_next"
"937","6083 - Madico 7 Mil EXT CL700E 60""","2.413730264E9","IL-6083","6083","60","","","2026-01-14","back_fill_from_next"
"938","6085 -  Madico 7 Mil EXT CL700E 60""","2.413730269E9","IL-6085","6085","60","","","2026-01-14","back_fill_from_next"
"939","6086 - Madico 7 Mil EXT CL700E 72""","2.413530288E9","IL-6086","6086","72","","","2026-01-14","back_fill_from_next"
"940","6087 - Madico 7 Mil EXT CL700E 72""","2.413530418E9","IL-6087","6087","72","","","2026-01-14","back_fill_from_next"
"941","5675 - 3M PR 70 60""","D081324485","IL-5675","5675","60","","","2026-01-14","back_fill_from_next"
"942","6000 - 3M PR 70 36""","D264324614","IL-6000","6000","36","","","2026-01-14","back_fill_from_next"
"943","4091 - 3M PR 70 72""","323506011C","IL-4091","4091","72","","","2026-01-14","back_fill_from_next"
"944","5124 - 3M PR 70 60""","D028324453","IL-5124","5124","60","","","2026-01-14","back_fill_from_next"
"945","5368 - SG Truevue 40 72""","5.423326053E9","IL-5368","5368","72","","","2026-01-14","back_fill_from_next"
"946","5893 - Madico Safetyshield 1500 60""","2.403830075E9","IL-5893","5893","60","","","2026-01-14","back_fill_from_next"
"947","5780 - 3M S140 SH14CLARL 60""","232J","IL-5780","5780","60","","","2026-01-14","back_fill_from_next"
"948","5994 - 3M S140 SH14CLARL 60""","232J","IL-5994","5994","60","","","2026-01-14","back_fill_from_next"
"949","5809 - Madico Safetyshield 800 48""","2.335530259E9","IL-5809","5809","48","","","2026-01-14","back_fill_from_next"
"950","5811 - Madico Safetyshield 800 48""","2.334130239E9","IL-5811","5811","48","","","2026-01-14","back_fill_from_next"
"951","6011 - Madico Safetyshield 800 72""","2.400230222E9","IL-6011","6011","72","","","2026-01-14","back_fill_from_next"
"952","6110 - 3M Fasara Glace SH2MAGL 50""","1.06089752E8","IL-6110","6110","50","","","2026-01-14","back_fill_from_next"
"953","6111 - 3M Fasara Glace SH2MAGL 50""","1.06089752E8","IL-6111","6111","50","","","2026-01-14","back_fill_from_next"
"954","6112 - 3M Fasara Glace SH2MAGL 50""","1.06089752E8","IL-6112","6112","50","","","2026-01-14","back_fill_from_next"
"955","6113 - 3M Fasara Glace SH2MAGL 50""","1.06089752E8","IL-6113","6113","50","","","2026-01-14","back_fill_from_next"
"956","6114 - 3M Fasara Glace SH2MAGL 50""","106813175B","IL-6114","6114","50","","","2026-01-14","back_fill_from_next"
"957","6115 - 3M Fasara Glace SH2MAGL 50""","106424707A","IL-6115","6115","50","","","2026-01-14","back_fill_from_next"
"958","6116 - 3M Fasara Glace SH2MAGL 50""","106424707A","IL-6116","6116","50","","","2026-01-14","back_fill_from_next"
"959","6117 - 3M Fasara Glace SH2MAGL 50""","106424707A","IL-6117","6117","50","","","2026-01-14","back_fill_from_next"
"960","6118 - 3M Fasara Glace SH2MAGL 50""","1.06563685E8","IL-6118","6118","50","","","2026-01-14","back_fill_from_next"
"961","6119 - 3M Fasara Glace SH2MAGL 50""","106813175B","IL-6119","6119","50","","","2026-01-14","back_fill_from_next"
"962","5842 - Madico Safetyshield 1500 72""","2.400930383E9","IL-5842","5842","72","","","2026-01-14","back_fill_from_next"
"963","6091 - 3M Affinity 15 60""","5.0824795E7","IL-6091","6091","60","","","2026-01-14","back_fill_from_next"
"964","6092 - 3M Affinity 15 60""","5.0824795E7","IL-6092","6092","60","","","2026-01-14","back_fill_from_next"
"965","6062 - Madico Safetyshield 1500 60""","2.408930242E9","IL-6062","6062","60","","","2026-01-14","back_fill_from_next"
"966","6097 - Madico Safetyshield 1500 60""","2.41143016E9","IL-6097","6097","60","","","2026-01-14","back_fill_from_next"
"967","5998 - Solyx Whiteout SXWFWO 60""","","IL-5998","5998","60","","","2026-01-14","back_fill_from_next"
"968","5826 - Madico Safetyshield 800 48""","2.400330032E9","IL-5826","5826","48","","","2026-01-14","back_fill_from_next"
"969","5740 - Madico Safetyshield 800 60""","2.401630193E9","IL-5740","5740","60","","","2026-01-14","back_fill_from_next"
"970","2691- LEISE SH2FGLS  50""","II-28C036","IL-2691","2691","50","","","2026-01-14","back_fill_from_next"
"971","3082 - 3M Leise SH2FGLS 50""","SH-15C020","IL-3082","3082","50","","","2026-01-14","back_fill_from_next"
"972","6103 - 3M Fasara Border Leise Horiz. SH2FGLS 50""","1.06591795E8","IL-6103","6103","50","","","2026-01-14","back_fill_from_next"
"973","5288 - Madico Safetyshield 800 60""","2.315033025E9","IL-5288","5288","60","","","2026-01-14","back_fill_from_next"
"974","5218 - Madico Safetyshield 800 60""","2.330630398E9","IL-5218","5218","60","","","2026-01-14","back_fill_from_next"
"975","5956 - 3M Ultra S800 36""","D173324553","IL-5956","5956","36","","","2026-01-14","back_fill_from_next"
"976","5841 - 3M Ultra S800 72""","D351324671","IL-5841","5841","72","","","2026-01-14","back_fill_from_next"
"977","6156 - Llumar Frost NRM PS2 72""","454F037","IL-6156","6156","72","","","2026-01-14","back_fill_from_next"
"978","6029 - Llumar Frost NRM PS2 72""","414D030","IL-6029","6029","72","","","2026-01-14","back_fill_from_next"
"979","5798 - Madico Safetyshield 1500 60""","2.334730353E9","IL-5798","5798","60","","","2026-01-14","back_fill_from_next"
"980","2802- V33 60""","749F078","IL-2802","2802","60","","","2026-01-14","back_fill_from_next"
"981","3055-  RN 07 60""","481D061","IL-3055","3055","60","","","2026-01-14","back_fill_from_next"
"982","3337 - DR 18 Cool 60""","441J051P01","IL-3337","3337","60","","","2026-01-14","back_fill_from_next"
"983","3634 - Llumar Vista V33 48""","472H050P02","IL-3634","3634","48","","","2026-01-14","back_fill_from_next"
"984","3711 - Llumar RN-07 36""","Na","IL-3711","3711","36","","","2026-01-14","back_fill_from_next"
"985","3835 - Llumar Vista 58 (V58) 48""","","IL-3835","3835","48","","","2026-01-14","back_fill_from_next"
"986","4094 - Llumar Vista V28 72""","463C010P01","IL-4094","4094","72","","","2026-01-14","back_fill_from_next"
"987","4095 - Llumar Vista V33 72""","443A037P09","IL-4095","4095","72","","","2026-01-14","back_fill_from_next"
"988","4092 - Llumar Vista V45 36""","443A037P08","IL-4092","4092","36","","","2026-01-14","back_fill_from_next"
"989","5204 - Llumar Frost NRM PS2 72""","433G054","IL-5204","5204","72","","","2026-01-14","back_fill_from_next"
"990","5988 - Llumar V33 60""","414C089P01","IL-5988","5988","60","","","2026-01-14","back_fill_from_next"
"991","3051 - PRX 40 36""","A256323751","IL-3051","3051","36","","","2026-01-14","back_fill_from_next"
"992","3407 - 3M PR 20  72""","70-0063-4456-0","IL-3407","3407","72","","","2026-01-14","back_fill_from_next"
"993","3402- PR 50  48""","NA","IL-3402","3402","48","","","2026-01-14","back_fill_from_next"
"994","3635 - 3M NV 35 48""","B316324164","IL-3635","3635","48","","","2026-01-14","back_fill_from_next"
"995","3667 - 3M PR 70 72""","","IL-3667","3667","72","","","2026-01-14","back_fill_from_next"
"996","3673 - PRX 20 Ext 60""","Na","IL-3673","3673","60","","","2026-01-14","back_fill_from_next"
"997","3674 - PRX 20 Ext 60""","Na","IL-3674","3674","60","","","2026-01-14","back_fill_from_next"
"998","3675 - PRX 40 Ext 60""","Na","IL-3675","3675","60","","","2026-01-14","back_fill_from_next"
"999","3677 - PRX 40 Ext 60""","Na","IL-3677","3677","60","","","2026-01-14","back_fill_from_next"
"1000","3780 - 3M PR 70 36""","C032324221","IL-3780","3780","36","","","2026-01-14","back_fill_from_next"
"1001","3940 - 3M PR 50 48""","","IL-3940","3940","48","","","2026-01-14","back_fill_from_next"
"1002","3946 - 3M PR 50 72""","C169324330","IL-3946","3946","72","","","2026-01-14","back_fill_from_next"
"1003","3954 - 3M PR 70 72""","","IL-3954","3954","72","","","2026-01-14","back_fill_from_next"
"1004","4057 - 3M PR 20 EXT 60""","324219.0","IL-4057","4057","60","","","2026-01-14","back_fill_from_next"
"1005","4081 - 3M Privacy Mirror 60""","3.4534126E7","IL-4081","4081","60","","","2026-01-14","back_fill_from_next"
"1006","M333 - 3M PR 70 72""","C166324327","M333","M333","72","","","2026-01-14","back_fill_from_next"
"1007","5277 - 3M PR 70 EXT 60""","D033324458","IL-5277","5277","60","","","2026-01-14","back_fill_from_next"
"1008","3152 - 3M Mare SH2FGMR 50""","SN-28C047","IL-3152","3152","50","","","2026-01-14","back_fill_from_next"
"1009","3195- 3M Dusted Crystal 48"" (2 of 2)","G2102407","IL-3195","3195","48","","","2026-01-14","back_fill_from_next"
"1010","3301- ILLUMINA SH2FGIM  50""","CT-15C005","IL-3301","3301","50","","","2026-01-14","back_fill_from_next"
"1011","3355- FINE CRYSTAL SH2FNCR  50""","JR451037873","IL-3355","3355","50","","","2026-01-14","back_fill_from_next"
"1012","3644 - 3M San Marino 60""","NA","IL-3644","3644","60","","","2026-01-14","back_fill_from_next"
"1013","3520 -  3M Matte Crystal SH2MACR1 50""","","IL-3520","3520","50","","","2026-01-14","back_fill_from_next"
"1014","3794 - 3M Frost Opaque White SH2MAOW 50""","","IL-3794","3794","50","","","2026-01-14","back_fill_from_next"
"1015","3966 - 3M FASARA ""ILLUMINA BLACK (GRADIENT) SH2BKIM","","IL-3966","3966",,"","","2026-01-14","back_fill_from_next"
"1016","3996 - 3M Frost Opaque Black SH2BKOP 50""","","IL-3996","3996","50","","","2026-01-14","back_fill_from_next"
"1017","5091 - 3M Fasara Frosted Crystal 7725-324 48""","4.3644545E7","IL-5091","5091","48","","","2026-01-14","back_fill_from_next"
"1018","5153 - 3M Fasara Frost Milano Milky White SH2MAML 50""","134614.0","IL-5153","5153","50","","","2026-01-14","back_fill_from_next"
"1019","5154 - 3M Fasara Matte Black Blockout 3635-22B 48""","M2312401","IL-5154","5154","48","","","2026-01-14","back_fill_from_next"
"1020","5700 - 3M Fasara Frosted Crystal 7725-324 48"" 24""x6'","125015.0","IL-5700","5700","48","","","2026-01-14","back_fill_from_next"
"1021","5882 - 3M Fasara Fine Crystal SH2FNCR 50""","106234181A","IL-5882","5882","50","","","2026-01-14","back_fill_from_next"
"1022","6151 - 3M Fasara Milky Crystal SH2MLCRX 50""","106839959B","IL-6151","6151","50","","","2026-01-14","back_fill_from_next"
"1023","3551 - SG  Panarama HiLite 70  72""","","IL-3551","3551","72","","","2026-01-14","back_fill_from_next"
"1024","3799 - SG Slate 30 36""","","IL-3799","3799","36","","","2026-01-14","back_fill_from_next"
"1025","3845 - SG TrueVue 15 60""","","IL-3845","3845","60","","","2026-01-14","back_fill_from_next"
"1026","3866 - SG TrueVue 15 60""","5.417951014E9","IL-3866","3866","60","","","2026-01-14","back_fill_from_next"
"1027","3969 - Solar Guard Slate 10 48""","","IL-3969","3969","48","","","2026-01-14","back_fill_from_next"
"1028","5042 - SG Truevue 05 48""","5.423056047E9","IL-5042","5042","48","","","2026-01-14","back_fill_from_next"
"1029","5114 - SG Panorama Slate 10 72""","5.423305036E9","IL-5114","5114","72","","","2026-01-14","back_fill_from_next"
"1030","5334 - SG Slate 10 60""","5.423048004E9","IL-5334","5334","60","","","2026-01-14","back_fill_from_next"
"1031","5363- SG Truevue 05 48""","5.425711068E9","IL-5363","5363","48","","","2026-01-14","back_fill_from_next"
"1032","5673 - SG Truevue 15 60""","5.426453056E9","IL-5673","5673","60","","","2026-01-14","back_fill_from_next"
"1033","5715 - SG Truevue 15 60""","5.425729021E9","IL-5715","5715","60","","","2026-01-14","back_fill_from_next"
"1034","5872 - SG Safety Clear 4 Mil 48""","5.425572009E9","IL-5872","5872","48","","","2026-01-14","back_fill_from_next"
"1035","2861 - Anti Graffiti-6 60""","4.2020806E7","IL-2861","2861","60","","","2026-01-14","back_fill_from_next"
"1036","2994 - 3M 4Mil 60""","202J6044S","IL-2994","2994","60","","","2026-01-14","back_fill_from_next"
"1037","3002- S80  60"" (1of 2)","202M6014C","IL-3002","3002","60","","","2026-01-14","back_fill_from_next"
"1038","3136 - Madico Optivision 15  9 mil 72""","2.120933042E9","IL-3136","3136","72","","","2026-01-14","back_fill_from_next"
"1039","3577 - 3M UltraS800 72""","C083324264","IL-3577","3577","72","","","2026-01-14","back_fill_from_next"
"1040","3701 - 3M S70 Ext 60""","NA","IL-3701","3701","60","","","2026-01-14","back_fill_from_next"
"1041","3702 - 3M SH4 CLARXL Exterior 4MIL 72""","NA","IL-3702","3702","72","","","2026-01-14","back_fill_from_next"
"1042","3774 - 3M Anti Graffiti 4 MIL AG-4 72""","7.100130388E9","IL-3774","3774","72","","","2026-01-14","back_fill_from_next"
"1043","3846 - Madico Graffiti Free 6MIL 600 PS 60""","","IL-3846","3846","60","","","2026-01-14","back_fill_from_next"
"1044","3933 - 3M Ultra S800 36""","","IL-3933","3933","36","","","2026-01-14","back_fill_from_next"
"1046","3975 - 3M S800 36""","","IL-3975","3975","36","","","2026-01-14","back_fill_from_next"
"1047","3974 - 3M S800 36""","","IL-3974","3974","36","","","2026-01-14","back_fill_from_next"
"1048","3976 - 3M S800 60""","","IL-3976","3976","60","","","2026-01-14","back_fill_from_next"
"1049","3986 - 3M SH14CLARL 14 MIL 60""","","IL-3986","3986","60","","","2026-01-14","back_fill_from_next"
"1050","3987 - 3M SH14CLARL 14 MIL 60""","","IL-3987","3987","60","","","2026-01-14","back_fill_from_next"
"1051","4020 - Madico  SafetyShield 1500 60""","","IL-4020","4020","60","","","2026-01-14","back_fill_from_next"
"1052","4034 - 3M S70 7MIL EXTERIOR","","IL-4034","4034",,"","","2026-01-14","back_fill_from_next"
"1053","5050 - Madico Safetyshield 1500 60""","2.311030564E9","IL-5050","5050","60","","","2026-01-14","back_fill_from_next"
"1054","5063 - 3M S140 SH14CLARL 60""","232C","IL-5063","5063","60","","","2026-01-14","back_fill_from_next"
"1055","5183 - Madico Safetyshield 800 60""","2.315033023E9","IL-5183","5183","60","","","2026-01-14","back_fill_from_next"
"1056","5378 - Madico Safetyshield 800 60""","2.315033026E9","IL-5378","5378","60","","","2026-01-14","back_fill_from_next"
"1057","5713 - 3M Ultra NV 25 36""","D227324589","IL-5713","5713","36","","","2026-01-14","back_fill_from_next"
"1058","5914 - 3M S70 EXT 60""","D132324524","IL-5914","5914","60","","","2026-01-14","back_fill_from_next"
"1059","6128 - Madico Safetyshield 1500 60""","2.411430086E9","IL-6128","6128","60","","","2026-01-14","back_fill_from_next"
"1060","2822 - DEEP ETCH SXGF-0097 60""","","IL-2822","2822","60","","","2026-01-14","back_fill_from_next"
"1061","4000 - Solyx Clear Frost SX-1301 48""","","IL-4000","4000","48","","","2026-01-14","back_fill_from_next"
"1062","4001 - Solyx Chicago SX-9100 60""","","IL-4001","4001","60","","","2026-01-14","back_fill_from_next"
"1063","4099 - Solyx SGC-6523-58 Simglas Coventry 58""","","IL-4099","4099","58","","","2026-01-14","back_fill_from_next"
"1064","5332 - Solyx Thatch Frost SX1580 48""","","IL-5332","5332","48","","","2026-01-14","back_fill_from_next"
"1065","5687 - Solar Graphics Amber 2400 60""","","IL-5687","5687","60","","","2026-01-14","back_fill_from_next"
"1066","5786 - Solyx Clear Frosted Safety SXGF0500 54""","","IL-5786","5786","54","","","2026-01-14","back_fill_from_next"
"1067","5876 - Solyx Olive/Gold Dusted Leaf SX3145 48""","","IL-5876","5876","48","","","2026-01-14","back_fill_from_next"
"1068","5891 - Solyx Clear Luster SXWV0200 60""","","IL-5891","5891","60","","","2026-01-14","back_fill_from_next"
"1069","6132 - Solyx Whiteout SXWFWO 72""","","IL-6132","6132","72","","","2026-01-14","back_fill_from_next"
"1070","2157 - Titan 7 Xtra 60""","RC0840397","IL-2157","2157","60","","","2026-01-14","back_fill_from_next"
"1071","2545 - Titan 7 Xtra 60""","","IL-2545","2545","60","","","2026-01-14","back_fill_from_next"
"1072","2693 - Titan 7 Xtra 60""","","IL-2693","2693","60","","","2026-01-14","back_fill_from_next"
"1073","3286 - Skylite 20 XTRM 60""","RU061763","IL-3286","3286","60","","","2026-01-14","back_fill_from_next"
"1074","3388 - Fellers Oracal 651 Sky Blue 48""","","IL-3388","3388","48","","","2026-01-14","back_fill_from_next"
"1075","3619 - Fellers Oracal 751 Black Matte 48""","","IL-3619","3619","48","","","2026-01-14","back_fill_from_next"
"1076","3078 - 3M S40 Clear 60""","202J6252N","IL-3078","3078","60","","","2026-01-14","back_fill_from_next"
"1077","5695 - 3M Black Electrocut 7725-12 48""","125022.0","IL-5695","5695","48","","","2026-01-14","back_fill_from_next"
"1078","3258 - WHITE CAULK","","IL-3258","3258",,"","","2026-01-14","back_fill_from_next"
"1079","3338- CLEAR CAULK SPECTRUM","","IL-3338","3338",,"","","2026-01-14","back_fill_from_next"
"1080","3724 - Dow 995 White","","IL-3724","3724",,"","","2026-01-14","back_fill_from_next"
"1081","5294 - DOW 795 Bronze","","IL-5294","5294",,"","","2026-01-14","back_fill_from_next"
"1082","3326 - DOW 995 CORNING SILICONE BLACK","","IL-3326","3326",,"","","2026-01-14","back_fill_from_next"
"1083","5359 - DOW 995 White","","IL-5359","5359",,"","","2026-01-14","back_fill_from_next"
"1084","6060 - Dow 995 White","","IL-6060","6060",,"","","2026-01-14","back_fill_from_next"
"1085","6170 - 3M Ultra S800 60""","E115324768","IL-6170","6170","60","","","2026-01-14","back_fill_from_next"
"1086","6025 - 3M Ultra S800 72""","D352324672","IL-6025","6025","72","","","2026-01-14","back_fill_from_next"
"1087","6026 - 3M Ultra S800 72""","D352324672","IL-6026","6026","72","","","2026-01-14","back_fill_from_next"
"1088","6173 - 3M S140 SH14CLARL 60""","232L","IL-6173","6173","60","","","2026-01-14","back_fill_from_next"
"1089","6174 - 3M S140 SH14CLARL 60""","232L","IL-6174","6174","60","","","2026-01-14","back_fill_from_next"
"1090","6177 - 3M S140 SH14CLARL 60""","232L","IL-6177","6177","60","","","2026-01-14","back_fill_from_next"
"1091","6169 - 3M Ultra S800 36""","E068324728","IL-6169","6169","36","","","2026-01-14","back_fill_from_next"
"1092","6048 - 3M PR 50 48""","D269324616","IL-6048","6048","48","","","2026-01-14","back_fill_from_next"
"1093","5447 - 3M PR 70 EXT 60""","D150324535","IL-5447","5447","60","","","2026-01-14","back_fill_from_next"
"1094","3256 - SOL  SXF-5050 TOTAL LIGHT BLOCK OUT 60""","","IL-3256","3256","60","","","2026-01-14","back_fill_from_next"
"1095","6183 - Madico Safetyshield 1500 60""","2.416630285E9","IL-6183","6183","60","","","2026-01-14","back_fill_from_next"
"1096","3878 - MADICO SAFETY SHIELD 1500 60""","","IL-3878","3878","60","","","2026-01-14","back_fill_from_next"
"1097","3754 - Madico Safetyshield 1500 15MIL 60""","","IL-3754","3754","60","","","2026-01-14","back_fill_from_next"
"1098","5799 - Madico Safetyshield 1500 72""","2.335230136E9","IL-5799","5799","72","","","2026-01-14","back_fill_from_next"
"1099","5813 - Madico Safetyshield 800 48""","2.400530238E9","IL-5813","5813","48","","","2026-01-14","back_fill_from_next"
"1100","5963 - Madico Safetyshield 800 48""","2.407930162E9","IL-5963","5963","48","","","2026-01-14","back_fill_from_next"
"1101","5825 - Madico Safetyshield 800 48""","2.400330063E9","IL-5825","5825","48","","","2026-01-14","back_fill_from_next"
"1102","6123 - Madico Safetyshield 800 48""","2.334130232E9","IL-6123","6123","48","","","2026-01-14","back_fill_from_next"
"1103","5895 - 3M Ultra S800 72""","E019324683","IL-5895","5895","72","","","2026-01-14","back_fill_from_next"
"1104","6196 - 3M PR 20 EXT 72""","E179324833","IL-6196","6196","72","","","2026-01-14","back_fill_from_next"
"1105","5073 - 3M S140 SH14CLARL 60""","232C","IL-5073","5073","60","","","2026-01-14","back_fill_from_next"
"1106","6229 - 3M Fasara Shutie Vertical SH2FGST 50""","1.0647609E8","IL-6229","6229","50","","","2026-01-14","back_fill_from_next"
"1107","6230 - 3M Fasara Shutie Vertical SH2FGST 50""","1.06673305E8","IL-6230","6230","50","","","2026-01-14","back_fill_from_next"
"1108","3884 - Solyx White Sand Matte 60"" SX1409","","IL-3884","3884","60","","","2026-01-14","back_fill_from_next"
"1109","6224 - Madico Safetyshield 1500 60""","2.424730049E9","IL-6224","6224","60","","","2026-01-14","back_fill_from_next"
"1110","6098 - Madico Safetyshield 1500 72""","2.410630325E9","IL-6098","6098","72","","","2026-01-14","back_fill_from_next"
"1111","6241 - Madico Safetyshield 1500 72""","2.424730139E9","IL-6241","6241","72","","","2026-01-14","back_fill_from_next"
"1112","5020 - 3M PR 20 EXT. 60""","","IL-5020","5020","60","","","2026-01-14","back_fill_from_next"
"1113","6166 - 3M PR 20 Ext 60""","E179324833","IL-6166","6166","60","","","2026-01-14","back_fill_from_next"
"1114","6206 - SG Slate 30 36""","5.432871064E9","IL-6206","6206","36","","","2026-01-14","back_fill_from_next"
"1115","6199 - 3M Ultra S800 36""","E071324729","IL-6199","6199","36","","","2026-01-14","back_fill_from_next"
"1116","6200 - 3M Ultra S800 36""","E074324731","IL-6200","6200","36","","","2026-01-14","back_fill_from_next"
"1117","6201 - 3M Ultra S800 36""","E068324728","IL-6201","6201","36","","","2026-01-14","back_fill_from_next"
"1118","6209 - SG Slate 30 48""","5.432709047E9","IL-6209","6209","48","","","2026-01-14","back_fill_from_next"
"1119","5880 - 3M Fasara Dusted Crystal 7725-314 48""","G2334321","IL-5880","5880","48","","","2026-01-14","back_fill_from_next"
"1120","6141 - 3M Ultra S800 72""","E074324731","IL-6141","6141","72","","","2026-01-14","back_fill_from_next"
"1121","5123 - Solyx Reeded Glass 1/4"" Bars SX1262 54""","","IL-5123","5123","54","","","2026-01-14","back_fill_from_next"
"1122","6245 - 3M Fasara Shutie Vertical SH2FGST 50""","305654.0","IL-6245","6245","50","","","2026-01-14","back_fill_from_next"
"1123","6213 - SG Slate 10 48""","5.433199006E9","IL-6213","6213","48","","","2026-01-14","back_fill_from_next"
"1124","6215 - SG Slate 10 48""","","IL-6215","6215","48","","","2026-01-14","back_fill_from_next"
"1125","6240 - Madico Safetyshield 1500 60""","2.424330329E9","IL-6240","6240","60","","","2026-01-14","back_fill_from_next"
"1126","6242 - Madico Safetyshield 1500 72""","2.422830457E9","IL-6242","6242","72","","","2026-01-14","back_fill_from_next"
"1127","6243 - Madico Safetyshield 1500 72""","2.422830465E9","IL-6243","6243","72","","","2026-01-14","back_fill_from_next"
"1128","5781 - 3M S140 SH14CLARL 60""","232J","IL-5781","5781","60","","","2026-01-14","back_fill_from_next"
"1129","5253 - Llumar RN 07 60""","453G027","IL-5253","5253","60","","","2026-01-14","back_fill_from_next"
"1130","5801 - SG Slate 30 72""","5.423302047E9","IL-5801","5801","72","","","2026-01-14","back_fill_from_next"
"1131","6218 - 3M Fasara Mare SH2FGMR 50""","1.07243526E8","IL-6218","6218","50","","","2026-01-14","back_fill_from_next"
"1132","6033 - 3M PR 50 60""","D290324631","IL-6033","6033","60","","","2026-01-14","back_fill_from_next"
"1133","6251 - SG Slate 20 36""","5.430914088E9","IL-6251","6251","36","","","2026-01-14","back_fill_from_next"
"1134","5869 - 3M PR 70 60""","D233324590","IL-5869","5869","60","","","2026-01-14","back_fill_from_next"
"1135","6101 - 3M PR 70 60""","E033324699","IL-6101","6101","60","","","2026-01-14","back_fill_from_next"
"1136","6227 - 3M PR 70 60""","E205324860","IL-6227","6227","60","","","2026-01-14","back_fill_from_next"
"1137","6249 - 3M PR 70 60""","E205324860","IL-6249","6249","60","","","2026-01-14","back_fill_from_next"
"1138","6253 - 3M PR 70 EXT 36""","D343324662","IL-6253","6253","36","","","2026-01-14","back_fill_from_next"
"1139","6095 - 3M PR 70 EXT 36""","D343324662","IL-6095","6095","36","","","2026-01-14","back_fill_from_next"
"1140","5778 - 3M Anti Graffiti AG-6 60""","220810E08","IL-5778","5778","60","","","2026-01-14","back_fill_from_next"
"1141","4030 - 3M PR 70 48""","","IL-4030","4030","48","","","2026-01-14","back_fill_from_next"
"1142","5161 - Avery Safety Matte 12 Mil R32311C 60""","RC4066988","IL-5161","5161","60","","","2026-01-14","back_fill_from_next"
"1143","5916 - Solyx Clear Frost SX1301 53""","","IL-5916","5916","53","","","2026-01-14","back_fill_from_next"
"1144","2126 - 3M Amber Low E 35 60""","K16111500","IL-2126","2126","60","","","2026-01-14","back_fill_from_next"
"1145","6122 - SG Truevue 30 60""","5.430297037E9","IL-6122","6122","60","","","2026-01-14","back_fill_from_next"
"1146","2892 - Llumar DR 25 60""","710A035","IL-2892","2892","60","","","2026-01-14","back_fill_from_next"
"1147","5959 - Solyx Whiteout SXWFWO 72""","","IL-5959","5959","72","","","2026-01-14","back_fill_from_next"
"1148","6027 - 3M Ultra S800 60""","D353324673","IL-6027","6027","60","","","2026-01-14","back_fill_from_next"
"1149","6140 - 3M Ultra S800 72""","E074324731","IL-6140","6140","72","","","2026-01-14","back_fill_from_next"
"1150","5949 - Madico Safetyshield 1500 60""","2.407230336E9","IL-5949","5949","60","","","2026-01-14","back_fill_from_next"
"1151","5379 - 3M AG-4 60""","230206V01","IL-5379","5379","60","","","2026-01-14","back_fill_from_next"
"1152","5878 - 3M PR 50 60""","D192324562","IL-5878","5878","60","","","2026-01-14","back_fill_from_next"
"1153","5807 - 3M S140 SH14CLARL 60""","232J","IL-5807","5807","60","","","2026-01-14","back_fill_from_next"
"1154","5894 - 3M Ultra S800 60""","E015324681","IL-5894","5894","60","","","2026-01-14","back_fill_from_next"
"1155","5763 - 3M Ultra S800 60""","D261324610","IL-5763","5763","60","","","2026-01-14","back_fill_from_next"
"1156","5047 - SG Truevue 05 72""","5.423312021E9","IL-5047","5047","72","","","2026-01-14","back_fill_from_next"
"1157","6046 - SG Truevue 05 72""","5.431000036E9","IL-6046","6046","72","","","2026-01-14","back_fill_from_next"
"1158","5464 - SG Truevue 05 72""","5.426563047E9","IL-5464","5464","72","","","2026-01-14","back_fill_from_next"
"1159","6024 - 3M Ultra S800 36""","E074324731","IL-6024","6024","36","","","2026-01-14","back_fill_from_next"
"1160","5111- Llumar 100% Whiteout 60""","","IL-5111","5111","60","","","2026-01-14","back_fill_from_next"
"1161","6055 - Madico Deco. Optivision 25 36""","2.405030076E9","IL-6055","6055","36","","","2026-01-14","back_fill_from_next"
"1162","3461 - 3M Safety S70 Clear 7MIL Ext 60""","B203324022","IL-3461","3461","60","","","2026-01-14","back_fill_from_next"
"1163","5971 - SG Slate 40 60""","5.429398038E9","IL-5971","5971","60","","","2026-01-14","back_fill_from_next"
"1164","5974 - SG Slate 40 60""","5.427153019E9","IL-5974","5974","60","","","2026-01-14","back_fill_from_next"
"1165","5898 - SG Slate 40 48""","5.429396045E9","IL-5898","5898","48","","","2026-01-14","back_fill_from_next"
"1166","6316 - Avery Silver 20 48""","RC4991244","IL-6316","6316","48","","","2026-01-14","back_fill_from_next"
"1167","6317 - 3M PR 70 72""","E083324739","IL-6317","6317","72","","","2026-01-14","back_fill_from_next"
"1168","6302 - 3M PR 70 72""","E083324739","IL-6302","6302","72","","","2026-01-14","back_fill_from_next"
"1169","6303 - 3M PR 70 72""","E083324739","IL-6303","6303","72","","","2026-01-14","back_fill_from_next"
"1170","6263 - 3M PR 70 72""","E083324739","IL-6263","6263","72","","","2026-01-14","back_fill_from_next"
"1171","5698 - 3M NV 35 36""","C262324407","IL-5698","5698","36","","","2026-01-14","back_fill_from_next"
"1172","3689 - 3M P-18 Silver 60""","70-0713-159-0","IL-3689","3689","60","","","2026-01-14","back_fill_from_next"
"1173","6189 - 3M Ultra S800 60""","E114324767","IL-6189","6189","60","","","2026-01-14","back_fill_from_next"
"1174","6237 - 3M Ultra S800 72""","E110324765","IL-6237","6237","72","","","2026-01-14","back_fill_from_next"
"1175","6268 - 3M Ultra S800 60""","E149324805","IL-6268","6268","60","","","2026-01-14","back_fill_from_next"
"1176","6260 - 3M Ultra S800 60""","E145324804","IL-6260","6260","60","","","2026-01-14","back_fill_from_next"
"1177","6238 - 3M Ultra S800 72""","E110324765","IL-6238","6238","72","","","2026-01-14","back_fill_from_next"
"1178","6269 - 3M Ultra S800 60""","E149324805","IL-6269","6269","60","","","2026-01-14","back_fill_from_next"
"1179","6208 - SG Slate 30 60""","5.432709046E9","IL-6208","6208","60","","","2026-01-14","back_fill_from_next"
"1180","6252 - Solyx Clear Waters SX-9000 36""","","IL-6252","6252","36","","","2026-01-14","back_fill_from_next"
"1181","6102 - 3M Fasara Border Leise Horiz. SH2FGLS 50""","1.06591795E8","IL-6102","6102","50","","","2026-01-14","back_fill_from_next"
"1182","6192 - 3M Black Blockout Matte 3635-22B 48""","L2417102","IL-6192","6192","48","","","2026-01-14","back_fill_from_next"
"1183","6311 - Solyx Clear Waters SX-9000 24""","","IL-6311","6311","24","","","2026-01-14","back_fill_from_next"
"1184","6006 - SG Slate 10 60""","5.429647079E9","IL-6006","6006","60","","","2026-01-14","back_fill_from_next"
"1185","6053 - SG Slate 10 36""","5.432092052E9","IL-6053","6053","36","","","2026-01-14","back_fill_from_next"
"1186","6291 - 3M S140 SH14CLARL 60""","232L","IL-6291","6291","60","","","2026-01-14","back_fill_from_next"
"1187","6292 - 3M S140 SH14CLARL 60""","242B","IL-6292","6292","60","","","2026-01-14","back_fill_from_next"
"1188","6356 - 3M Ultra S800 36""","E068324728","IL-6356","6356","36","","","2026-01-14","back_fill_from_next"
"1189","6349 - 3M Fasara Border Leise Horiz. SH2FGLS 50""","1.04696087E8","IL-6349","6349","50","","","2026-01-14","back_fill_from_next"
"1190","6294 - 3M S140 SH14CLARL 60""","242B","IL-6294","6294","60","","","2026-01-14","back_fill_from_next"
"1191","6374 - Llumar Frost NRM PS2 60""","464M055","IL-6374","6374","60","","","2026-01-14","back_fill_from_next"
"1192","4058 - LLumar Frost NRM PS2 60""","483A005","IL-4058","4058","60","","","2026-01-14","back_fill_from_next"
"1193","3556 - 3M PR 20 48""","323417008a","IL-3556","3556","48","","","2026-01-14","back_fill_from_next"
"1194","6190 - 3M Ultra S800 60""","E110324764","IL-6190","6190","60","","","2026-01-14","back_fill_from_next"
"1195","6358 - SG Slate 20 48""","5.433218039E9","IL-6358","6358","48","","","2026-01-14","back_fill_from_next"
"1196","6359 - SG Slate 20 48""","5.43321804E9","IL-6359","6359","48","","","2026-01-14","back_fill_from_next"
"1197","6176 - 3M PR 20 60""","D291324632","IL-6176","6176","60","","","2026-01-14","back_fill_from_next"
"1198","6148 - Madico Safetyshield 1500 72""","2.41693019E9","IL-6148","6148","72","","","2026-01-14","back_fill_from_next"
"1199","3843 - 3M Emboss-Hairline Matte SH2HLMA 48""","","IL-3843","3843","48","","","2026-01-14","back_fill_from_next"
"1200","6248 - 3M Fasara Emboss Hairline Matte SH2HLMA 48""","","IL-6248","6248","48","","","2026-01-14","back_fill_from_next"
"1201","5868 - Madico Safetyshield 800 48""","2.400430314E9","IL-5868","5868","48","","","2026-01-14","back_fill_from_next"
"1202","6305 - SG Truevue 15 48""","5.434327036E9","IL-6305","6305","48","","","2026-01-14","back_fill_from_next"
"1203","6270 - 3M Ultra S800 60""","E149324805","IL-6270","6270","60","","","2026-01-14","back_fill_from_next"
"1204","5915 - 3M S70 EXT 72""","D135324525","IL-5915","5915","72","","","2026-01-14","back_fill_from_next"
"1205","6343 - Llumar Bronze 20 N1020B 60""","433D085","IL-6343","6343","60","","","2026-01-14","back_fill_from_next"
"1206","6344 - Llumar Bronze 20 N1020B 60""","433D085P46","IL-6344","6344","60","","","2026-01-14","back_fill_from_next"
"1207","6348 - Llumar Bronze 20 N1020B 60""","433D085P48","IL-6348","6348","60","","","2026-01-14","back_fill_from_next"
"1208","3223 - SOL SXF-5050 TOTAL LIGHT BLOCKOUT","","IL-3223","3223",,"","","2026-01-14","back_fill_from_next"
"1209","6372 - Solyx Total Light Blockout White SXF-5050 60""","","IL-6372","6372","60","","","2026-01-14","back_fill_from_next"
"1210","6163 - SG Truevue 15 60""","5.414936033E9","IL-6163","6163","60","","","2026-01-14","back_fill_from_next"
"1211","6369 - SG Truevue 15 60""","5.435025041E9","IL-6369","6369","60","","","2026-01-14","back_fill_from_next"
"1212","6373 - SG Truevue 15 60""","5.43518605E9","IL-6373","6373","60","","","2026-01-14","back_fill_from_next"
"1213","6282 - Madico 12 Mil Frost Matte 60""","2.320239029E9","IL-6282","6282","60","","","2026-01-14","back_fill_from_next"
"1214","6283 - Madico 12 Mil Frost Matte 60""","2.329239026E9","IL-6283","6283","60","","","2026-01-14","back_fill_from_next"
"1215","6233 - 3M Fasara Milano Milky White SH2MAML 60""","106897512A","IL-6233","6233","60","","","2026-01-14","back_fill_from_next"
"1216","5251 - 3M Fasara Frost Milano Milky White SH2MAML 60""","1.05504548E8","IL-5251","5251","60","","","2026-01-14","back_fill_from_next"
"1217","6297 - Madico Safetyshield 1500 72""","2.431830098E9","IL-6297","6297","72","","","2026-01-14","back_fill_from_next"
"1218","6093 - 3M Fasara Milano Milky White SH2MAML 60""","106923107A","IL-6093","6093","60","","","2026-01-14","back_fill_from_next"
"1219","6389 - Solyx White Matte SXWFWM 48""","","IL-6389","6389","48","","","2026-01-14","back_fill_from_next"
"1220","5955 - Madico Safetyshield 800 Optivision 15 72""","2.401030116E9","IL-5955","5955","72","","","2026-01-14","back_fill_from_next"
"1221","6056 - Madico Safetyshield 800 Optivision 15 72""","2.412830153E9","IL-6056","6056","72","","","2026-01-14","back_fill_from_next"
"1222","6179 - Solyx Dusted Crystal SX3140 60""","","IL-6179","6179","60","","","2026-01-14","back_fill_from_next"
"1223","1366 - Silver S20 8 Mil 60""","","IL-1366","1366","60","","","2026-01-14","back_fill_from_next"
"1224","6142 - 3M Fasara Glace SH2MAGL 50""","","IL-6142","6142","50","","","2026-01-14","back_fill_from_next"
"1225","6194 - SG Truevue 05 48""","5.429390009E9","IL-6194","6194","48","","","2026-01-14","back_fill_from_next"
"1226","5370 - SG Truevue 05 48""","5.425715032E9","IL-5370","5370","48","","","2026-01-14","back_fill_from_next"
"1227","5800 - Solyx Dry Erase White For Glass SX2090 59""","","IL-5800","5800","59","","","2026-01-14","back_fill_from_next"
"1228","6412 - 3M Ultra S800 36""","D173324553","IL-6412","6412","36","","","2026-01-14","back_fill_from_next"
"1229","6417 - Llumar SCL SR PS8 60""","U786139","IL-6417","6417","60","","","2026-01-14","back_fill_from_next"
"1230","5084 - 3M NV 15 60""","D108324505","IL-5084","5084","60","","","2026-01-14","back_fill_from_next"
"1231","6299 - Madico Safetyshield 800 36""","2.426730216E9","IL-6299","6299","36","","","2026-01-14","back_fill_from_next"
"1232","5810 - Madico Safetyshield 800 48""","2.334130247E9","IL-5810","5810","48","","","2026-01-14","back_fill_from_next"
"1233","6376 - 3M Fasara Stripe Safari SH2PTSR 50""","1.05469423E8","IL-6376","6376","50","","","2026-01-14","back_fill_from_next"
"1234","6393 - 3M PR 60 48""","E037324700","IL-6393","6393","48","","","2026-01-14","back_fill_from_next"
"1235","6334 - Madico Safetyshield 800 36""","2.426730251E9","IL-6334","6334","36","","","2026-01-14","back_fill_from_next"
"1236","6400 - 3M S2400 72""","1.480001406E9","IL-6400","6400","72","","","2026-01-14","back_fill_from_next"
"1237","6401 - 3M S2400 72""","1.480001406E9","IL-6401","6401","72","","","2026-01-14","back_fill_from_next"
"1238","6402 - 3M S2400 72""","1.480001535E9","IL-6402","6402","72","","","2026-01-14","back_fill_from_next"
"1239","6421 - Madico Safetyshield 1500 60""","2.507930136E9","IL-6421","6421","60","","","2026-01-14","back_fill_from_next"
"1240","6422 - Madico Safetyshield 1500 60""","2.507930133E9","IL-6422","6422","60","","","2026-01-14","back_fill_from_next"
"1241","6423 - Madico Safetyshield 1500 60""","2.507930133E9","IL-6423","6423","60","","","2026-01-14","back_fill_from_next"
"1242","6424 - Madico Safetyshield 1500 72""","2.508430048E9","IL-6424","6424","72","","","2026-01-14","back_fill_from_next"
"1243","6425 - Madico Safetyshield 1500 72""","2.508430051E9","IL-6425","6425","72","","","2026-01-14","back_fill_from_next"
"1244","5838 - Tremco Spectrem 2 Clear","","IL-5838","5838",,"","","2026-01-14","back_fill_from_next"
"1245","6390 - Solyx White Matte SXWFWM 60""","Source One test print","IL-6390","6390","60","","","2026-01-14","back_fill_from_next"
"1246","6450 - Solyx Total Light Blockout White SXF-5050 60""","","IL-6450","6450","60","","","2026-01-14","back_fill_from_next"
"1247","2863- V28 72""","450D023P28","IL-2863","2863","72","","","2026-01-14","back_fill_from_next"
"1248","5416 - Madico 12 Mil Frost Matte 60""","2.325539004E9","IL-5416","5416","60","","","2026-01-14","back_fill_from_next"
"1249","5008 - 3M Fasara Frost Straight Washi SH2FGSW 50""","1.05167516E8","IL-5008","5008","50","","","2026-01-14","back_fill_from_next"
"1250","6109 - 3M Fasara Straight Washi SH2FGSW 50""","1.0637233E7","IL-6109","6109","50","","","2026-01-14","back_fill_from_next"
"1251","6300 - 3M PR 70 36""","E266324909","IL-6300","6300","36","","","2026-01-14","back_fill_from_next"
"1252","5975 - 3M PR 70 72""","E025324689","IL-5975","5975","72","","","2026-01-14","back_fill_from_next"
"1253","6463 - Feather Friendly Harmony 36""","","IL-6463","6463","36","","","2026-01-14","back_fill_from_next"
"1254","6313 - Solyx Deep Etch SXGF-0097 60""","","IL-6313","6313","60","","","2026-01-14","back_fill_from_next"
"1255","5417 - SG Slate 40 60""","5.425707031E9","IL-5417","5417","60","","","2026-01-14","back_fill_from_next"
"1256","6467 - Solyx Shimera SX-3160 48""","","IL-6467","6467","48","","","2026-01-14","back_fill_from_next"
"1257","5465 - SG Truevue 05 60""","5.424953037E9","IL-5465","5465","60","","","2026-01-14","back_fill_from_next"
"1258","6449 - SG Truevue 05 48""","5.436118029E9","IL-6449","6449","48","","","2026-01-14","back_fill_from_next"
"1259","6485 - Solyx Clear Frost SX1301 36""","","IL-6485","6485","36","","","2026-01-14","back_fill_from_next"
"1260","6486 - Solyx Clear Frost SX1301 60""","","IL-6486","6486","60","","","2026-01-14","back_fill_from_next"
"1261","6471 - Feather Friendly Symmetry 36""","","IL-6471","6471","36","","","2026-01-14","back_fill_from_next"
"1262","6453 - Solyx Dry Erase White For Glass SX2090 59""","","IL-6453","6453","59","","","2026-01-14","back_fill_from_next"
"1263","6437 - Solyx Dry Erase White For Glass SX2090 59""","","IL-6437","6437","59","","","2026-01-14","back_fill_from_next"
"1264","6106 - SG Sentinel Plus DX5 EXT 60""","5.432238013E9","IL-6106","6106","60","","","2026-01-14","back_fill_from_next"
"1265","6108 - SG Sentinel Plus DX5 EXT 72""","5.43194307E9","IL-6108","6108","72","","","2026-01-14","back_fill_from_next"
"1266","5077 - 3M Fasara Frost Fine Crystal SH2FNCR 60""","NO17C034","IL-5077","5077","60","","","2026-01-14","back_fill_from_next"
"1267","6476 - SG Slate 20 36""","5.436555075E9","IL-6476","6476","36","","","2026-01-14","back_fill_from_next"
"1268","5897 - 3M Affinity 15 72""","9.1623983E7","IL-5897","5897","72","","","2026-01-14","back_fill_from_next"
"1269","3512 - SG Slate 20 48""","5.416613031E9","IL-3512","3512","48","","","2026-01-14","back_fill_from_next"
"1270","3130 - Panaroma Slate 20 48""","5.40951002E9","IL-3130","3130","48","","","2026-01-14","back_fill_from_next"
"1271","6394 - 3M PR 60 48""","E037324700","IL-6394","6394","48","","","2026-01-14","back_fill_from_next"
"1272","6440 - Madico Safetyshield 1500 60""","2.508330228E9","IL-6440","6440","60","","","2026-01-14","back_fill_from_next"
"1273","6247 - Llumar V 33 72""","474A103P13","IL-6247","6247","72","","","2026-01-14","back_fill_from_next"
"1274","6357 - 3M Ultra S800 60""","E325324962","IL-6357","6357","60","","","2026-01-14","back_fill_from_next"
"1275","6267 - 3M Ultra S800 36""","E145324804","IL-6267","6267","36","","","2026-01-14","back_fill_from_next"
"1276","6489 - 3M Affinity 15 60""","1.01924015E8","IL-6489","6489","60","","","2026-01-14","back_fill_from_next"
"1277","6296 - Madico Safetyshield 1500 60""","2.431330079E9","IL-6296","6296","60","","","2026-01-14","back_fill_from_next"
"1278","6191 - 3M Ultra S800 60""","E110324764","IL-6191","6191","60","","","2026-01-14","back_fill_from_next"
"1279","6498 - Solyx White Matte Max SXWFWMAX 60""","","IL-6498","6498","60","","","2026-01-14","back_fill_from_next"
"1280","6483 - 3M Ultra S800 36""","E145324804","IL-6483","6483","36","","","2026-01-14","back_fill_from_next"
"1281","6510 - 3M NV 25 36""","F073325045","IL-6510","6510","36","","","2026-01-14","back_fill_from_next"
"1282","6493 - 3M NV 15 60""","F074325046","IL-6493","6493","60","","","2026-01-14","back_fill_from_next"
"1283","6494 - 3M PR 50 EXT 60""","F010324993","IL-6494","6494","60","","","2026-01-14","back_fill_from_next"
"1284","6534 - SG Truevue 05 60""","5.437432055E9","IL-6534","6534","60","","","2026-01-14","back_fill_from_next"
"1285","6511 - SG Truevue 05 60""","5.437432059E9","IL-6511","6511","60","","","2026-01-14","back_fill_from_next"
"1286","6239 - Llumar RN07 36""","494F013P09","IL-6239","6239","36","","","2026-01-14","back_fill_from_next"
"1287","6368 - Llumar RN07 48""","464H039P14","IL-6368","6368","48","","","2026-01-14","back_fill_from_next"
"1288","6337 - Madico Safetyshield 800 48""","2.418330415E9","IL-6337","6337","48","","","2026-01-14","back_fill_from_next"
"1289","6520 - 3M S70 EXT 60""","E317324958","IL-6520","6520","60","","","2026-01-14","back_fill_from_next"
"1290","6521 - 3M S70 EXT 60""","E317324958","IL-6521","6521","60","","","2026-01-14","back_fill_from_next"
"1291","6522 - 3M S70 EXT 60""","E317324958","IL-6522","6522","60","","","2026-01-14","back_fill_from_next"
"1292","6523 - 3M S70 EXT 72""","E317324958","IL-6523","6523","72","","","2026-01-14","back_fill_from_next"
"1293","6524 - 3M S70 EXT 72""","E317324958","IL-6524","6524","72","","","2026-01-14","back_fill_from_next"
"1294","6499 - 3M Ultra S800 60""","E115324768","IL-6499","6499","60","","","2026-01-14","back_fill_from_next"
"1295","5122 - 3M NV 25 60""","D110324507","IL-5122","5122","60","","","2026-01-14","back_fill_from_next"
"1296","6533 - Madico Safetyshield 800 Silver 20 72""","2.508430431E9","IL-6533","6533","72","","","2026-01-14","back_fill_from_next"
"1297","3220 - SOLYX SXJ-0561 60"" MATT FINISH FINE DOTS   GRADIANT","","IL-3220","3220","60","","","2026-01-14","back_fill_from_next"
"1298","6336 - Madico Safetyshield 800 48""","2.416630005E9","IL-6336","6336","48","","","2026-01-14","back_fill_from_next"
"1299","6570 - 3M Fasara Lausanne SH2EMLA 50""","107672000A","IL-6570","6570","50","","","2026-01-14","back_fill_from_next"
"1300","6461 - 3M Fasara Mat Crystal SH2MACR-I 60""""","","IL-6461","6461","60","","","2026-01-14","back_fill_from_next"
"1301","5911 - 3M S70 EXT 60""","D132324524","IL-5911","5911","60","","","2026-01-14","back_fill_from_next"
"1302","1487- PR 70 Ultra 72""","402884008B","IL-1487","1487","72","","","2026-01-14","back_fill_from_next"
"1303","3638 - Madico Safetyshield 1500 Clear 15 MIL 72""","NA   Tunneled?","IL-3638","3638","72","","","2026-01-14","back_fill_from_next"
"1304","5380 - 3M AG-4 72""","1.02621219E8","IL-5380","5380","72","","","2026-01-14","back_fill_from_next"
"1305","5812 - Madico Safetyshield 800 48""","2.403330348E9","IL-5812","5812","48","","","2026-01-14","back_fill_from_next"
"1306","5910 - 3M S70 EXT 60""","D132324524","IL-5910","5910","60","","","2026-01-14","back_fill_from_next"
"1307","6172 - 3M S140 SH14CLARL 60""","232L","IL-6172","6172","60","","","2026-01-14","back_fill_from_next"
"1308","6220 - Madico 12 Mil Frost Matte 60""","2.404630149E9","IL-6220","6220","60","","","2026-01-14","back_fill_from_next"
"1309","3427- MILANO SH2MAML 50""","JR-4510-4399-6","IL-3427","3427","50","","","2026-01-14","back_fill_from_next"
"1310","4072 - 3M FASARA San Marino SH2MAMM  60""","104837099A","IL-4072","4072","60","","","2026-01-14","back_fill_from_next"
"1311","6275 - Feather Friendly Harmony 36""","","IL-6275","6275","36","","","2026-01-14","back_fill_from_next"
"1312","6276 - Feather Friendly Harmony 36""","","IL-6276","6276","36","","","2026-01-14","back_fill_from_next"
"1313","6277 - Feather Friendly Harmony 36""","","IL-6277","6277","36","","","2026-01-14","back_fill_from_next"
"1314","6202 - 3M PR 20 EXT 36""","E179324833","IL-6202","6202","36","","","2026-01-14","back_fill_from_next"
"1315","3844 - Solyx White Sand Matte SX1409 55""","","IL-3844","3844","55","","","2026-01-14","back_fill_from_next"
"1316","6212 - Llumar 100% Whiteout 60""","D794557P08","IL-6212","6212","60","","","2026-01-14","back_fill_from_next"
"1317","3657 - SG TrueVue 15 36""","5.41587503E9","IL-3657","3657","36","","","2026-01-14","back_fill_from_next"
"1318","3502 - SG Panarama HiLite 70  72""","","IL-3502","3502","72","","","2026-01-14","back_fill_from_next"
"1319","5953 - SG Sentinel Plus DX5 EXT 72""","5.425138062E9","IL-5953","5953","72","","","2026-01-14","back_fill_from_next"
"1320","6052 - SG Slate 20 60""","5.430914053E9","IL-6052","6052","60","","","2026-01-14","back_fill_from_next"
"1321","6410 - 3M IPA White","","IL-6410","6410",,"","","2026-01-14","back_fill_from_next"
"1322","6105 - DOW 995 White Cart.","","IL-6105","6105",,"","","2026-01-14","back_fill_from_next"
"1323","5983 - DOW 995 Black","","IL-5983","5983",,"","","2026-01-14","back_fill_from_next"
"1324","3584 - 3M White IPA Caulk","","IL-3584","3584",,"","","2026-01-14","back_fill_from_next"
"1325","2602 - GREY CAULK - STONEY","","IL-2602","2602",,"","","2026-01-14","back_fill_from_next"
"1326","3169 - LLUMAR PS13 60""","D741155","IL-3169","3169","60","","","2026-01-14","back_fill_from_next"
"1327","3170 - LLUMAR PS13 72""","D746852","IL-3170","3170","72","","","2026-01-14","back_fill_from_next"
"1328","2597 - AV Clear 7Mil EXT 72""","","IL-2597","2597","72","","","2026-01-14","back_fill_from_next"
"1329","6273 - Xpel Intelligence 65 XVAS65 58""","1.01092149E8","IL-6273","6273","58","","","2026-01-14","back_fill_from_next"
"1330","6542 - Llumar Bronze 20 N1020B 60""","415B053","IL-6542","6542","60","","","2026-01-14","back_fill_from_next"
"1331","6543 - Llumar Bronze 20 N1020B 60""","415B053","IL-6543","6543","60","","","2026-01-14","back_fill_from_next"
"1332","6544 - Llumar Bronze 20 N1020B 60""","415B053P23","IL-6544","6544","60","","","2026-01-14","back_fill_from_next"
"1333","6545 - Llumar Bronze 20 N1020B 60""","415B053","IL-6545","6545","60","","","2026-01-14","back_fill_from_next"
"1334","6546 - Llumar Bronze 20 N1020B 60""","415B053","IL-6546","6546","60","","","2026-01-14","back_fill_from_next"
"1335","6547 - Llumar Bronze 20 N1020B 72""","455C012","IL-6547","6547","72","","","2026-01-14","back_fill_from_next"
"1336","6549 - Llumar Bronze 20 N1020B 72""","455C012P25","IL-6549","6549","72","","","2026-01-14","back_fill_from_next"
"1337","6553 - Madico Safetyshield 800 60""","2.510430127E9","IL-6553","6553","60","","","2026-01-14","back_fill_from_next"
"1338","6554 - Madico Safetyshield 800 60""","2.512030196E9","IL-6554","6554","60","","","2026-01-14","back_fill_from_next"
"1339","6198 - Madico Safetyshield 800 36""","2.418030157E9","IL-6198","6198","36","","","2026-01-14","back_fill_from_next"
"1340","6556 - 3M Affinity 15 60""","1.01924014E8","IL-6556","6556","60","","","2026-01-14","back_fill_from_next"
"1341","6557 - 3M Affinity 15 60""","1.01924014E8","IL-6557","6557","60","","","2026-01-14","back_fill_from_next"
"1342","6256 - 3M Fasara San Marino Milky Milky SH2MAMM 50""","106372915B","IL-6256","6256","50","","","2026-01-14","back_fill_from_next"
"1343","6047 - 3M PR 40 EXT 60""","E104324756","IL-6047","6047","60","","","2026-01-14","back_fill_from_next"
"1344","6341 - Madico Safetyshield 800 72""","2.426730156E9","IL-6341","6341","72","","","2026-01-14","back_fill_from_next"
"1345","6284 - Madico Safetyshield 800 60""","2.42613006E9","IL-6284","6284","60","","","2026-01-14","back_fill_from_next"
"1346","6298 - Madico Safetyshield 800 36""","2.426730215E9","IL-6298","6298","36","","","2026-01-14","back_fill_from_next"
"1347","5389 - Madico Frost Matte 2 Mil 200PS 60""","2.317133038E9","IL-5389","5389","60","","","2026-01-14","back_fill_from_next"
"1348","6234 - 3M PR 70 EXT 36""","D343324662","IL-6234","6234","36","","","2026-01-14","back_fill_from_next"
"1349","6235 - 3M PR 70 EXT 36""","D343324662","IL-6235","6235","36","","","2026-01-14","back_fill_from_next"
"1350","6528 - Solyx Safety Sand Blast SXR8785 60""","","IL-6528","6528","60","","","2026-01-14","back_fill_from_next"
"1351","2733 - Reed Glass SX-1254 BOX 2/2","","IL-2733","2733",,"","","2026-01-14","back_fill_from_next"
"1352","6474 - 3M Ultra S800 60""","E327324964","IL-6474","6474","60","","","2026-01-14","back_fill_from_next"
"1353","6599 - 3M S80 60""","242B","IL-6599","6599","60","","","2026-01-14","back_fill_from_next"
"1354","6611 - 3M S80 60""","242L","IL-6611","6611","60","","","2026-01-14","back_fill_from_next"
"1355","5755 - Solar Graphics Amber 2400 60""","","IL-5755","5755","60","","","2026-01-14","back_fill_from_next"
"1356","6415 - Solyx White Matte SXWFWM 60""","","IL-6415","6415","60","","","2026-01-14","back_fill_from_next"
"1357","6321 - Feather Friendly Harmony 48""","","IL-6321","6321","48","","","2026-01-14","back_fill_from_next"
"1358","6323 - Feather Friendly Harmony 48""","","IL-6323","6323","48","","","2026-01-14","back_fill_from_next"
"1359","6324 - Feather Friendly Harmony 48""","","IL-6324","6324","48","","","2026-01-14","back_fill_from_next"
"1360","6639 - 3M S140 SH14CLARL 60""","242E","IL-6639","6639","60","","","2026-01-14","back_fill_from_next"
"1361","6625 - Solyx White Black Opaque SXWFWB 59""","","IL-6625","6625","59","","","2026-01-14","back_fill_from_next"
"1362","6586 - Llumar V 18 48""","475D066P03","IL-6586","6586","48","","","2026-01-14","back_fill_from_next"
"1363","6470 - 3M PR 70 60""","F045325023","IL-6470","6470","60","","","2026-01-14","back_fill_from_next"
"1364","6576 - 3M S140 SH14CLARL 60""","242B","IL-6576","6576","60","","","2026-01-14","back_fill_from_next"
"1365","6577 - 3M S140 SH14CLARL 60""","242B","IL-6577","6577","60","","","2026-01-14","back_fill_from_next"
"1366","5445 - 3M Fasara Black Blockout Matte 3635-22B 48""","126746.0","IL-5445","5445","48","","","2026-01-14","back_fill_from_next"
"1367","5413 - Llumar Frost NRM PS2 60""","403H022","IL-5413","5413","60","","","2026-01-14","back_fill_from_next"
"1368","5726 - Llumar Frost NRM PS2 72""","453L053","IL-5726","5726","72","","","2026-01-14","back_fill_from_next"
"1369","5722 - Llumar Frost NRM PS2 60""","433L039","IL-5722","5722","60","","","2026-01-14","back_fill_from_next"
"1370","5770 - Llumar Frost NRM PS2 60""","463M006","IL-5770","5770","60","","","2026-01-14","back_fill_from_next"
"1371","6501 - 3M Affinity 15 60""","1.01924015E8","IL-6501","6501","60","","","2026-01-14","back_fill_from_next"
"1372","5255 - Llumar Frost NRM PS2 60""","463G104","IL-5255","5255","60","","","2026-01-14","back_fill_from_next"
"1373","6158 - Llumar Frost NRM PS2 72""","444F032","IL-6158","6158","72","","","2026-01-14","back_fill_from_next"
"1374","6138 - Llumar Frost NRM PS2 48""","464F032","IL-6138","6138","48","","","2026-01-14","back_fill_from_next"
"1375","6159 - Llumar Frost NRM PS2 72""","444F032","IL-6159","6159","72","","","2026-01-14","back_fill_from_next"
"1376","6645 - Madico Safetyshield 800 Nova 70 72""","2.506330238E9","IL-6645","6645","72","","","2026-01-14","back_fill_from_next"
"1377","6646 - Madico Safetyshield 800 Nova 70 72""","2.506330269E9","IL-6646","6646","72","","","2026-01-14","back_fill_from_next"
"1378","6643 - Madico Safetyshield 800 Nova 70 60""","2.506430038E9","IL-6643","6643","60","","","2026-01-14","back_fill_from_next"
"1379","6500 - 3M Ultra S800 60""","E115324768","IL-6500","6500","60","","","2026-01-14","back_fill_from_next"
"1380","5757 - 3M NV 15 72""","D305324639","IL-5757","5757","72","","","2026-01-14","back_fill_from_next"
"1381","6593 - 3M NV 15 36""","F074325047","IL-6593","6593","36","","","2026-01-14","back_fill_from_next"
"1382","6595 - Madico Frost Matte 2 Mil 200PS 72""","2.511130117E9","IL-6595","6595","72","","","2026-01-14","back_fill_from_next"
"1383","6631 - Llumar V 28 60""","","IL-6631","6631","60","","","2026-01-14","back_fill_from_next"
"1384","6414 - 3M Fasara Fine Crystal SH2FNCR 50""","107624212A","IL-6414","6414","50","","","2026-01-14","back_fill_from_next"
"1385","6605 - Madico Safetyshield 800 72""","2.434730311E9","IL-6605","6605","72","","","2026-01-14","back_fill_from_next"
"1386","6567 - 3M Silver 15 EXT 72""","5438783.0","IL-6567","6567","72","","","2026-01-14","back_fill_from_next"
"1387","6487 - Llumar Frost NRM PS2 36""","405D003","IL-6487","6487","36","","","2026-01-14","back_fill_from_next"
"1388","5990 - Avery E-lite 45 60""","RC3225964","IL-5990","5990","60","","","2026-01-14","back_fill_from_next"
"1389","6651 - Avery E-Lite 45 36""","RC1083009","IL-6651","6651","36","","","2026-01-14","back_fill_from_next"
"1390","6626 - SG Truevue 30 48""","5.42875604E9","IL-6626","6626","48","","","2026-01-14","back_fill_from_next"
"1391","6627 - SG Truevue 30 60""","5.438157024E9","IL-6627","6627","60","","","2026-01-14","back_fill_from_next"
"1392","6615 - 3M PR 20 EXT 60""","F143325115","IL-6615","6615","60","","","2026-01-14","back_fill_from_next"
"1393","6640 - 3M S140 SH14CLARL 60""","242E","IL-6640","6640","60","","","2026-01-14","back_fill_from_next"
"1394","6264 - SG Truevue 05 72""","5.433794029E9","IL-6264","6264","72","","","2026-01-14","back_fill_from_next"
"1395","1797 - 3M Arpa SH2FGAP 50""","JR-4510-3776-6","IL-1797","1797","50","","","2026-01-14","back_fill_from_next"
"1396","6671 - Avery Perlite 70 36""","RC5005737","IL-6671","6671","36","","","2026-01-14","back_fill_from_next"
"1397","6673 - Avery Perlite 70 60""","RC5122001","IL-6673","6673","60","","","2026-01-14","back_fill_from_next"
"1398","6573 - Solyx Triangle Gradient SXJ0594 71""","","IL-6573","6573","71","","","2026-01-14","back_fill_from_next"
"1399","6587 - 3M NV 15 60""","F168325129","IL-6587","6587","60","","","2026-01-14","back_fill_from_next"
"1400","5787 - 3M S140 SH14CLARL 60""","232J","IL-5787","5787","60","","","2026-01-14","back_fill_from_next"
"1401","3194B- 3M Dusted Crystal   32""","G2117101","IL-3194B","3194B","32","","","2026-01-14","back_fill_from_next"
"1402","4033 - Llumar Frost NRM PS2  60""","","IL-4033","4033","60","","","2026-01-14","back_fill_from_next"
"1403","6219 - 3M S80 60""","232G","IL-6219","6219","60","","","2026-01-14","back_fill_from_next"
"1404","4097 - Llumar Vista V33 60""","443A037P08","IL-4097","4097","60","","","2026-01-14","back_fill_from_next"
"1405","6308 - Llumar V 33 60""","494J063P07","IL-6308","6308","60","","","2026-01-14","back_fill_from_next"
"1406","6320 - SG Truevue 30 60""","5.432689022E9","IL-6320","6320","60","","","2026-01-14","back_fill_from_next"
"1407","6680 - 3M Affinity 15 60""","1.01924014E8","IL-6680","6680","60","","","2026-01-14","back_fill_from_next"
"1408","6682 - 3M Affinity 15 60""","1.01924014E8","IL-6682","6682","60","","","2026-01-14","back_fill_from_next"
"1409","6663 - V-Kool VK 40 72""","5.435412008E9","IL-6663","6663","72","","","2026-01-14","back_fill_from_next"
"1410","6647 - Madico Safetyshield 800 Nova 70 72""","2.506330241E9","IL-6647","6647","72","","","2026-01-14","back_fill_from_next"
"1411","6706 - Llumar Frost NRM PS2 48""","455H047","IL-6706","6706","48","","","2026-01-14","back_fill_from_next"
"1412","6708 - Llumar Frost NRM PS2 72""","435J030","IL-6708","6708","72","","","2026-01-14","back_fill_from_next"
"1413","6259 - 3M Ultra S800 60""""","E145324804","IL-6259","6259","60","","","2026-01-14","back_fill_from_next"
"1414","6653 - 3M Fasara Mat Crystal SH2MACR-I 60""","1.08394965E8","IL-6653","6653","60","","","2026-01-14","back_fill_from_next"
"1415","6658 - Llumar Frost NRM PS2 72""","475J027","IL-6658","6658","72","","","2026-01-14","back_fill_from_next"
"1416","6538 - Solyx Frosted Strie SGV6613 48""","","IL-6538","6538","48","","","2026-01-14","back_fill_from_next"
"1417","6674 - Madico Frost Matte 2 Mil 200PS 72""","2.513630125E9","IL-6674","6674","72","","","2026-01-14","back_fill_from_next"
"1418","6475 - 3M NV 35 36""","E342324976","IL-6475","6475","36","","","2026-01-14","back_fill_from_next"
"1419","6719 - SG Slate 10 48""","5.438936021E9","IL-6719","6719","48","","","2026-01-14","back_fill_from_next"
"1420","6710 - SG Graffitigard 6 Mil 72""","5.438660017E9","IL-6710","6710","72","","","2026-01-14","back_fill_from_next"
"1421","6713 - Solyx Geometric SX3150 60""","","IL-6713","6713","60","","","2026-01-14","back_fill_from_next"
"1422","6049 - 3M PR 50 60""","","IL-6049","6049","60","","","2026-01-14","back_fill_from_next"
"1423","6725 - 3M AG-4 72""","7.0417581E7","IL-6725","6725","72","","","2026-01-14","back_fill_from_next"
"1424","6717 - 3M Black Electrocut 7725-12 48""","G2516402","IL-6717","6717","48","","","2026-01-14","back_fill_from_next"
"1425","6582 - 3M PR 90 EXT 60""","F196325155-2","IL-6582","6582","60","","","2026-01-14","back_fill_from_next"
"1426","6622 - 3M PR 70 36""","F162325126","IL-6622","6622","36","","","2026-01-14","back_fill_from_next"
"1427","6619 - Madico Safetyshield 1500 72""","2.521930094E9","IL-6619","6619","72","","","2026-01-14","back_fill_from_next"
"1428","6456 - Madico Safetyshield 1500 60""","2.507930014E9","IL-6456","6456","60","","","2026-01-14","back_fill_from_next"
"1429","6758 - 3M PR 70 EXT 36""","F157325122","IL-6758","6758","36","","","2026-01-14","back_fill_from_next"
"1430","6759 - Madico 12 Mil Frost Matte 60""","2.523230256E9","IL-6759","6759","60","","","2026-01-14","back_fill_from_next"
"1431","6704 - Casper Cloaking PF001-801 48""","91825002-3A","IL-6704","6704","48","","","2026-01-14","back_fill_from_next"
"1432","6760 - SG Slate 10 48""","5.439647014E9","IL-6760","6760","48","","","2026-01-14","back_fill_from_next"
"1433","6217 - 3M PR 50 72""","E026324692","IL-6217","6217","72","","","2026-01-14","back_fill_from_next"
"1434","6634 - Solyx Geometric SX3150 60""","","IL-6634","6634","60","","","2026-01-14","back_fill_from_next"
"1435","5688 - 3M NV 25 48""","D201324572","IL-5688","5688","48","","","2026-01-14","back_fill_from_next"
"1436","5689 - 3M NV 25 60""","D257324607","IL-5689","5689","60","","","2026-01-14","back_fill_from_next"
"1437","6763 - Solyx Silver/Grey One Way SXSG09 60""","","IL-6763","6763","60","","","2026-01-14","back_fill_from_next"
"1438","6623 - 3M PR 70 48""","F157325122","IL-6623","6623","48","","","2026-01-14","back_fill_from_next"
"1439","5816 - Madico Safetyshield 800 48""","2.334230126E9","IL-5816","5816","48","","","2026-01-14","back_fill_from_next"
"1440","6551 - Madico Safetyshield 800 36""","2.512630407E9","IL-6551","6551","36","","","2026-01-14","back_fill_from_next"
"1441","6182 - Madico Safetyshield 1500 60""","2.416630293E9","IL-6182","6182","60","","","2026-01-14","back_fill_from_next"
"1442","6479 - Madico Safetyshield 1500 60""","2.510730071E9","IL-6479","6479","60","","","2026-01-14","back_fill_from_next"
"1443","6830 - Solyx Total Light Blockout White 60""","","IL-6830","6830","60","","","2026-01-14","back_fill_from_next"
"1444","6831 - Solyx Total Light Blockout White 60""","","IL-6831","6831","60","","","2026-01-14","back_fill_from_next"
"1445","6832 - Solyx Total Light Blockout White 60""","","IL-6832","6832","60","","","2026-01-14","back_fill_from_next"
"1446","6833 - Solyx Total Light Blockout White 60""","","IL-6833","6833","60","","","2026-01-14","back_fill_from_next"
"1447","6834 - Solyx Total Light Blockout White 60""","","IL-6834","6834","60","","","2026-01-14","back_fill_from_next"
"1448","6835 - Solyx Total Light Blockout White 60""","","IL-6835","6835","60","","","2026-01-14","back_fill_from_next"
"1449","6836 - Solyx Total Light Blockout White 60""","","IL-6836","6836","60","","","2026-01-14","back_fill_from_next"
"1450","6837 - Solyx Total Light Blockout White 60""","","IL-6837","6837","60","","","2026-01-14","back_fill_from_next"
"1451","6696 - SG Truevue 05 60""","5.439181033E9","IL-6696","6696","60","","","2026-01-14","back_fill_from_next"
"1452","6154 - 3M Ultra S800 72""","E074324731","IL-6154","6154","72","","","2026-01-14","back_fill_from_next"
"1453","3640 - SX-3131 Eco Dusted 60""","","IL-3640","3640","60","","","2026-01-14","back_fill_from_next"
"1454","6409 - 3M Fasara Glace SH2MAGL 50""","107530818A","IL-6409","6409","50","","","2026-01-14","back_fill_from_next"
"1455","5450 - Solyx Blackout SXWFBO 36""","","IL-5450","5450","36","","","2026-01-14","back_fill_from_next"
"1456","6796 - 3M NV 15 72""","F293325231","IL-6796","6796","72","","","2026-01-14","back_fill_from_next"
"1457","6193 - 3M Black Blockout Matte 3635-22B 48""","D19232456","IL-6193","6193","48","","","2026-01-14","back_fill_from_next"
"1458","6752 - 3M Ultra S800 60""","","IL-6752","6752","60","","","2026-01-14","back_fill_from_next"
"1459","6261 - 3M Ultra S800 72""","E114324767","IL-6261","6261","72","","","2026-01-14","back_fill_from_next"
"1460","6366 - 3M Black Blockout Matte 3635-22B 48""","L2417103","IL-6366","6366","48","","","2026-01-14","back_fill_from_next"
"1461","6801 - 3M Black Blockout Matte 3635-22B 48""","L2525801","IL-6801","6801","48","","","2026-01-14","back_fill_from_next"
"1462","6742 - 3M PR 50 36""","F137325107","IL-6742","6742","36","","","2026-01-14","back_fill_from_next"
"1463","6787 - Casper Cloaking PF001-801 60""","100625002-21A","IL-6787","6787","60","","","2026-01-14","back_fill_from_next"
"1464","6791 - Solyx Blackout SXWFBO 24""","","IL-6791","6791","24","","","2026-01-14","back_fill_from_next"
"1465","6789 - Solyx Organic Cotton SX3146 59""","","IL-6789","6789","59","","","2026-01-14","back_fill_from_next"
"1466","6744 - 3M NV 25 36""","E345324977","IL-6744","6744","36","","","2026-01-14","back_fill_from_next"
"1467","6484 - 3M Ultra S800 36""","E073314730","IL-6484","6484","36","","","2026-01-14","back_fill_from_next"
"1468","6598 - SG Truevue 05 36""","5.438811036E9","IL-6598","6598","36","","","2026-01-14","back_fill_from_next"
"1469","6695 - SG Truevue 05 36""","5.439179027E9","IL-6695","6695","36","","","2026-01-14","back_fill_from_next"
"1470","6779 - SG Truevue 15 48""","5.440007085E9","IL-6779","6779","48","","","2026-01-14","back_fill_from_next"
"1471","5782 - 3M NV 25 48""","D201324572","IL-5782","5782","48","","","2026-01-14","back_fill_from_next"
"1472","6712 - Solyx Geometric SX3150 60""","","IL-6712","6712","60","","","2026-01-14","back_fill_from_next"
"1473","3171 - Panaroma Slate 20 72""","5.40950601E9","IL-3171","3171","72","","","2026-01-14","back_fill_from_next"
"1474","6355 - SG Slate 10 72""","5.435033026E9","IL-6355","6355","72","","","2026-01-14","back_fill_from_next"
"1475","6325 - SG Slate 10 36""","5.433821011E9","IL-6325","6325","36","","","2026-01-14","back_fill_from_next"
"1476","6536 - Llumar RN07 48""","475B076P01","IL-6536","6536","48","","","2026-01-14","back_fill_from_next"
"1477","6707 - Llumar Frost NRM PS2 60""","475J024","IL-6707","6707","60","","","2026-01-14","back_fill_from_next"
"1478","6589 - 3M Ultra S800 60""","F113325083","IL-6589","6589","60","","","2026-01-14","back_fill_from_next"
"1479","6590 - 3M Ultra S800 60""","F113325083","IL-6590","6590","60","","","2026-01-14","back_fill_from_next"
"1480","6821 - 3M Dusted Crystal 48""","G2531504","IL-6821","6821","48","","","2026-01-14","back_fill_from_next"
"1481","6822 - 3M Dusted Crystal 48""","G2531504","IL-6822","6822","48","","","2026-01-14","back_fill_from_next"
"1482","6205 - 3M PR 20 EXT 60""","E219324879","IL-6205","6205","60","","","2026-01-14","back_fill_from_next"
"1483","6677 - 3M PR 20 EXT 60""","F211325161","IL-6677","6677","60","","","2026-01-14","back_fill_from_next"
"1484","6798 - 3M P-18 48""","5439373.0","IL-6798","6798","48","","","2026-01-14","back_fill_from_next"
"1485","6375 - Llumar Frost NRM PS2 60""","464M055","IL-6375","6375","60","","","2026-01-14","back_fill_from_next"
"1486","3815 - 3M PR 20 60""","","IL-3815","3815","60","","","2026-01-14","back_fill_from_next"
"1487","5170 - 3M Ultra S800 60""","","IL-5170","5170","60","","","2026-01-14","back_fill_from_next"
"1488","5211 - Madico Safetyshield 1500 60""","","IL-5211","5211","60","","","2026-01-14","back_fill_from_next"
"1489","5082 - Avery Safety Matte 12 Mil R32311C 60""","","IL-5082","5082","60","","","2026-01-14","back_fill_from_next"
"1490","5953 - SG Sentinel Plus DX5 EXT 72""","","IL-5953","5953","72","","","2026-01-14","back_fill_from_next"
"1491","6032 - 3M PR 50 36""","","IL-6032","6032","36","","","2026-01-14","back_fill_from_next"
"1492","6743 - 3M PR 50 72"" Transfered to MS","F247325199","IL-6743","6743","72","","","2026-01-14","back_fill_from_next"
"1493","6399 - 3M Fasara Dusted Crystal 7725-314 60""","G2431803","IL-6399","6399","60","46036.0","2026-01-14","2026-01-14","original_known"
"1494","6844 - SOLYX Etched Dual Dot Gradient SXJ0583 60""","","IL-6844","6844","60","46041.0","2026-01-19","2026-01-19","original_known"
"1495","6490 - 3M Fasara Milano Milky White SH2MAML 60""","107745250A","IL-6490","6490","60","46041.0","2026-01-19","2026-01-19","original_known"
"1496","6420 - Madico Safetyshield 1500 60""","2.507930149E9","IL-6420","6420","60","46042.0","2026-01-20","2026-01-20","original_known"
"1497","5209 - 3M Fasara Frost Milano Milky White SH2MAML 60""","1.05558515E8","IL-5209","5209","60","46044.0","2026-01-22","2026-01-22","original_known"
"1498","5004 - 3M Fasara Frost Milano Milky White SH2MAML 60""","","IL-5004","5004","60","46044.0","2026-01-22","2026-01-22","original_known"
"1499","5119 - 3M Fasara Frost Milano Milky White SH2MAML 50""","","IL-5119","5119","50","","","2026-01-23","interpolated_between_known"
"1500","5251 - 3M Fasara Frost Milano Milky White SH2MAML 60""","","IL-5251","5251","60","","","2026-01-24","interpolated_between_known"
"1501","5252 - 3M Fasara Frost Milano Milky White SH2MAML 60""","","IL-5252","5252","60","","","2026-01-25","interpolated_between_known"
"1502","5254 - 3M Fasara Frost Milano Milky White SH2MAML 60""","","IL-5254","5254","60","","","2026-01-26","interpolated_between_known"
"1503","5153 - 3M Fasara Frost Milano Milky White SH2MAML 50""","","IL-5153","5153","50","","","2026-01-27","interpolated_between_known"
"1504","6093 - 3M Fasara Milano Milky White SH2MAML 60""","","IL-6093","6093","60","","","2026-01-28","interpolated_between_known"
"1505","6233 - 3M Fasara Milano Milky White SH2MAML 60""","","IL-6233","6233","60","","","2026-01-28","interpolated_between_known"
"1506","6855 - SOLYX Frosted Stripes SXC-1418 60""","","IL-6855","6855","60","","","2026-01-29","interpolated_between_known"
"1507","6856 - SOLYX Frosted Stripes SXC-1418 60""","","IL-6856","6856","60","","","2026-01-30","interpolated_between_known"
"1508","6857 - SOLYX Frosted Stripes SXC-1418 60""","","IL-6857","6857","60","","","2026-01-31","interpolated_between_known"
"1509","6858 - SOLYX White Dusted Matte SXJ-0550 60""","","IL-6858","6858","60","","","2026-02-01","interpolated_between_known"
"1510","5999 - Solyx Whiteout SXWFWO 72""","","IL-5999","5999","72","46055.0","2026-02-02","2026-02-02","original_known"
"1511","6736 - 3M S140 SH14CLARL 60""","54395+40","IL-6736","6736","60","46055.0","2026-02-02","2026-02-02","original_known"
"1512","6290 - 3M S140 SH14CLARL 60""","232L","IL-6290","6290","60","46055.0","2026-02-02","2026-02-02","original_known"
"1513","6288 - 3M S140 SH14CLARL 60""","242B","IL-6288","6288","60","46055.0","2026-02-02","2026-02-02","original_known"
"1514","6737 - 3M S140 SH14CLARL 60""","54395+40","IL-6737","6737","60","46057.0","2026-02-04","2026-02-04","original_known"
"1515","6477 - SG Slate 40 60""","5.433222042E9","IL-6477","6477","60","46057.0","2026-02-04","2026-02-04","original_known"
"1516","3513 - SG Slate 20 48""","5.405480062E9","IL-3513","3513","48","46057.0","2026-02-04","2026-02-04","original_known"
"1517","6397 - Solyx Total Light Blockout White SXF-5050 60""","","IL-6397","6397","60","46057.0","2026-02-04","2026-02-04","original_known"
"1518","6232 - 3M Fasara Milano Milky White SH2MAML 60""","1.07140859E8","IL-6232","6232","60","46057.0","2026-02-04","2026-02-04","original_known"
"1519","3955 - 3M Silver P-18 P18ARL 60""","","IL-3955","3955","60","46058.0","2026-02-05","2026-02-05","original_known"
"1520","6338 - Madico Safetyshield 800 48""","2.432330299E9","IL-6338","6338","48","46063.0","2026-02-10","2026-02-10","original_known"
"1521","5709 - Madico Safetyshield 800 72""","2.327230019E9","IL-5709","5709","72","46063.0","2026-02-10","2026-02-10","original_known"
"1522","6775 - SG Slate 20 48""","5.438923016E9","IL-6775","6775","48","46063.0","2026-02-10","2026-02-10","original_known"
"1523","6776 - Llumar Frost NRM PS2 72""","485M028","IL-6776","6776","72","46079.0","2026-02-26","2026-02-26","original_known"
"1524","6705 - Llumar Frost NRM PS2 48""","455H047","IL-6705","6705","48","46079.0","2026-02-26","2026-02-26","original_known"
"1525","6792 - 3M S140 SH14CLARL 60""","5439546.0","IL-6792","6792","60","46079.0","2026-02-26","2026-02-26","original_known"
"1526","6530 - 3M S2400 72""","1.480001374E9","IL-6530","6530","72","46079.0","2026-02-26","2026-02-26","original_known"
