"BoxID","Manufacturer","FilmName","WidthIn","InitialFeet","FeetAvailable","LotRun","Status","OrderDate","ReceivedDate","InitialWeightLbs","LastRollWeightLbs","LastWeighedDate","FilmKey","CoreType","CoreWeightLbs","LfWeightLbsPerFt","PurchaseCost","Notes","HasEverBeenCheckedOut","LastCheckoutJob","LastCheckoutDate","ZeroedDate","ZeroedReason","ZeroedBy"
"IL-1338","Avery Dennison","Titan 7 Xtra","48","10","10","RU044583","IN_STOCK","2023-02-13","2023-02-13","","","","AVERY DENNISON|TITAN 7 XTRA","","","","","SourceSheet=Avery Dennison; SourceRow=2; RawDescription=1338 - Titan 7 Xtra 48""","false","","","","",""
"IL-1344","Llumar","V28 SR CDF","60","50","50","748L093","IN_STOCK","2025-07-31","2025-07-31","","","","LLUMAR|V28 SR CDF","","","","","SourceSheet=Llumar; SourceRow=2; RawDescription=1344- V28 SR CDF 60""","false","","","","",""
"IL-1364","Solyx","Solyx Silver Etch Stripe SX-2002","60","35","35","","IN_STOCK","2023-07-31","2023-07-31","","","","SOLYX|SOLYX SILVER ETCH STRIPE SX-2002","","","","","SourceSheet=Solyx; SourceRow=56; RawDescription=1364 - Solyx Silver Etch Stripe SX-2002; OutlierFix=2026-03-14; WidthBefore=2; WidthAfter=60; FilmBefore=Solyx Silver Etch Stripe SX-2; FilmAfter=Solyx Silver Etch Stripe SX-2002; Reason=Model code SX-2002 parsed as width 2","false","","","","",""
"IL-1384","Security","Ultra S15","50","12","12","NA","IN_STOCK","2023-07-31","2023-07-31","","","","SECURITY|ULTRA S15","","","","","SourceSheet=Security; SourceRow=2; RawDescription=1384 - Ultra S15 50""","false","","","","",""
"IL-1434","Fasara","3M Venetian SH2FGVN","50","9","9","NA","IN_STOCK","2023-02-13","2023-02-13","","","","FASARA|3M VENETIAN SH2FGVN","","","","","SourceSheet=Fasara; SourceRow=2; RawDescription=1434 - 3M Venetian SH2FGVN 50""","false","","","","",""
"IL-1436","Solyx","VERTICAL STRIPES SX-9200","60","45","45","NA","IN_STOCK","2023-07-31","2023-07-31","","","","SOLYX|VERTICAL STRIPES SX-9200","","","","","SourceSheet=Solyx; SourceRow=2; RawDescription=1436 - VERTICAL STRIPES SX-9200; OutlierFix=2026-03-14; WidthBefore=200; WidthAfter=60; FilmBefore=VERTICAL STRIPES SX-9; FilmAfter=VERTICAL STRIPES SX-9200; Reason=Model code SX-9200 parsed as width 200","false","","","","",""
"IL-1437","Solyx","VERTICAL STRIPES SX-9200","60","46","46","NA","IN_STOCK","2023-07-31","2023-07-31","","","","SOLYX|VERTICAL STRIPES SX-9200","","","","","SourceSheet=Solyx; SourceRow=3; RawDescription=1437 - VERTICAL STRIPES SX-9200; OutlierFix=2026-03-14; WidthBefore=200; WidthAfter=60; FilmBefore=VERTICAL STRIPES SX-9; FilmAfter=VERTICAL STRIPES SX-9200; Reason=Model code SX-9200 parsed as width 200","false","","","","",""
"IL-1438","Solyx","VERTICAL STRIPES 0000","60","15","15","NA","IN_STOCK","2023-07-31","2023-07-31","","","","SOLYX|VERTICAL STRIPES 0000","","","","","ExceptionResolved=missing_width; SourceSheet=Solyx; SourceRow=4; WidthResolution=auto_default_60_user_approved; RawDescription=1438 - VERTICAL STRIPES 0000","false","","","","",""
"IL-1444","Llumar","VS 61","60","50","50","D614360","IN_STOCK","2025-07-31","2025-07-31","","","","LLUMAR|VS 61","","","","","SourceSheet=Llumar; SourceRow=3; RawDescription=1444- VS 61 60""","false","","","","",""
"IL-1445","Llumar","VS 61","72","84","84","D640039","IN_STOCK","2025-07-31","2025-07-31","","","","LLUMAR|VS 61","","","","","SourceSheet=Llumar; SourceRow=4; RawDescription=1445- VS 61 72""","false","","","","",""
"IL-1448","Vinyl","Oracal 651 White Glossy","48","17","17","NA","IN_STOCK","2025-02-13","2025-02-13","","","","VINYL|ORACAL 651 WHITE GLOSSY","","","","","SourceSheet=Vinyl; SourceRow=2; RawDescription=1448 - Oracal 651 White  Glossy  48""","false","","","","",""
"IL-1452","Llumar","Llumar White Matte","60","20","20","NA","IN_STOCK","2025-07-31","2025-07-31","","","","LLUMAR|LLUMAR WHITE MATTE","","","","","ExceptionResolved=missing_width; SourceSheet=Llumar; SourceRow=5; WidthResolution=user_confirmed; RawDescription=1452 - Llumar White Matte","false","","","","",""
"IL-1453","Llumar","White NRMW PS","48","11","11","NA","IN_STOCK","2025-07-31","2025-07-31","","","","LLUMAR|WHITE NRMW PS","","","","","SourceSheet=Llumar; SourceRow=6; RawDescription=1453 - White NRMW PS 48""","false","","","","",""
"IL-1456","Solyx","WHITE RICE PAPER SXG-001","18","40","40","NA","IN_STOCK","2023-07-31","2023-07-31","","","","SOLYX|WHITE RICE PAPER SXG-001","","","","","SourceSheet=Solyx; SourceRow=5; RawDescription=1456 - WHITE RICE PAPER SXG-001; OutlierFix=2026-03-14; WidthBefore=1; WidthAfter=18; FilmBefore=WHITE RICE PAPER SXG-; FilmAfter=WHITE RICE PAPER SXG-001; Reason=Model code SXG-001 parsed as width 1; sibling SXG row uses 18","false","","","","",""
"IL-1457","Solyx","WHITE RICE PAPER SXG-0","18","23","23","NA","IN_STOCK","2023-07-31","2023-07-31","","","","SOLYX|WHITE RICE PAPER SXG-0","","","","","SourceSheet=Solyx; SourceRow=6; RawDescription=1457 - WHITE RICE PAPER SXG-0018","false","","","","",""
"IL-1472","Avery Dennison","Avery SkyLite 20 XTRM Poly","48","35","35","3197957.0","IN_STOCK","2023-02-13","2023-02-13","","","","AVERY DENNISON|AVERY SKYLITE 20 XTRM POLY","","","","","SourceSheet=Avery Dennison; SourceRow=3; RawDescription=1472 - Avery SkyLite 20 XTRM Poly 48""","false","","","","",""
"IL-1485","Security","PR 70 Ultra","60","8","8","NA","IN_STOCK","2023-07-31","2023-07-31","","","","SECURITY|PR 70 ULTRA","","","","","SourceSheet=Security; SourceRow=3; RawDescription=1485-PR 70 Ultra 60""","false","","","","",""
"IL-1511","3M Solar","PR 60","36","7","7","70-0063-4456-0","IN_STOCK","2023-07-31","2023-07-31","","","","3M SOLAR|PR 60","","","","","SourceSheet=3M Solar; SourceRow=2; RawDescription=1511 - PR 60 36""","false","","","","",""
"IL-1524","Fasara","PRISM SILVER SH2CSPS","50","10","10","NA","IN_STOCK","2023-02-13","2023-02-13","","","","FASARA|PRISM SILVER SH2CSPS","","","","","SourceSheet=Fasara; SourceRow=3; RawDescription=1524- PRISM SILVER  SH2CSPS  50""","false","","","","",""
"IL-1534","Llumar","R35","60","61","61","D34994","IN_STOCK","2025-07-31","2025-07-31","","","","LLUMAR|R35","","","","","SourceSheet=Llumar; SourceRow=7; RawDescription=1534- R35 60""","false","","","","",""
"IL-1537","Solyx","Regimental Bars 131","36","30","30","NA","IN_STOCK","2023-07-31","2023-07-31","","","","SOLYX|REGIMENTAL BARS 131","","","","","SourceSheet=Solyx; SourceRow=7; RawDescription=1537 - Regimental Bars 131 36""","false","","","","",""
"IL-1542","Fasara","RIKYU SH2TPTRK","60","13","13","JR-4510-3799B","IN_STOCK","2023-02-13","2023-02-13","","","","FASARA|RIKYU SH2TPTRK","","","","","ExceptionResolved=missing_width; SourceSheet=Fasara; SourceRow=4; WidthResolution=auto_default_60_user_approved; RawDescription=1542- RIKYU SH2TPTRK","false","","","","",""
"IL-1619","Llumar","NHE 1020","60","94","94","5015627.0","IN_STOCK","2025-07-31","2025-07-31","","","","LLUMAR|NHE 1020","","","","","SourceSheet=Llumar; SourceRow=8; RawDescription=1619- NHE 1020 60""","false","","","","",""
"IL-1620","Llumar","NHE 1020 ER","48","85","85","5006456.0","IN_STOCK","2025-07-31","2025-07-31","","","","LLUMAR|NHE 1020 ER","","","","","SourceSheet=Llumar; SourceRow=9; RawDescription=1620- NHE 1020 ER 48""","false","","","","",""
"IL-1764","Solyx","CLEAR BRUSH SXHE-02","36","43","43","NA","IN_STOCK","2023-07-31","2023-07-31","","","","SOLYX|CLEAR BRUSH SXHE-02","","","","","SourceSheet=Solyx; SourceRow=8; RawDescription=1764 - CLEAR BRUSH SXHE-02 36""","false","","","","",""
"IL-1774","Fasara","CLOUD SH2FGL","60","24","24","JR-4510-4603-1","IN_STOCK","2023-02-13","2023-02-13","","","","FASARA|CLOUD SH2FGL","","","","","SourceSheet=Fasara; SourceRow=5; RawDescription=1774- CLOUD SH2FGL  60""","false","","","","",""
"IL-1780","Solyx","Cracked Ice SX-SC540","14","65","65","NA","IN_STOCK","2023-07-31","2023-07-31","","","","SOLYX|CRACKED ICE SX-SC540","","","","","SourceSheet=Solyx; SourceRow=9; RawDescription=1780 - Cracked Ice SX-SC540 14""","false","","","","",""
"IL-1784","Fasara","3M Acid Etch SXC-314","50","85","85","","IN_STOCK","2023-02-13","2023-02-13","","","","FASARA|3M ACID ETCH SXC-314","","","","","SourceSheet=Fasara; SourceRow=6; RawDescription=1784 - 3M  Acid Etch  SXC-314  50""","false","","","","",""
"IL-1798","Fasara","3M Arpa SH2FGAP","50","13","13","NA","IN_STOCK","2023-02-13","2023-02-13","","","","FASARA|3M ARPA SH2FGAP","","","","","SourceSheet=Fasara; SourceRow=7; RawDescription=1798 - 3M Arpa SH2FGAP 50""","false","","","","",""
"IL-1799","ASWFVKOOL","ASWF BLACK OPAQUE","48","35","35","065899-006","IN_STOCK","2023-02-13","2023-02-13","","","","ASWFVKOOL|ASWF BLACK OPAQUE","","","","","SourceSheet=ASWFVKOOL; SourceRow=2; RawDescription=1799- ASWF BLACK OPAQUE 48""","false","","","","",""
"IL-1801","ASWFVKOOL","ASWF FROST REMOVABLE","36","26","26","064846-010","IN_STOCK","2023-02-13","2023-02-13","","","","ASWFVKOOL|ASWF FROST REMOVABLE","","","","","SourceSheet=ASWFVKOOL; SourceRow=3; RawDescription=1801- ASWF FROST REMOVABLE 36""","false","","","","",""
"IL-1802","ASWFVKOOL","ASWF FROST REMOVABLE","48","6","6","065900-034","IN_STOCK","2023-02-13","2023-02-13","","","","ASWFVKOOL|ASWF FROST REMOVABLE","","","","","SourceSheet=ASWFVKOOL; SourceRow=4; RawDescription=1802- ASWF FROST REMOVABLE 48""","false","","","","",""
"IL-1806","ASWFVKOOL","ASWF WHITE OPAQUE","72","19","19","NA","IN_STOCK","2023-02-13","2023-02-13","","","","ASWFVKOOL|ASWF WHITE OPAQUE","","","","","SourceSheet=ASWFVKOOL; SourceRow=5; RawDescription=1806- ASWF WHITE OPAQUE 72""","false","","","","",""
"IL-1807","Fasara","AURA 9 SH2PCA9","50","12","12","NA","IN_STOCK","2023-02-13","2023-02-13","","","","FASARA|AURA 9 SH2PCA9","","","","","SourceSheet=Fasara; SourceRow=8; RawDescription=1807- AURA 9 SH2PCA9  50""","false","","","","",""
"IL-2064","Security","Ultra S600","14","88","88","NA","IN_STOCK","2023-07-31","2023-07-31","","","","SECURITY|ULTRA S600","","","","","SourceSheet=Security; SourceRow=4; RawDescription=2064 - Ultra S600 14""","false","","","","",""
"IL-2071","Fasara","3M Weave Pearl SH2EMWP","50","30","30","","IN_STOCK","2023-02-13","2023-02-13","","","","FASARA|3M WEAVE PEARL SH2EMWP","","","","","SourceSheet=Fasara; SourceRow=9; RawDescription=2071 - 3M Weave Pearl SH2EMWP 50""","false","","","","",""
"IL-2102","Llumar","V28","60","84","84","748L093","IN_STOCK","2025-07-31","2025-07-31","","","","LLUMAR|V28","","","","","SourceSheet=Llumar; SourceRow=10; RawDescription=2102- V28  60""","false","","","","",""
"IL-2124","Llumar","N1050","48","20","20","3551857A","IN_STOCK","2025-07-31","2025-07-31","","","","LLUMAR|N1050","","","","","SourceSheet=Llumar; SourceRow=11; RawDescription=2124- N1050 48""","false","","","","",""
"IL-2125","Llumar","N1050","72","19","19","D518133P04","IN_STOCK","2025-07-31","2025-07-31","","","","LLUMAR|N1050","","","","","SourceSheet=Llumar; SourceRow=12; RawDescription=2125- N1050 72""","false","","","","",""
"IL-2132","Solyx","GLOSS BLACK VINYL","48","50","50","NA","IN_STOCK","2023-07-31","2023-07-31","","","","SOLYX|GLOSS BLACK VINYL","","","","","SourceSheet=Solyx; SourceRow=10; RawDescription=2132- GLOSS BLACK VINYL 48""","false","","","","",""
"IL-2137","Solyx","Sand Blast SX-1000","60","15","15","NA","IN_STOCK","2023-07-31","2023-07-31","","","","SOLYX|SAND BLAST SX-1000","","","","","ExceptionResolved=missing_width; SourceSheet=Solyx; SourceRow=11; WidthResolution=auto_default_60_user_approved; RawDescription=2137 - Sand Blast SX-1000","false","","","","",""
"IL-2140","Solyx","Traffic Blue 48"" SXO-","57","7","7","NA","IN_STOCK","2023-07-31","2023-07-31","","","","SOLYX|TRAFFIC BLUE 48"" SXO-","","","","","SourceSheet=Solyx; SourceRow=12; RawDescription=2140 - Traffic Blue 48"" SXO-057","false","","","","",""
"IL-2144","Llumar","Mini Dots GRADIENT","60","14","14","5.0164686E7","IN_STOCK","2025-07-31","2025-07-31","","","","LLUMAR|MINI DOTS GRADIENT","","","","","ExceptionResolved=missing_width; SourceSheet=Llumar; SourceRow=13; WidthResolution=auto_from_description_hint_user_approved; RawDescription=2144-Mini Dots 60""   GRADIENT","false","","","","",""
"IL-2147","Solyx","SOL CHARCOAL MATTE SXWF-CM","60","25","25","NA","IN_STOCK","2023-07-31","2023-07-31","","","","SOLYX|SOL CHARCOAL MATTE SXWF-CM","","","","","SourceSheet=Solyx; SourceRow=13; RawDescription=2147 - SOL CHARCOAL MATTE SXWF-CM 60""","false","","","","",""
"IL-2148","Solyx","SOL CHARCOAL MATTE SXWF-CM","60","40","40","NA","IN_STOCK","2023-07-31","2023-07-31","","","","SOLYX|SOL CHARCOAL MATTE SXWF-CM","","","","","SourceSheet=Solyx; SourceRow=14; RawDescription=2148 - SOL CHARCOAL MATTE SXWF-CM 60""","false","","","","",""
"IL-2152","Solyx","GLOSS BLACK VINYL SXV-9-1003","60","20","20","NA","IN_STOCK","2023-07-31","2023-07-31","","","","SOLYX|GLOSS BLACK VINYL SXV-9-1003","","","","","SourceSheet=Solyx; SourceRow=15; RawDescription=2152- GLOSS BLACK VINYL SXV-9-1003 60""","false","","","","",""
"IL-2159","Fasara","3M Lontano SH2FGLO","50","28","28","JR-4510-3894-7","IN_STOCK","2023-02-13","2023-02-13","","","","FASARA|3M LONTANO SH2FGLO","","","","","SourceSheet=Fasara; SourceRow=10; RawDescription=2159 - 3M Lontano SH2FGLO 50""","false","","","","",""
"IL-2164","3M Solar","3M Amber Low E 35","60","30","30","70-0061-2528-3","IN_STOCK","2023-07-31","2023-07-31","","","","3M SOLAR|3M AMBER LOW E 35","","","","","SourceSheet=3M Solar; SourceRow=3; RawDescription=2164 - 3M Amber Low E 35 60""","false","","","","",""
"IL-2165","Solyx","Beach Grass SXJ-0545","71","32","32","NA","IN_STOCK","2023-07-31","2023-07-31","","","","SOLYX|BEACH GRASS SXJ-0545","","","","","SourceSheet=Solyx; SourceRow=16; RawDescription=2165 - Beach Grass SXJ-0545 71""","false","","","","",""
"IL-2208","Security","PR Ultra 70","36","100","100","8.077323056E9","IN_STOCK","2023-07-31","2023-07-31","","","","SECURITY|PR ULTRA 70","","","","","SourceSheet=Security; SourceRow=5; RawDescription=2208 - PR Ultra 70 36""","false","","","","",""
"IL-2209","Security","PR Ultra 70","60","20","20","9.249323449E9","IN_STOCK","2023-07-31","2023-07-31","","","","SECURITY|PR ULTRA 70","","","","","SourceSheet=Security; SourceRow=6; RawDescription=2209 - PR Ultra 70 60""","false","","","","",""
"IL-2218","Llumar","TH E-80 (The-80 blue)","72","75","75","5.0188006E7","IN_STOCK","2025-07-31","2025-07-31","","","","LLUMAR|TH E-80 (THE-80 BLUE)","","","","","ExceptionResolved=missing_width; SourceSheet=Llumar; SourceRow=14; WidthResolution=auto_from_description_hint_user_approved; RawDescription=2218- TH E-80 72"" (The-80 blue)             ","false","","","","",""
"IL-2246","Solyx","SOLYX LINEN SX-C387","60","16","16","NA","IN_STOCK","2023-07-31","2023-07-31","","","","SOLYX|SOLYX LINEN SX-C387","","","","","SourceSheet=Solyx; SourceRow=17; RawDescription=2246 - SOLYX LINEN SX-C387 60""","false","","","","",""
"IL-2252","Fasara","Aerina SH2FGAR","50","12","12","11C011","IN_STOCK","2023-02-13","2023-02-13","","","","FASARA|AERINA SH2FGAR","","","","","SourceSheet=Fasara; SourceRow=11; RawDescription=2252 - Aerina SH2FGAR 50""","false","","","","",""
"IL-2272","Llumar","LLUMAR OPAQUE BLACK","60","8","8","5.0157287E7","IN_STOCK","2025-07-31","2025-07-31","","","","LLUMAR|LLUMAR OPAQUE BLACK","","","","","SourceSheet=Llumar; SourceRow=15; RawDescription=2272-LLUMAR OPAQUE BLACK 60""","false","","","","",""
"IL-2278","Vinyl","Safron 818","30","30","30","NA","IN_STOCK","2025-02-13","2025-02-13","","","","VINYL|SAFRON 818","","","","","SourceSheet=Vinyl; SourceRow=3; RawDescription=2278 - Safron 818 30""","false","","","","",""
"IL-2279","Vinyl","Papyrus 816","60","30","30","NA","IN_STOCK","2025-02-13","2025-02-13","","","","VINYL|PAPYRUS 816","","","","","SourceSheet=Vinyl; SourceRow=4; RawDescription=2279 - Papyrus 816 60""","false","","","","",""
"IL-2283","Solyx","BRUSHED METAL SXS-M300","54","20","20","NA","IN_STOCK","2023-07-31","2023-07-31","","","","SOLYX|BRUSHED METAL SXS-M300","","","","","SourceSheet=Solyx; SourceRow=18; RawDescription=2283 - BRUSHED METAL SXS-M300 54""","false","","","","",""
"IL-2289","Security","7MIL","72","20","20","5391734.0","IN_STOCK","2023-07-31","2023-07-31","","","","SECURITY|7MIL","","","","","SourceSheet=Security; SourceRow=7; RawDescription=2289 - 7MIL 72""","false","","","","",""
"IL-2291","Llumar","Mini Dots GRADIENT","60","25","25","5.0164686E7","IN_STOCK","2025-07-31","2025-07-31","","","","LLUMAR|MINI DOTS GRADIENT","","","","","ExceptionResolved=missing_width; SourceSheet=Llumar; SourceRow=16; WidthResolution=auto_from_description_hint_user_approved; RawDescription=2291- Mini Dots 60""   GRADIENT","false","","","","",""
"IL-2304","Fasara","Lausanne SH2EMLA","50","10","10","JR-4510-3773-3","IN_STOCK","2023-02-13","2023-02-13","","","","FASARA|LAUSANNE SH2EMLA","","","","","SourceSheet=Fasara; SourceRow=12; RawDescription=2304 - Lausanne SH2EMLA 50""","false","","","","",""
"IL-2321","Llumar","Opaque Black LL NRMM-PS2","60","23","23","5017287.0","IN_STOCK","2025-07-31","2025-07-31","","","","LLUMAR|OPAQUE BLACK LL NRMM-PS2","","","","","ExceptionResolved=missing_width; SourceSheet=Llumar; SourceRow=17; WidthResolution=auto_default_60_user_approved; RawDescription=2321 - Opaque Black LL NRMM-PS2","false","","","","",""
"IL-2333","Fasara","Rikyu SH2PTRK","60","14","14","29C021","IN_STOCK","2023-02-13","2023-02-13","","","","FASARA|RIKYU SH2PTRK","","","","","ExceptionResolved=missing_width; SourceSheet=Fasara; SourceRow=13; WidthResolution=auto_default_60_user_approved; RawDescription=2333 - Rikyu SH2PTRK","false","","","","",""
"IL-2335","Security","S600","60","100","100","9.1923231E9","IN_STOCK","2023-07-31","2023-07-31","","","","SECURITY|S600","","","","","SourceSheet=Security; SourceRow=8; RawDescription=2335- S600 60""","false","","","","",""
"IL-2336","Security","S600","60","100","100","9.112323349E9","IN_STOCK","2023-07-31","2023-07-31","","","","SECURITY|S600","","","","","SourceSheet=Security; SourceRow=9; RawDescription=2336- S600 60""","false","","","","",""
"IL-2337","Security","S600","60","74","74","9.1923234E9","IN_STOCK","2023-07-31","2023-07-31","","","","SECURITY|S600","","","","","SourceSheet=Security; SourceRow=10; RawDescription=2337- S600 60""","false","","","","",""
"IL-2349","Solar Guard","Sterling 50","36","15","15","NA","IN_STOCK","2023-07-31","2023-07-31","","","","SOLAR GUARD|STERLING 50","","","","","SourceSheet=Solar Guard; SourceRow=2; RawDescription=2349 - Sterling 50  36""","false","","","","",""
"IL-2361","Vinyl","3M Dark Gray 7725-41","48","20","20","","IN_STOCK","2025-02-13","2025-02-13","","","","VINYL|3M DARK GRAY 7725-41","","","","","SourceSheet=Vinyl; SourceRow=5; RawDescription=2361 - 3M Dark Gray 7725-41 48""","false","","","","",""
"IL-2385","Security","GCL SR RPS6 Anti Graffiti","60","91","91","","IN_STOCK","2023-07-31","2023-07-31","","","","SECURITY|GCL SR RPS6 ANTI GRAFFITI","","","","","SourceSheet=Security; SourceRow=11; RawDescription=2385 - GCL SR RPS6 Anti Graffiti 60""","false","","","","",""
"IL-2386","Security","Anti Graffiti 6 MIL","72","85","85","NA","IN_STOCK","2023-07-31","2023-07-31","","","","SECURITY|ANTI GRAFFITI 6 MIL","","","","","SourceSheet=Security; SourceRow=12; RawDescription=2386 - Anti Graffiti 6 MIL 72"" ","false","","","","",""
"IL-2403","Llumar","V51","72","8","8","NA","IN_STOCK","2025-07-31","2025-07-31","","","","LLUMAR|V51","","","","","SourceSheet=Llumar; SourceRow=18; RawDescription=2403- V51 72""","false","","","","",""
"IL-2409","Vinyl","Oracal 8500 Middle Gray","7","150","150","NA","IN_STOCK","2025-02-13","2025-02-13","","","","VINYL|ORACAL 8500 MIDDLE GRAY","","","","","SourceSheet=Vinyl; SourceRow=6; RawDescription=2409 - Oracal 8500 Middle Gray 07","false","","","","",""
"IL-2410","Vinyl","Oracal 8500 Middle Gray","7","7","7","NA","IN_STOCK","2025-02-13","2025-02-13","","","","VINYL|ORACAL 8500 MIDDLE GRAY","","","","","SourceSheet=Vinyl; SourceRow=7; RawDescription=2410 - Oracal 8500 Middle Gray 07","false","","","","",""
"IL-2411","Vinyl","Oracal 8500 Middle Gray","7","150","150","NA","IN_STOCK","2025-02-13","2025-02-13","","","","VINYL|ORACAL 8500 MIDDLE GRAY","","","","","SourceSheet=Vinyl; SourceRow=8; RawDescription=2411 - Oracal 8500 Middle Gray 07","false","","","","",""
"IL-2582","Llumar","V45","60","16","16","759D056P32","IN_STOCK","2025-07-31","2025-07-31","","","","LLUMAR|V45","","","","","SourceSheet=Llumar; SourceRow=19; RawDescription=2582- V45  60""","false","","","","",""
"IL-2598","Vinyl","Oracal Matte Black","24","17","17","NA","IN_STOCK","2025-02-13","2025-02-13","","","","VINYL|ORACAL MATTE BLACK","","","","","SourceSheet=Vinyl; SourceRow=9; RawDescription=2598 - Oracal Matte Black 24""","false","","","","",""
"IL-2605","Llumar","V45","60","28","28","NA","IN_STOCK","2025-07-31","2025-07-31","","","","LLUMAR|V45","","","","","SourceSheet=Llumar; SourceRow=20; RawDescription=2605 - V45 60""","false","","","","",""
"IL-2613","Solyx","Organic Strie SX-5015","48","90","90","NA","IN_STOCK","2023-07-31","2023-07-31","","","","SOLYX|ORGANIC STRIE SX-5015","","","","","SourceSheet=Solyx; SourceRow=19; RawDescription=2613 - Organic Strie SX-5015 48""","false","","","","",""
"IL-2670","Solyx","Acid Etch SOL SX3-314","60","18","18","NA","IN_STOCK","2023-07-31","2023-07-31","","","","SOLYX|ACID ETCH SOL SX3-314","","","","","SourceSheet=Solyx; SourceRow=20; RawDescription=2670 - Acid Etch SOL SX3-314 ; OutlierFix=2026-03-14; WidthBefore=314; WidthAfter=60; FilmBefore=Acid Etch SOL SX3-; FilmAfter=Acid Etch SOL SX3-314; Reason=Model code SX3-314 parsed as width 314; same code appears as 60 in IL-6380","false","","","","",""
"IL-2671","Llumar","V 14","60","62","62","819K032","IN_STOCK","2025-07-31","2025-07-31","","","","LLUMAR|V 14","","","","","SourceSheet=Llumar; SourceRow=21; RawDescription=2671- V 14 60""","false","","","","",""
"IL-2676","3M Solar","3M Amber Low E 20","40","15","15","NA","IN_STOCK","2023-07-31","2023-07-31","","","","3M SOLAR|3M AMBER LOW E 20","","","","","SourceSheet=3M Solar; SourceRow=4; RawDescription=2676 - 3M Amber Low E 20 40""","false","","","","",""
"IL-2692","Avery Dennison","Titan 7 Xtra","60","74","74","NA","IN_STOCK","2023-02-13","2023-02-13","","","","AVERY DENNISON|TITAN 7 XTRA","","","","","SourceSheet=Avery Dennison; SourceRow=4; RawDescription=2692 - Titan 7 Xtra 60""","false","","","","",""
"IL-2706","Vinyl","074 - Oracal 8500 Middle Gray","48","15","15","NA","IN_STOCK","2025-02-13","2025-02-13","","","","VINYL|074 - ORACAL 8500 MIDDLE GRAY","","","","","SourceSheet=Vinyl; SourceRow=10; RawDescription=2706-074 - Oracal 8500 Middle Gray 48""","false","","","","",""
"IL-2734","Vinyl","Oracal Dark Roast","48","72","72","NA","IN_STOCK","2025-02-13","2025-02-13","","","","VINYL|ORACAL DARK ROAST","","","","","SourceSheet=Vinyl; SourceRow=11; RawDescription=2734 - Oracal Dark Roast 48""","false","","","","",""
"IL-2771","3M Solar","3M Privacy Mirror","60","14","14","9.2019496E7","IN_STOCK","2023-07-31","2023-07-31","","","","3M SOLAR|3M PRIVACY MIRROR","","","","","SourceSheet=3M Solar; SourceRow=5; RawDescription=2771 - 3M Privacy Mirror 60""","false","","","","",""
"IL-2778","3M Solar","PR 60","60","5","5","A048323606","IN_STOCK","2023-07-31","2023-07-31","","","","3M SOLAR|PR 60","","","","","SourceSheet=3M Solar; SourceRow=6; RawDescription=2778 - PR 60 60""","false","","","","",""
"IL-2804","Solyx","SX-C384 ETCHED STRIPES","36","14","14","NA","IN_STOCK","2023-07-31","2023-07-31","","","","SOLYX|SX-C384 ETCHED STRIPES","","","","","SourceSheet=Solyx; SourceRow=21; RawDescription=2804 - SX-C384 ETCHED STRIPES 36""","false","","","","",""
"IL-2806","Solyx","SXJ-0598 MISTY FROST GRADIANT","60","8","8","NA","IN_STOCK","2023-07-31","2023-07-31","","","","SOLYX|SXJ-0598 MISTY FROST GRADIANT","","","","","ExceptionResolved=missing_width; SourceSheet=Solyx; SourceRow=22; WidthResolution=auto_from_description_hint_user_approved; RawDescription=2806 - SXJ-0598 MISTY FROST 60""  GRADIANT","false","","","","",""
"IL-2809","Fasara","FEATHER FRIENDLY RAIN","36","50","50","7.10009033E9","IN_STOCK","2023-02-13","2023-02-13","","","","FASARA|FEATHER FRIENDLY RAIN","","","","","SourceSheet=Fasara; SourceRow=14; RawDescription=2809- FEATHER FRIENDLY RAIN 36""","false","","","","",""
"IL-2814","Fasara","Aerina SH2FGAR","50","29","29","SA28C010","IN_STOCK","2023-02-13","2023-02-13","","","","FASARA|AERINA SH2FGAR","","","","","SourceSheet=Fasara; SourceRow=15; RawDescription=2814 - Aerina SH2FGAR 50""","false","","","","",""
"IL-2856","Security","AV Clear 7 MIL","60","16","16","NA","IN_STOCK","2023-07-31","2023-07-31","","","","SECURITY|AV CLEAR 7 MIL","","","","","SourceSheet=Security; SourceRow=13; RawDescription=2856 - AV Clear 7 MIL 60""","false","","","","",""
"IL-2865","Vinyl","Oracal 090 Silver Gray Series","48","65","65","NA","IN_STOCK","2025-02-13","2025-02-13","","","","VINYL|ORACAL 090 SILVER GRAY SERIES","","","","","SourceSheet=Vinyl; SourceRow=12; RawDescription=2865 - Oracal 090 Silver Gray Series 751; OutlierFix=2026-03-14; WidthBefore=751; WidthAfter=48; FilmBefore=Oracal 090 Silver Gray Series; FilmAfter=Oracal 090 Silver Gray Series; Reason=Series code 751 parsed as width; aligned to Oracal 751 silver rows at 48","false","","","","",""
"IL-2866","Security","Madico Blister Free","60","17","17","2.027530189E9","IN_STOCK","2023-07-31","2023-07-31","","","","SECURITY|MADICO BLISTER FREE","","","","","ExceptionResolved=missing_width; SourceSheet=Security; SourceRow=14; WidthResolution=auto_default_60_user_approved; RawDescription=2866 - Madico Blister Free","false","","","","",""
"IL-2883","Llumar","V45","60","9","9","760B024","IN_STOCK","2025-07-31","2025-07-31","","","","LLUMAR|V45","","","","","SourceSheet=Llumar; SourceRow=22; RawDescription=2883- V45 60""","false","","","","",""
"IL-2891","Solyx","SOL SXJ-0500 White Dusted Matt. Dot Gradiant","60","10","10","NA","IN_STOCK","2023-07-31","2023-07-31","","","","SOLYX|SOL SXJ-0500 WHITE DUSTED MATT. DOT GRADIANT","","","","","SourceSheet=Solyx; SourceRow=23; RawDescription=2891 - SOL SXJ-0500 White Dusted Matt. Dot Gradiant 60""","false","","","","",""
"IL-2897","Solyx","SOL SILVER UltraCool-S3560","60","30","30","NA","IN_STOCK","2023-07-31","2023-07-31","","","","SOLYX|SOL SILVER ULTRACOOL-S3560","","","","","SourceSheet=Solyx; SourceRow=24; RawDescription=2897 - SOL SILVER UltraCool-S3560 60""","false","","","","",""
"IL-2911","Fasara","Matte Crystal SH2MACRX2","60","40","40","SE-06C059","IN_STOCK","2023-02-13","2023-02-13","","","","FASARA|MATTE CRYSTAL SH2MACRX2","","","","","SourceSheet=Fasara; SourceRow=16; RawDescription=2911 - Matte Crystal SH2MACRX2 60""","false","","","","",""
"IL-2915","Vinyl","3M BLACK GLOSSY 3635-22B","60","122","122","G2008603","IN_STOCK","2025-02-13","2025-02-13","","","","VINYL|3M BLACK GLOSSY 3635-22B","","","","","ExceptionResolved=missing_width; SourceSheet=Vinyl; SourceRow=13; WidthResolution=auto_default_60_user_approved; RawDescription=2915- 3M BLACK GLOSSY 3635-22B","false","","","","",""
"IL-2932","Solyx","3M DUSTED CRYSTAL SX-3140-60100","60","14","14","NA","IN_STOCK","2023-07-31","2023-07-31","","","","SOLYX|3M DUSTED CRYSTAL SX-3140-60100","","","","","SourceSheet=Solyx; SourceRow=25; RawDescription=2932 - 3M DUSTED CRYSTAL SX-3140-60100 60""","false","","","","",""
"IL-2938","Avery Dennison","HT ELITE","48","53","53","RU056136","IN_STOCK","2023-02-13","2023-02-13","","","","AVERY DENNISON|HT ELITE","","","","","SourceSheet=Avery Dennison; SourceRow=9; RawDescription=2938- HT ELITE   48""         ","false","","","","",""
"IL-2969","Fasara","Cielo SH2FGCE","50","20","20","TE-22C053","IN_STOCK","2023-02-13","2023-02-13","","","","FASARA|CIELO SH2FGCE","","","","","SourceSheet=Fasara; SourceRow=17; RawDescription=2969 - Cielo SH2FGCE 50""","false","","","","",""
"IL-2996","Security","SOL Ultrasafe WM560 1 of 3","60","80","80","NA","IN_STOCK","2023-07-31","2023-07-31","","","","SECURITY|SOL ULTRASAFE WM560 1 OF 3","","","","","ExceptionResolved=missing_width; SourceSheet=Security; SourceRow=15; WidthResolution=auto_default_60_user_approved; RawDescription=2996 - SOL Ultrasafe WM560 1 of 3","false","","","","",""
"IL-3013","Vinyl","PERF ONE WAY","72","100","100","2.009027401E9","IN_STOCK","2025-02-13","2025-02-13","","","","VINYL|PERF ONE WAY","","","","","SourceSheet=Vinyl; SourceRow=19; RawDescription=3013- PERF ONE WAY 72""","false","","","","",""
"IL-3017","Solyx","SXO-031 (RED)","48","35","35","NA","IN_STOCK","2023-07-31","2023-07-31","","","","SOLYX|SXO-031 (RED)","","","","","SourceSheet=Solyx; SourceRow=26; RawDescription=3017 - SXO-031 (RED) 48""","false","","","","",""
"IL-3018","Security","3M 7Mil S70","72","28","28","5406373.0","IN_STOCK","2023-07-31","2023-07-31","","","","SECURITY|3M 7MIL S70","","","","","SourceSheet=Security; SourceRow=16; RawDescription=3018- 3M 7Mil S70 72""","false","","","","",""
"IL-3021","Vinyl","Perforated One-Way (White)","54","15","15","","IN_STOCK","2025-02-13","2025-02-13","","","","VINYL|PERFORATED ONE-WAY (WHITE)","","","","","CollisionResolved=keep_duplicate; SourceSheet=Vinyl; SourceRow=20; RawDescription=3021 - Perforated One-Way (White) 54""","false","","","","",""
"IL-3053","Solyx","Snow White Light Diffuser SXF-0600","60","18","18","NA","IN_STOCK","2023-07-31","2023-07-31","","","","SOLYX|SNOW WHITE LIGHT DIFFUSER SXF-0600","","","","","SourceSheet=Solyx; SourceRow=27; RawDescription=3053 - Snow White Light Diffuser SXF-0600 60""","false","","","","",""
"IL-3070","Solyx","SXO-047 ORANGE/RED","48","35","35","NA","IN_STOCK","2023-07-31","2023-07-31","","","","SOLYX|SXO-047 ORANGE/RED","","","","","SourceSheet=Solyx; SourceRow=28; RawDescription=3070 - SXO-047 ORANGE/RED 48""","false","","","","",""
"IL-3074","Vinyl","3M Opaque Black","50","9","9","NA","IN_STOCK","2025-02-13","2025-02-13","","","","VINYL|3M OPAQUE BLACK","","","","","SourceSheet=Vinyl; SourceRow=15; RawDescription=3074 - 3M Opaque Black 50""","false","","","","",""
"IL-3098","Fasara","3M Grain Silver SH2CSGS","50","7","7","NA","IN_STOCK","2023-02-13","2023-02-13","","","","FASARA|3M GRAIN SILVER SH2CSGS","","","","","SourceSheet=Fasara; SourceRow=18; RawDescription=3098 - 3M Grain Silver SH2CSGS 50""","false","","","","",""
"IL-3107","Avery Dennison","Avery Silver 20 Poly EXT","60","15","15","RU058998","IN_STOCK","2023-02-13","2023-02-13","","","","AVERY DENNISON|AVERY SILVER 20 POLY EXT","","","","","SourceSheet=Avery Dennison; SourceRow=5; RawDescription=3107 - Avery Silver 20 Poly EXT 60""","false","","","","",""
"IL-3118","Fasara","3M Cloud SH2FGCL","60","15","15","SO-19C105","IN_STOCK","2023-02-13","2023-02-13","","","","FASARA|3M CLOUD SH2FGCL","","","","","ExceptionResolved=missing_width; SourceSheet=Fasara; SourceRow=19; WidthResolution=auto_default_60_user_approved; RawDescription=3118 - 3M Cloud SH2FGCL","false","","","","",""
"IL-3123","Security","3M S40 ext","60","65","65","B037323878","IN_STOCK","2023-07-31","2023-07-31","","","","SECURITY|3M S40 EXT","","","","","SourceSheet=Security; SourceRow=18; RawDescription=3123-3M S40 ext 60""","false","","","","",""
"IL-3127","Di-Noc","3M Di-Noc AE-1913MT","60","10","10","","IN_STOCK","2023-02-13","2023-02-13","","","","DI-NOC|3M DI-NOC AE-1913MT","","","","","ExceptionResolved=missing_width; SourceSheet=Di-Noc; SourceRow=2; WidthResolution=auto_default_60_user_approved; RawDescription=3127-3M Di-Noc AE-1913MT","false","","","","",""
"IL-3128","Di-Noc","3M Di-Noc PS1183 (192')","60","61","61","1018154-01","IN_STOCK","2023-02-13","2023-02-13","","","","DI-NOC|3M DI-NOC PS1183 (192')","","","","","ExceptionResolved=missing_width; SourceSheet=Di-Noc; SourceRow=3; WidthResolution=auto_default_60_user_approved; RawDescription=3128-3M Di-Noc PS1183 (192')","false","","","","",""
"IL-3134","Solar Guard","SG SX 50","60","13","13","5.402887063E9","IN_STOCK","2023-07-31","2023-07-31","","","","SOLAR GUARD|SG SX 50","","","","","SourceSheet=Solar Guard; SourceRow=3; RawDescription=3134 - SG SX 50 60""","false","","","","",""
"IL-3137","Vinyl","3M White Translucent-3630","48","132","132","NA","IN_STOCK","2025-02-13","2025-02-13","","","","VINYL|3M WHITE TRANSLUCENT-3630","","","","","SourceSheet=Vinyl; SourceRow=16; RawDescription=3137 - 3M White Translucent-3630 48""","false","","","","",""
"IL-3138","3M Solar","3M Thinsulate 75","72","7","7","NA","IN_STOCK","2023-07-31","2023-07-31","","","","3M SOLAR|3M THINSULATE 75","","","","","SourceSheet=3M Solar; SourceRow=7; RawDescription=3138 - 3M Thinsulate 75 72""","false","","","","",""
"IL-3153","Solyx","SOLYX SX-C373 Acid Etch Stripes","48","12","12","NA","IN_STOCK","2023-07-31","2023-07-31","","","","SOLYX|SOLYX SX-C373 ACID ETCH STRIPES","","","","","SourceSheet=Solyx; SourceRow=29; RawDescription=3153 - SOLYX SX-C373 Acid Etch Stripes 48""","false","","","","",""
"IL-3171","Solar Guard","Panaroma Slate 20","72","9","9","5.40950601E9","IN_STOCK","2023-07-31","2023-07-31","","","","SOLAR GUARD|PANAROMA SLATE 20","","","","","SourceSheet=Solar Guard; SourceRow=4; RawDescription=3171 - Panaroma Slate 20 72""","false","","","","",""
"IL-3181","Solyx","SOLYX SXJ-0547 FEATHER GRADIENT","71","18","18","NA","IN_STOCK","2023-07-31","2023-07-31","","","","SOLYX|SOLYX SXJ-0547 FEATHER GRADIENT","","","","","SourceSheet=Solyx; SourceRow=30; RawDescription=3181 - SOLYX SXJ-0547 FEATHER GRADIENT 71""","false","","","","",""
"IL-3189","Solar Guard","SG Silver 35","72","100","100","5.405893005E9","IN_STOCK","2023-07-31","2023-07-31","","","","SOLAR GUARD|SG SILVER 35","","","","","SourceSheet=Solar Guard; SourceRow=5; RawDescription=3189 - SG Silver 35 72""","false","","","","",""
"IL-3194A","Fasara","3M Dusted Crystal","18","18","18","G2117101","IN_STOCK","2023-02-13","2023-02-13","","","","FASARA|3M DUSTED CRYSTAL","","","","","SourceSheet=Fasara; SourceRow=20; RawDescription=3194A- 3M Dusted Crystal   18""","false","","","","",""
"IL-3257","Solyx","SOL SXF-5050 TOTAL LIGHT BLOCK OUT","60","15","15","NA","IN_STOCK","2023-07-31","2023-07-31","","","","SOLYX|SOL SXF-5050 TOTAL LIGHT BLOCK OUT","","","","","SourceSheet=Solyx; SourceRow=31; RawDescription=3257 - SOL  SXF-5050 TOTAL LIGHT BLOCK OUT 60""","false","","","","",""
"IL-3265","Solyx","SOL BLACK BLOCK OUT GLOSSY","72","20","20","NA","IN_STOCK","2023-07-31","2023-07-31","","","","SOLYX|SOL BLACK BLOCK OUT GLOSSY","","","","","SourceSheet=Solyx; SourceRow=32; RawDescription=3265 - SOL BLACK BLOCK OUT GLOSSY 72""","false","","","","",""
"IL-3289","Di-Noc","DI-NOC PS-959","60","15","15","818161.0","IN_STOCK","2023-02-13","2023-02-13","","","","DI-NOC|DI-NOC PS-959","","","","","SourceSheet=Di-Noc; SourceRow=4; RawDescription=3289 - DI-NOC PS-959; OutlierFix=2026-03-14; WidthBefore=959; WidthAfter=60; FilmBefore=DI-NOC PS-; FilmAfter=DI-NOC PS-959; Reason=Model code PS-959 parsed as width; PS-series DI-NOC row uses 60","false","","","","",""
"IL-3294","Solyx","SOL SGC6523 - COVENTRY","58","10","10","NA","IN_STOCK","2023-07-31","2023-07-31","","","","SOLYX|SOL SGC6523 - COVENTRY","","","","","SourceSheet=Solyx; SourceRow=33; RawDescription=3294 - SOL SGC6523 - COVENTRY 58""","false","","","","",""
"IL-3304","Llumar","3258 - LLUMAR MIST","48","7","7","D752318P07","IN_STOCK","2025-07-31","2025-07-31","","","","LLUMAR|3258 - LLUMAR MIST","","","","","SourceSheet=Llumar; SourceRow=23; RawDescription=3304-3258 - LLUMAR MIST 48""","false","","","","",""
"IL-3307","Solyx","Solyx Bird Safety Film Dot (SX-BSFD)","72","25","25","NA","IN_STOCK","2023-07-31","2023-07-31","","","","SOLYX|SOLYX BIRD SAFETY FILM DOT (SX-BSFD)","","","","","SourceSheet=Solyx; SourceRow=34; RawDescription=3307 - Solyx Bird Safety Film Dot (SX-BSFD) 72""","false","","","","",""
"IL-3318","Security","SOL Ultrasafe WM560","60","100","100","NA","IN_STOCK","2023-07-31","2023-07-31","","","","SECURITY|SOL ULTRASAFE WM560","","","","","SourceSheet=Security; SourceRow=19; RawDescription=3318 -SOL  Ultrasafe WM560 60""","false","","","","",""
"IL-3331","Vinyl","Fellers 651 High Gloss Series Black","48","12","12","NA","IN_STOCK","2025-02-13","2025-02-13","","","","VINYL|FELLERS 651 HIGH GLOSS SERIES BLACK","","","","","SourceSheet=Vinyl; SourceRow=17; RawDescription=3331 - Fellers 651 High Gloss Series Black 48""","false","","","","",""
"IL-3351","Solyx","SOL DUSTED WATERS (SX-3147)","24","10","10","NA","IN_STOCK","2023-07-31","2023-07-31","","","","SOLYX|SOL DUSTED WATERS (SX-3147)","","","","","SourceSheet=Solyx; SourceRow=35; RawDescription=3351 - SOL DUSTED WATERS (SX-3147) 24""","false","","","","",""
"IL-3356","Llumar","LLUMAR FROST SILVER RMS PS2","60","8","8","430K110P17","IN_STOCK","2025-07-31","2025-07-31","","","","LLUMAR|LLUMAR FROST SILVER RMS PS2","","","","","SourceSheet=Llumar; SourceRow=24; RawDescription=3356- LLUMAR FROST SILVER RMS PS2 60""","false","","","","",""
"IL-3357","Di-Noc","3M Di-Noc Fine Wood","48","145","145","FW-1745","IN_STOCK","2023-02-13","2023-02-13","","","","DI-NOC|3M DI-NOC FINE WOOD","","","","","SourceSheet=Di-Noc; SourceRow=5; RawDescription=3357 - 3M Di-Noc Fine Wood 48""","false","","","","",""
"IL-3358","Llumar","LLUMAR FROSTED SPARKLE","48","7","7","D664741P08","IN_STOCK","2025-07-31","2025-07-31","","","","LLUMAR|LLUMAR FROSTED SPARKLE","","","","","SourceSheet=Llumar; SourceRow=25; RawDescription=3358 - LLUMAR FROSTED SPARKLE 48""","false","","","","",""
"IL-3359","Solyx","SOL WHITE DUSTED MATT DOT GRADIENT (SXJ-0500)","60","10","10","NA","IN_STOCK","2023-07-31","2023-07-31","","","","SOLYX|SOL WHITE DUSTED MATT DOT GRADIENT (SXJ-0500)","","","","","SourceSheet=Solyx; SourceRow=36; RawDescription=3359 - SOL WHITE DUSTED MATT DOT GRADIENT (SXJ-0500) 60""","false","","","","",""
"IL-3395","Llumar","Llumar Dusted Crystal NRMV80DC PS3","48","15","15","D764487P04","IN_STOCK","2025-07-31","2025-07-31","","","","LLUMAR|LLUMAR DUSTED CRYSTAL NRMV80DC PS3","","","","","SourceSheet=Llumar; SourceRow=26; RawDescription=3395 - Llumar Dusted Crystal NRMV80DC PS3 48""","false","","","","",""
"IL-3398","Solyx","SOL SXC-131 FROSTED SHORT STRIPE MINI BLIND-VERTICAL","60","11","11","NA","IN_STOCK","2023-07-31","2023-07-31","","","","SOLYX|SOL SXC-131 FROSTED SHORT STRIPE MINI BLIND-VERTICAL","","","","","SourceSheet=Solyx; SourceRow=37; RawDescription=3398 - SOL SXC-131 FROSTED SHORT STRIPE MINI BLIND-VERTICAL 60""","false","","","","",""
"IL-3400","Solyx","SOLYX SX-1303 Grey Frost","60","40","40","NA","IN_STOCK","2023-07-31","2023-07-31","","","","SOLYX|SOLYX SX-1303 GREY FROST","","","","","SourceSheet=Solyx; SourceRow=38; RawDescription=3400- SOLYX SX-1303 Grey Frost 60""","false","","","","",""
"IL-3401","Di-Noc","3M Di-Noc Wood Grain-1147","48","7","7","","IN_STOCK","2023-02-13","2023-02-13","","","","DI-NOC|3M DI-NOC WOOD GRAIN-1147","","","","","SourceSheet=Di-Noc; SourceRow=6; RawDescription=3401 - 3M Di-Noc Wood Grain-1147 164""; OutlierFix=2026-03-14; WidthBefore=164; WidthAfter=48; FilmBefore=3M Di-Noc Wood Grain-1147; FilmAfter=3M Di-Noc Wood Grain-1147; Reason=Trailing 164 was malformed width token; Wood Grain DI-NOC rows are 48","false","","","","",""
"IL-3409","Di-Noc","3M Di-Noc WG-364GN Wood Grain Gloss 48'","60","23","23","856951.0","IN_STOCK","2023-02-13","2023-02-13","","","","DI-NOC|3M DI-NOC WG-364GN WOOD GRAIN GLOSS 48'","","","","","ExceptionResolved=missing_width; SourceSheet=Di-Noc; SourceRow=7; WidthResolution=auto_default_60_user_approved; RawDescription=3409 - 3M Di-Noc WG-364GN Wood Grain Gloss 48'","false","","","","",""
"IL-3416","Llumar","LLUMAR BRONZE","35","8","8","450L028P46","IN_STOCK","2025-07-31","2025-07-31","","","","LLUMAR|LLUMAR BRONZE","","","","","SourceSheet=Llumar; SourceRow=27; RawDescription=3416 - LLUMAR BRONZE 35""","false","","","","",""
"IL-3420","Llumar","LLUMAR FROST SILVER RMS PS2","60","18","18","431K081P02","IN_STOCK","2025-07-31","2025-07-31","","","","LLUMAR|LLUMAR FROST SILVER RMS PS2","","","","","SourceSheet=Llumar; SourceRow=28; RawDescription=3420- LLUMAR FROST SILVER RMS PS2 60""","false","","","","",""
"IL-3442","Di-Noc","3M Di-Noc Fine Wood-1771H","48","13","13","862591.0","IN_STOCK","2023-02-13","2023-02-13","","","","DI-NOC|3M DI-NOC FINE WOOD-1771H","","","","","SourceSheet=Di-Noc; SourceRow=8; RawDescription=3442 - 3M Di-Noc Fine Wood-1771H 48""","false","","","","",""
"IL-3457","Solyx","Dual Motion Gradient SXJ-0585","60","10","10","NA","IN_STOCK","2023-07-31","2023-07-31","","","","SOLYX|DUAL MOTION GRADIENT SXJ-0585","","","","","SourceSheet=Solyx; SourceRow=39; RawDescription=3457- Dual Motion Gradient  SXJ-0585 60""","false","","","","",""
"IL-3464","Solyx","SOL SX-1259 WAVY GLASS FILM","60","5","5","NA","IN_STOCK","2023-07-31","2023-07-31","","","","SOLYX|SOL SX-1259 WAVY GLASS FILM","","","","","SourceSheet=Solyx; SourceRow=40; RawDescription=3464 - SOL SX-1259 WAVY GLASS FILM 60""","false","","","","",""
"IL-3465","Solyx","SOL SX-1305 BRONZE FROST","60","9","9","NA","IN_STOCK","2023-07-31","2023-07-31","","","","SOLYX|SOL SX-1305 BRONZE FROST","","","","","SourceSheet=Solyx; SourceRow=41; RawDescription=3465 - SOL SX-1305 BRONZE FROST 60""","false","","","","",""
"IL-3469","ASWFVKOOL","ASWF REMOVABLE WHITE FROST","60","6","6","NA","IN_STOCK","2023-02-13","2023-02-13","","","","ASWFVKOOL|ASWF REMOVABLE WHITE FROST","","","","","SourceSheet=ASWFVKOOL; SourceRow=6; RawDescription=3469- ASWF REMOVABLE WHITE FROST 60""","false","","","","",""
"IL-3498","Solyx","SOL Steel Blue SXO-096","60","13","13","NA","IN_STOCK","2023-07-31","2023-07-31","","","","SOLYX|SOL STEEL BLUE SXO-096","","","","","SourceSheet=Solyx; SourceRow=42; RawDescription=3498-  SOL Steel Blue SXO-096 60""","false","","","","",""
"IL-3510","Solar Guard","SG Panorama Sterling 70","72","8","8","5.405879046E9","IN_STOCK","2023-07-31","2023-07-31","","","","SOLAR GUARD|SG PANORAMA STERLING 70","","","","","SourceSheet=Solar Guard; SourceRow=6; RawDescription=3510 - SG Panorama Sterling 70 72""","false","","","","",""
"IL-3518","Di-Noc","3M DI-NOC NU-2179 TEXTILE NUNO","48","0","0","880955.0","ZEROED","2023-02-13","2023-02-13","","","","DI-NOC|3M DI-NOC NU-2179 TEXTILE NUNO","","","","","ExceptionResolved=missing_quantity_to_zeroed; SourceSheet=Di-Noc; SourceRow=10; WidthSource=quoted_hint; RawDescription=3518 - 3M DI-NOC NU-2179 TEXTILE NUNO 48""","false","","","2023-02-13","Missing quantity in source workbook","migration"
"IL-3519","Di-Noc","3M DI-NOC NU-2179 TEXTILE NUNO","48","30","30","","IN_STOCK","2023-02-13","2023-02-13","","","","DI-NOC|3M DI-NOC NU-2179 TEXTILE NUNO","","","","","SourceSheet=Di-Noc; SourceRow=11; RawDescription=3519 - 3M DI-NOC NU-2179  TEXTILE NUNO 48""","false","","","","",""
"IL-3533","Vinyl","3M Black Electrocut","60","10","10","","IN_STOCK","2025-02-13","2025-02-13","","","","VINYL|3M BLACK ELECTROCUT","","","","","SourceSheet=Vinyl; SourceRow=18; RawDescription=3533 - 3M Black Electrocut 60""","false","","","","",""
"IL-3564","Fasara","3M San Marino Milky Milky Dark Gray SH2MAMMD","50","7","7","NA","IN_STOCK","2023-02-13","2023-02-13","","","","FASARA|3M SAN MARINO MILKY MILKY DARK GRAY SH2MAMMD","","","","","SourceSheet=Fasara; SourceRow=21; RawDescription=3564 - 3M San Marino Milky Milky Dark Gray SH2MAMMD 50""","false","","","","",""
"IL-3591","Di-Noc","3M Di-Noc NU-2179 Textile Nuno","48","0","0","","ZEROED","2023-02-13","2023-02-13","","","","DI-NOC|3M DI-NOC NU-2179 TEXTILE NUNO","","","","","ExceptionResolved=missing_quantity_to_zeroed; SourceSheet=Di-Noc; SourceRow=9; WidthSource=quoted_hint; RawDescription=3591 - 3M Di-Noc NU-2179 Textile Nuno 48""","false","","","2023-02-13","Missing quantity in source workbook","migration"
"IL-3595","Di-Noc","3M DI-NOC OYSTER LINEN F473","60","0","0","","ZEROED","2023-02-13","2023-02-13","","","","DI-NOC|3M DI-NOC OYSTER LINEN F473","","","","","ExceptionResolved=missing_quantity_to_zeroed; SourceSheet=Di-Noc; SourceRow=13; WidthSource=default_60; RawDescription=3595 - 3M DI-NOC OYSTER LINEN F473","false","","","2023-02-13","Missing quantity in source workbook","migration"
"IL-3597","3M Solar","3M PRX 90 Ext.","60","12","12","na","IN_STOCK","2023-07-31","2023-07-31","","","","3M SOLAR|3M PRX 90 EXT.","","","","","SourceSheet=3M Solar; SourceRow=8; RawDescription=3597 - 3M PRX 90 Ext. 60""","false","","","","",""
"IL-3609","Solyx","Solyx Dual Misty Fost SXJ-0598 GRADIANT","60","20","20","NA","IN_STOCK","2023-07-31","2023-07-31","","","","SOLYX|SOLYX DUAL MISTY FOST SXJ-0598 GRADIANT","","","","","ExceptionResolved=missing_width; SourceSheet=Solyx; SourceRow=43; WidthResolution=auto_from_description_hint_user_approved; RawDescription=3609 - Solyx Dual Misty Fost SXJ-0598 60"" GRADIANT","false","","","","",""
"IL-3614","3M Solar","3M PR 50","60","0","0","B048323891","ZEROED","2023-07-31","2023-07-31","","","","3M SOLAR|3M PR 50","","","","","ExceptionResolved=missing_quantity_to_zeroed; SourceSheet=3M Solar; SourceRow=9; WidthSource=quoted_hint; RawDescription=3614 - 3M PR 50 60""","false","","","2023-07-31","Missing quantity in source workbook","migration"
"IL-3622","3M Solar","3M Low E Silver 35","72","17","17","9.898498489E9","IN_STOCK","2023-07-31","2023-07-31","","","","3M SOLAR|3M LOW E SILVER 35","","","","","SourceSheet=3M Solar; SourceRow=10; RawDescription=3622 - 3M Low E Silver 35 72""","false","","","","",""
"IL-3642","Solyx","SX-SC 684-48 Pyramid","48","6","6","NA","IN_STOCK","2023-07-31","2023-07-31","","","","SOLYX|SX-SC 684-48 PYRAMID","","","","","SourceSheet=Solyx; SourceRow=44; RawDescription=3642 - SX-SC 684-48 Pyramid 48""","false","","","","",""
"IL-3645","Fasara","3M Buck Pearl + Gray SH2FGBUG","50","10","10","N017C034","IN_STOCK","2023-02-13","2023-02-13","","","","FASARA|3M BUCK PEARL + GRAY SH2FGBUG","","","","","SourceSheet=Fasara; SourceRow=23; RawDescription=3645 - 3M Buck Pearl + Gray SH2FGBUG 50""","false","","","","",""
"IL-3648","Avery Dennison","AD DR Grey 20-X","60","25","25","","IN_STOCK","2023-02-13","2023-02-13","","","","AVERY DENNISON|AD DR GREY 20-X","","","","","SourceSheet=Avery Dennison; SourceRow=6; RawDescription=3648 - AD DR Grey 20-X 60""","false","","","","",""
"IL-3649","Avery Dennison","AD Ex Silver 20","48","54","54","","IN_STOCK","2023-02-13","2023-02-13","","","","AVERY DENNISON|AD EX SILVER 20","","","","","SourceSheet=Avery Dennison; SourceRow=7; RawDescription=3649 - AD Ex Silver 20 48""","false","","","","",""
"IL-3650","Solar Guard","SG Panorama Slate 30","36","6","6","NA","IN_STOCK","2023-07-31","2023-07-31","","","","SOLAR GUARD|SG PANORAMA SLATE 30","","","","","SourceSheet=Solar Guard; SourceRow=8; RawDescription=3650 - SG Panorama Slate 30 36""","false","","","","",""
"IL-3651","Solar Guard","SG Panorama Sterling 60","60","60","60","5.36327022E8","IN_STOCK","2023-07-31","2023-07-31","","","","SOLAR GUARD|SG PANORAMA STERLING 60","","","","","SourceSheet=Solar Guard; SourceRow=9; RawDescription=3651 - SG Panorama Sterling 60 60""","false","","","","",""
"IL-3655","Solar Guard","SG TrueVue 40","60","5","5","5.394049067E9","IN_STOCK","2023-07-31","2023-07-31","","","","SOLAR GUARD|SG TRUEVUE 40","","","","","SourceSheet=Solar Guard; SourceRow=10; RawDescription=3655 - SG TrueVue 40 60""","false","","","","",""
"IL-3663","3M Solar","3M PR 20","72","10","10","323059007c","IN_STOCK","2023-07-31","2023-07-31","","","","3M SOLAR|3M PR 20","","","","","SourceSheet=3M Solar; SourceRow=11; RawDescription=3663 - 3M PR 20 72""","false","","","","",""
"IL-3680","3M Solar","3M Thinsulate 75","72","10","10","Na","IN_STOCK","2023-07-31","2023-07-31","","","","3M SOLAR|3M THINSULATE 75","","","","","SourceSheet=3M Solar; SourceRow=12; RawDescription=3680 - 3M Thinsulate 75 72""","false","","","","",""
"IL-3690","3M Solar","3M RE35NEARL","60","25","25","Na","IN_STOCK","2023-07-31","2023-07-31","","","","3M SOLAR|3M RE35NEARL","","","","","SourceSheet=3M Solar; SourceRow=13; RawDescription=3690 - 3M RE35NEARL 60""","false","","","","",""
"IL-3691","3M Solar","3M Affinity 30","60","15","15","70-0063-1483-5","IN_STOCK","2023-07-31","2023-07-31","","","","3M SOLAR|3M AFFINITY 30","","","","","SourceSheet=3M Solar; SourceRow=14; RawDescription=3691 - 3M Affinity 30 60""","false","","","","",""
"IL-3704","Security","3M S20 Silver","60","31","31","NA","IN_STOCK","2023-07-31","2023-07-31","","","","SECURITY|3M S20 SILVER","","","","","SourceSheet=Security; SourceRow=22; RawDescription=3704 - 3M S20 Silver 60""","false","","","","",""
"IL-3708","Security","Llumar PS-8 Silver","72","25","25","NA","IN_STOCK","2023-07-31","2023-07-31","","","","SECURITY|LLUMAR PS-8 SILVER","","","","","SourceSheet=Security; SourceRow=23; RawDescription=3708 - Llumar PS-8 Silver 72""","false","","","","",""
"IL-3709","Security","3M Ultra PR-50","36","20","20","9282323486-016-B","IN_STOCK","2023-07-31","2023-07-31","","","","SECURITY|3M ULTRA PR-50","","","","","SourceSheet=Security; SourceRow=24; RawDescription=3709 - 3M Ultra PR-50 36""","false","","","","",""
"IL-3710","Security","3M Ultra PR-50","60","10","10","Na","IN_STOCK","2023-07-31","2023-07-31","","","","SECURITY|3M ULTRA PR-50","","","","","SourceSheet=Security; SourceRow=25; RawDescription=3710 - 3M Ultra PR-50 60""","false","","","","",""
"IL-3712","Llumar","Llumar DR-35","60","66","66","430F30","IN_STOCK","2025-07-31","2025-07-31","","","","LLUMAR|LLUMAR DR-35","","","","","SourceSheet=Llumar; SourceRow=29; RawDescription=3712 - Llumar DR-35 60""","false","","","","",""
"IL-3713","Llumar","Llumar DR-25","60","21","21","5.0181187E7","IN_STOCK","2025-07-31","2025-07-31","","","","LLUMAR|LLUMAR DR-25","","","","","SourceSheet=Llumar; SourceRow=30; RawDescription=3713 - Llumar DR-25 60""","false","","","","",""
"IL-3714","Llumar","Llumar DR-05","72","20","20","","IN_STOCK","2025-07-31","2025-07-31","","","","LLUMAR|LLUMAR DR-05","","","","","SourceSheet=Llumar; SourceRow=31; RawDescription=3714 - Llumar DR-05 72""","false","","","","",""
"IL-3715","Llumar","Llumar DR-35","60","24","24","5.0181186E7","IN_STOCK","2025-07-31","2025-07-31","","","","LLUMAR|LLUMAR DR-35","","","","","SourceSheet=Llumar; SourceRow=32; RawDescription=3715 - Llumar DR-35 60""","false","","","","",""
"IL-3716","Llumar","Llumar N1020","72","5","5","XKY4KPR","IN_STOCK","2025-07-31","2025-07-31","","","","LLUMAR|LLUMAR N1020","","","","","SourceSheet=Llumar; SourceRow=33; RawDescription=3716 - Llumar N1020 72""","false","","","","",""
"IL-3718","Llumar","Llumar R20","60","6","6","D441406","IN_STOCK","2025-07-31","2025-07-31","","","","LLUMAR|LLUMAR R20","","","","","SourceSheet=Llumar; SourceRow=34; RawDescription=3718 - Llumar R20 60""","false","","","","",""
"IL-3720","Llumar","Llumar White Out NRMW PS3","60","16","16","5.0162314E7","IN_STOCK","2025-07-31","2025-07-31","","","","LLUMAR|LLUMAR WHITE OUT NRMW PS3","","","","","SourceSheet=Llumar; SourceRow=35; RawDescription=3720 - Llumar White Out NRMW PS3 60""","false","","","","",""
"IL-3721","Llumar","Llumar White Out NRMW PS3","44","15","15","5.0157369E7","IN_STOCK","2025-07-31","2025-07-31","","","","LLUMAR|LLUMAR WHITE OUT NRMW PS3","","","","","SourceSheet=Llumar; SourceRow=36; RawDescription=3721 - Llumar White Out NRMW PS3 44""","false","","","","",""
"IL-3722","Llumar","Llumar Black Out NRMM PS2","60","73","73","5.0157287E7","IN_STOCK","2025-07-31","2025-07-31","","","","LLUMAR|LLUMAR BLACK OUT NRMM PS2","","","","","SourceSheet=Llumar; SourceRow=37; RawDescription=3722 - Llumar Black Out NRMM PS2 60""","false","","","","",""
"IL-3725","Llumar","Llumar N1065","48","15","15","NA","IN_STOCK","2025-07-31","2025-07-31","","","","LLUMAR|LLUMAR N1065","","","","","SourceSheet=Llumar; SourceRow=38; RawDescription=3725 - Llumar N1065 48""","false","","","","",""
"IL-3726","Solyx","Dove Stained Glass SXEG-1025","36","8","8","NA","IN_STOCK","2023-07-31","2023-07-31","","","","SOLYX|DOVE STAINED GLASS SXEG-1025","","","","","SourceSheet=Solyx; SourceRow=45; RawDescription=3726 - Dove Stained Glass SXEG-1025 36""","false","","","","",""
"IL-3732","Solyx","Solyx SXP-039 Raspberry Red","60","7","7","SXP-039","IN_STOCK","2023-07-31","2023-07-31","","","","SOLYX|SOLYX SXP-039 RASPBERRY RED","","","","","SourceSheet=Solyx; SourceRow=46; RawDescription=3732 - Solyx SXP-039 Raspberry Red 60""","false","","","","",""
"IL-3736","Solar Guard","SG Slate 40","72","7","7","5.396790053E9","IN_STOCK","2023-07-31","2023-07-31","","","","SOLAR GUARD|SG SLATE 40","","","","","SourceSheet=Solar Guard; SourceRow=11; RawDescription=3736 - SG Slate 40 72""","false","","","","",""
"IL-3739","Avery Dennison","AD R Silver 20X Poly","60","28","28","","IN_STOCK","2023-02-13","2023-02-13","","","","AVERY DENNISON|AD R SILVER 20X POLY","","","","","SourceSheet=Avery Dennison; SourceRow=8; RawDescription=3739 - AD R Silver 20X Poly 60""","false","","","","",""
"IL-3740","Solyx","Solyx Cool Grey SX4500","60","57","57","SX-4500-69","IN_STOCK","2023-07-31","2023-07-31","","","","SOLYX|SOLYX COOL GREY SX4500","","","","","SourceSheet=Solyx; SourceRow=47; RawDescription=3740 - Solyx Cool Grey SX4500 60""","false","","","","",""
"IL-3743","Fasara","3M Luce","50","6","6","na","IN_STOCK","2023-02-13","2023-02-13","","","","FASARA|3M LUCE","","","","","SourceSheet=Fasara; SourceRow=25; RawDescription=3743 - 3M Luce 50""","false","","","","",""
"IL-3749","Solar Guard","SG Sentinel Plus Silver 20 Ext.","48","100","100","5.416444089E9","IN_STOCK","2023-07-31","2023-07-31","","","","SOLAR GUARD|SG SENTINEL PLUS SILVER 20 EXT.","","","","","SourceSheet=Solar Guard; SourceRow=12; RawDescription=3749 - SG Sentinel Plus Silver 20 Ext. 48""","false","","","","",""
"IL-3750","Solar Guard","SG Sentinel Plus Silver 20 Ext.","48","76","76","5.41749801E9","IN_STOCK","2023-07-31","2023-07-31","","","","SOLAR GUARD|SG SENTINEL PLUS SILVER 20 EXT.","","","","","SourceSheet=Solar Guard; SourceRow=13; RawDescription=3750 - SG Sentinel Plus Silver 20 Ext. 48""","false","","","","",""
"IL-3753","Di-Noc","DI-NOC OYSTER LINEN F473","60","50","50","","IN_STOCK","2023-02-13","2023-02-13","","","","DI-NOC|DI-NOC OYSTER LINEN F473","","","","","SourceSheet=Di-Noc; SourceRow=14; RawDescription=3753 - DI-NOC OYSTER LINEN  F473 ; OutlierFix=2026-03-14; WidthBefore=473; WidthAfter=60; FilmBefore=DI-NOC OYSTER LINEN F; FilmAfter=DI-NOC OYSTER LINEN F473; Reason=Model code F473 parsed as width; matched ZEROED row IL-3595 at 60","false","","","","",""
"IL-3758","Fasara","3M SAN MARINO SH2MAMM","60","10","10","","IN_STOCK","2023-02-13","2023-02-13","","","","FASARA|3M SAN MARINO SH2MAMM","","","","","ExceptionResolved=missing_width; SourceSheet=Fasara; SourceRow=24; WidthResolution=auto_default_60_user_approved; RawDescription=3758 -  3M SAN MARINO SH2MAMM","false","","","","",""
"IL-3765","Solyx","SOLYX SIMGLAS FROSTED STRIE SGV-6613","48","10","10","","IN_STOCK","2023-07-31","2023-07-31","","","","SOLYX|SOLYX SIMGLAS FROSTED STRIE SGV-6613","","","","","SourceSheet=Solyx; SourceRow=48; RawDescription=3765 - SOLYX SIMGLAS FROSTED STRIE SGV-6613  48""","false","","","","",""
"IL-3767","Solar Guard","SG Silver 20 HC","48","13","13","5.411494064E9","IN_STOCK","2023-07-31","2023-07-31","","","","SOLAR GUARD|SG SILVER 20 HC","","","","","SourceSheet=Solar Guard; SourceRow=21; RawDescription=3767 - SG Silver 20 HC 48""","false","","","","",""
"IL-3768","Solar Guard","SG Silver 20 HC","48","50","50","5.416629015E9","IN_STOCK","2023-07-31","2023-07-31","","","","SOLAR GUARD|SG SILVER 20 HC","","","","","SourceSheet=Solar Guard; SourceRow=22; RawDescription=3768 - SG Silver 20 HC 48""","false","","","","",""
"IL-3793","Avery Dennison","AD DR Grey 10X","60","13","13","RU057348","IN_STOCK","2023-02-13","2023-02-13","","","","AVERY DENNISON|AD DR GREY 10X","","","","","SourceSheet=Avery Dennison; SourceRow=10; RawDescription=3793 - AD DR Grey 10X 60""","false","","","","",""
"IL-3805","Solar Guard","SG TrueVue 05","36","10","10","","IN_STOCK","2023-07-31","2023-07-31","","","","SOLAR GUARD|SG TRUEVUE 05","","","","","SourceSheet=Solar Guard; SourceRow=14; RawDescription=3805 - SG TrueVue 05 36""","false","","","","",""
"IL-3808","Solyx","Solyx White Sand Matte SX1409","48","20","20","","IN_STOCK","2023-07-31","2023-07-31","","","","SOLYX|SOLYX WHITE SAND MATTE SX1409","","","","","SourceSheet=Solyx; SourceRow=49; RawDescription=3808 - Solyx White Sand Matte SX1409 48""","false","","","","",""
"IL-3813","Fasara","3M Matte Crystal SH2MACR1","50","12","12","","IN_STOCK","2023-02-13","2023-02-13","","","","FASARA|3M MATTE CRYSTAL SH2MACR1","","","","","SourceSheet=Fasara; SourceRow=26; RawDescription=3813 - 3M Matte Crystal SH2MACR1 50""","false","","","","",""
"IL-3827","Solyx","Solyx Black Out SXWF-BO","60","5","5","","IN_STOCK","2023-07-31","2023-07-31","","","","SOLYX|SOLYX BLACK OUT SXWF-BO","","","","","SourceSheet=Solyx; SourceRow=50; RawDescription=3827 - Solyx Black Out SXWF-BO 60""","false","","","","",""
"IL-3830","Llumar","Llumar Vista 58 (V58)","48","64","64","","IN_STOCK","2025-07-31","2025-07-31","","","","LLUMAR|LLUMAR VISTA 58 (V58)","","","","","SourceSheet=Llumar; SourceRow=39; RawDescription=3830 - Llumar Vista 58 (V58) 48""","false","","","","",""
"IL-3842","Solar Guard","SG Sterling 70","48","18","18","","IN_STOCK","2023-07-31","2023-07-31","","","","SOLAR GUARD|SG STERLING 70","","","","","SourceSheet=Solar Guard; SourceRow=15; RawDescription=3842 - SG Sterling 70 48""","false","","","","",""
"IL-3849","Fasara","3M Fabric-Sensai Linen Champagne Gold SH2CSSEC","50","39","39","","IN_STOCK","2023-02-13","2023-02-13","","","","FASARA|3M FABRIC-SENSAI LINEN CHAMPAGNE GOLD SH2CSSEC","","","","","SourceSheet=Fasara; SourceRow=29; RawDescription=3849 - 3M Fabric-Sensai Linen Champagne Gold SH2CSSEC 50""","false","","","","",""
"IL-3858","Fasara","3M Frost Glace SH2MAGL","48","7","7","","IN_STOCK","2023-02-13","2023-02-13","","","","FASARA|3M FROST GLACE SH2MAGL","","","","","SourceSheet=Fasara; SourceRow=27; RawDescription=3858 - 3M Frost Glace SH2MAGL 48""","false","","","","",""
"IL-3859","Fasara","3M Stripe-Fine Vertical SH2FGFN","50","10","10","","IN_STOCK","2023-02-13","2023-02-13","","","","FASARA|3M STRIPE-FINE VERTICAL SH2FGFN","","","","","SourceSheet=Fasara; SourceRow=28; RawDescription=3859 - 3M Stripe-Fine Vertical SH2FGFN 50""","false","","","","",""
"IL-3864","Solar Guard","SG TrueVue 15","60","6","6","5.417951032E9","IN_STOCK","2023-07-31","2023-07-31","","","","SOLAR GUARD|SG TRUEVUE 15","","","","","SourceSheet=Solar Guard; SourceRow=16; RawDescription=3864 - SG TrueVue 15 60""","false","","","","",""
"IL-3893A","Di-Noc","3M Di-Noc Wood Grain Ext. WG1044EX","48","4","4","922387.0","IN_STOCK","2023-02-13","2023-02-13","","","","DI-NOC|3M DI-NOC WOOD GRAIN EXT. WG1044EX","","","","","SourceSheet=Di-Noc; SourceRow=12; RawDescription=3893A - 3M Di-Noc Wood Grain Ext. WG1044EX 48""","false","","","","",""
"IL-3901","Llumar","Llumar Bronze 20 N1020B","60","7","7","","IN_STOCK","2025-07-31","2025-07-31","","","","LLUMAR|LLUMAR BRONZE 20 N1020B","","","","","SourceSheet=Llumar; SourceRow=40; RawDescription=3901 - Llumar Bronze 20 N1020B 60""","false","","","","",""
"IL-3918","Solar Guard","SG TrueVue 05","48","9","9","5.418877127E9","IN_STOCK","2023-07-31","2023-07-31","","","","SOLAR GUARD|SG TRUEVUE 05","","","","","SourceSheet=Solar Guard; SourceRow=18; RawDescription=3918 - SG TrueVue 05 48""","false","","","","",""
"IL-3922","Solar Guard","SG TrueVue 40","48","38","38","5.416617046E9","IN_STOCK","2023-07-31","2023-07-31","","","","SOLAR GUARD|SG TRUEVUE 40","","","","","SourceSheet=Solar Guard; SourceRow=17; RawDescription=3922 - SG TrueVue 40 48""","false","","","","",""
"IL-3935","Llumar","Llumar Silver Sparkle","60","0","0","D764480P32","ZEROED","2025-07-31","2025-07-31","","","","LLUMAR|LLUMAR SILVER SPARKLE","","","","","ExceptionResolved=missing_quantity_to_zeroed; SourceSheet=Llumar; SourceRow=43; WidthSource=quoted_hint; RawDescription=3935 - Llumar Silver Sparkle 60""","false","","","2025-07-31","Missing quantity in source workbook","migration"
"IL-3963","Di-Noc","3M Di-Noc PS1870MT Single Color Matte-Black","48","15","15","","IN_STOCK","2023-02-13","2023-02-13","","","","DI-NOC|3M DI-NOC PS1870MT SINGLE COLOR MATTE-BLACK","","","","","SourceSheet=Di-Noc; SourceRow=16; RawDescription=3963 - 3M Di-Noc PS1870MT Single Color Matte-Black 48""","false","","","","",""
"IL-3965","Solyx","Solyx Grey Frost SX-1303","60","20","20","","IN_STOCK","2023-07-31","2023-07-31","","","","SOLYX|SOLYX GREY FROST SX-1303","","","","","SourceSheet=Solyx; SourceRow=51; RawDescription=3965 - Solyx Grey Frost SX-1303 60""","false","","","","",""
"IL-4002","Solyx","Solyx White Dusted Matte SXJ-0550","60","8","8","","IN_STOCK","2023-07-31","2023-07-31","","","","SOLYX|SOLYX WHITE DUSTED MATTE SXJ-0550","","","","","SourceSheet=Solyx; SourceRow=52; RawDescription=4002 - Solyx White Dusted Matte SXJ-0550 60""","false","","","","",""
"IL-4018","Fasara","3M BORDER-SLAT G HORIZONTAL SH2FGSL-G","50","25","25","","IN_STOCK","2023-02-13","2023-02-13","","","","FASARA|3M BORDER-SLAT G HORIZONTAL SH2FGSL-G","","","","","SourceSheet=Fasara; SourceRow=31; RawDescription=4018 - 3M BORDER-SLAT G HORIZONTAL SH2FGSL-G 50""","false","","","","",""
"IL-4019","Avery Dennison","AVERY Silver 20 EXTRM (exterior)","48","100","100","for warranty work","IN_STOCK","2023-02-13","2023-02-13","","","","AVERY DENNISON|AVERY SILVER 20 EXTRM (EXTERIOR)","","","","","SourceSheet=Avery Dennison; SourceRow=11; RawDescription=4019 - AVERY Silver 20 EXTRM (exterior) 48""","false","","","","",""
"IL-4024","Solyx","Solyx Clear Sand Blast SX-1002","48","10","10","","IN_STOCK","2023-07-31","2023-07-31","","","","SOLYX|SOLYX CLEAR SAND BLAST SX-1002","","","","","SourceSheet=Solyx; SourceRow=53; RawDescription=4024- Solyx Clear Sand Blast SX-1002  48""","false","","","","",""
"IL-4026","Solyx","Solyx Clear Sand Blast SX-1002","60","70","70","","IN_STOCK","2023-07-31","2023-07-31","","","","SOLYX|SOLYX CLEAR SAND BLAST SX-1002","","","","","SourceSheet=Solyx; SourceRow=54; RawDescription=4026- Solyx Clear Sand Blast SX-1002 60""","false","","","","",""
"IL-4035","Avery Dennison","AVERY - Silver 20 XRTM Exterior","60","33","33","for warranty work","IN_STOCK","2023-02-13","2023-02-13","","","","AVERY DENNISON|AVERY - SILVER 20 XRTM EXTERIOR","","","","","SourceSheet=Avery Dennison; SourceRow=12; RawDescription=4035 - AVERY - Silver 20 XRTM Exterior 60""         ","false","","","","",""
"IL-4036","Avery Dennison","AVERY - Silver 20 XRTM Exterior","60","33","33","for warranty work","IN_STOCK","2023-02-13","2023-02-13","","","","AVERY DENNISON|AVERY - SILVER 20 XRTM EXTERIOR","","","","","SourceSheet=Avery Dennison; SourceRow=13; RawDescription=4036 - AVERY - Silver 20 XRTM Exterior 60""","false","","","","",""
"IL-4042","Fasara","3M Milky Crystal SHMLCRX","50","16","16","","IN_STOCK","2023-02-13","2023-02-13","","","","FASARA|3M MILKY CRYSTAL SHMLCRX","","","","","SourceSheet=Fasara; SourceRow=32; RawDescription=4042 - 3M Milky Crystal SHMLCRX  50""","false","","","","",""
"IL-4045","Solar Guard","SG Truevue 05","72","6","6","","IN_STOCK","2023-07-31","2023-07-31","","","","SOLAR GUARD|SG TRUEVUE 05","","","","","ExceptionResolved=malformed_description; SourceSheet=Solar Guard; SourceRow=19; Rule=insert_hyphen_after_id; RawDescription=4045 SG Truevue 05 72""","false","","","","",""
"IL-4047","Fasara","Mare SH2FGMR","50","10","10","","IN_STOCK","2023-02-13","2023-02-13","","","","FASARA|MARE SH2FGMR","","","","","SourceSheet=Fasara; SourceRow=33; RawDescription=4047 - Mare SH2FGMR 50""","false","","","","",""
"IL-4055","Llumar","Vista 61","72","50","50","452G095P12","IN_STOCK","2025-07-31","2025-07-31","","","","LLUMAR|VISTA 61","","","","","SourceSheet=Llumar; SourceRow=41; RawDescription=4055- Vista 61 72""","false","","","","",""
"IL-4056","Llumar","Vista 61","60","100","100","862N030","IN_STOCK","2025-07-31","2025-07-31","","","","LLUMAR|VISTA 61","","","","","SourceSheet=Llumar; SourceRow=42; RawDescription=4056- Vista 61 60""","false","","","","",""
"IL-4060","Llumar","Llumar Silver Sparkle","60","12","12","D770486P07","IN_STOCK","2025-07-31","2025-07-31","","","","LLUMAR|LLUMAR SILVER SPARKLE","","","","","SourceSheet=Llumar; SourceRow=44; RawDescription=4060 - Llumar Silver Sparkle 60""","false","","","","",""
"IL-4067","Di-Noc","3M DI-NOC FINE WOOD-COLOGNE WALNUT FW1751","48","27","27","","IN_STOCK","2023-02-13","2023-02-13","","","","DI-NOC|3M DI-NOC FINE WOOD-COLOGNE WALNUT FW1751","","","","","SourceSheet=Di-Noc; SourceRow=17; RawDescription=4067- 3M DI-NOC FINE WOOD-COLOGNE WALNUT FW1751 48""","false","","","","",""
"IL-4073","Llumar","Llumar Vista V33","72","5","5","443A037P03","IN_STOCK","2025-07-31","2025-07-31","","","","LLUMAR|LLUMAR VISTA V33","","","","","SourceSheet=Llumar; SourceRow=45; RawDescription=4073 - Llumar Vista V33 72""","false","","","","",""
"IL-4074","Di-Noc","3MDINOC MATTE BREEN WALNUT DW1882MT","48","10","10","","IN_STOCK","2023-02-13","2023-02-13","","","","DI-NOC|3MDINOC MATTE BREEN WALNUT DW1882MT","","","","","SourceSheet=Di-Noc; SourceRow=18; RawDescription=4074 - 3MDINOC MATTE BREEN WALNUT DW1882MT 48""","false","","","","",""
"IL-4075","3M Solar","3M PR 40 EXT.","72","6","6","324403.0","IN_STOCK","2023-07-31","2023-07-31","","","","3M SOLAR|3M PR 40 EXT.","","","","","SourceSheet=3M Solar; SourceRow=15; RawDescription=4075 - 3M PR 40 EXT. 72""","false","","","","",""
"IL-4083","Solyx","Solyx Glass Frost SXR-9829 (+ 34""x 64"" pc)","54","5","5","","IN_STOCK","2023-07-31","2023-07-31","","","","SOLYX|SOLYX GLASS FROST SXR-9829 (+ 34""X 64"" PC)","","","","","ExceptionResolved=missing_width; SourceSheet=Solyx; SourceRow=55; WidthResolution=auto_from_description_hint_user_approved; RawDescription=4083 - Solyx Glass Frost SXR-9829 54"" (+ 34""x 64"" pc)","false","","","","",""
"IL-4096","Llumar","Llumar Vista V33","36","8","8","443A037P07","IN_STOCK","2025-07-31","2025-07-31","","","","LLUMAR|LLUMAR VISTA V33","","","","","SourceSheet=Llumar; SourceRow=46; RawDescription=4096 - Llumar Vista V33 36""","false","","","","",""
"IL-5000","Llumar","Llumar 9 MIL Warm Gray DR 15","60","60","60","D781605","IN_STOCK","2025-07-31","2025-07-31","","","","LLUMAR|LLUMAR 9 MIL WARM GRAY DR 15","","","","","SourceSheet=Llumar; SourceRow=48; RawDescription=5000 - Llumar 9 MIL Warm Gray DR 15 60""","false","","","","",""
"IL-5001","Llumar","Llumar 9 MIL Warm Gray DR 15","72","90","90","D781604","IN_STOCK","2025-07-31","2025-07-31","","","","LLUMAR|LLUMAR 9 MIL WARM GRAY DR 15","","","","","SourceSheet=Llumar; SourceRow=49; RawDescription=5001 - Llumar 9 MIL Warm Gray DR 15 72""","false","","","","",""
"IL-5046","Fasara","3M Fasara Frost San Marino Milky Milky SH2MAMM","50","14","14","105357345B","IN_STOCK","2023-02-13","2023-02-13","","","","FASARA|3M FASARA FROST SAN MARINO MILKY MILKY SH2MAMM","","","","","SourceSheet=Fasara; SourceRow=34; RawDescription=5046 - 3M Fasara Frost San Marino Milky Milky SH2MAMM 50""","false","","","","",""
"IL-5049","Avery Dennison","Avery Titan 07","60","10","10","","IN_STOCK","2023-02-13","2023-02-13","","","","AVERY DENNISON|AVERY TITAN 07","","","","","SourceSheet=Avery Dennison; SourceRow=14; RawDescription=5049 - Avery Titan 07 60""","false","","","","",""
"IL-5054","Fasara","3M Fasara Frost Opaque White SH2MAOW","50","30","30","105.0","IN_STOCK","2023-02-13","2023-02-13","","","","FASARA|3M FASARA FROST OPAQUE WHITE SH2MAOW","","","","","SourceSheet=Fasara; SourceRow=35; RawDescription=5054 - 3M Fasara Frost Opaque White SH2MAOW 50""","false","","","","",""
"IL-5056","Avery Dennison","Avery Titan 07","60","9","9","","IN_STOCK","2023-02-13","2023-02-13","","","","AVERY DENNISON|AVERY TITAN 07","","","","","SourceSheet=Avery Dennison; SourceRow=15; RawDescription=5056 - Avery Titan 07 60""","false","","","","",""
"IL-5068","Avery Dennison","Avery E-Lite 70","60","10","10","","IN_STOCK","2023-02-13","2023-02-13","","","","AVERY DENNISON|AVERY E-LITE 70","","","","","SourceSheet=Avery Dennison; SourceRow=16; RawDescription=5068 - Avery E-Lite 70 60""","false","","","","",""
"IL-5069","Avery Dennison","Avery Titan 07","60","100","100","","IN_STOCK","2023-02-13","2023-02-13","","","","AVERY DENNISON|AVERY TITAN 07","","","","","SourceSheet=Avery Dennison; SourceRow=17; RawDescription=5069 - Avery Titan 07 60"" ","false","","","","",""
"IL-5075","Fasara","Feather Friendly Horizon","36","150","150","","IN_STOCK","2023-02-13","2023-02-13","","","","FASARA|FEATHER FRIENDLY HORIZON","","","","","SourceSheet=Fasara; SourceRow=36; RawDescription=5075 - Feather Friendly Horizon 36""","false","","","","",""
"IL-5076","Fasara","Feather Friendly Horizon","36","50","50","","IN_STOCK","2023-02-13","2023-02-13","","","","FASARA|FEATHER FRIENDLY HORIZON","","","","","SourceSheet=Fasara; SourceRow=37; RawDescription=5076 - Feather Friendly Horizon 36""","false","","","","",""
"IL-5079","Llumar","Llumar V 51","60","16","16","492C103P02","IN_STOCK","2025-07-31","2025-07-31","","","","LLUMAR|LLUMAR V 51","","","","","SourceSheet=Llumar; SourceRow=47; RawDescription=5079 - Llumar V 51 60""","false","","","","",""
"IL-5090","3M Solar","3M Privacy Mirror","60","30","30","","IN_STOCK","2023-07-31","2023-07-31","","","","3M SOLAR|3M PRIVACY MIRROR","","","","","SourceSheet=3M Solar; SourceRow=18; RawDescription=5090 - 3M Privacy Mirror 60""","false","","","","",""
"IL-5093","3M Solar","3M PR 40 EXT","72","5","5","324521.0","IN_STOCK","2023-07-31","2023-07-31","","","","3M SOLAR|3M PR 40 EXT","","","","","SourceSheet=3M Solar; SourceRow=16; RawDescription=5093 - 3M PR 40 EXT 72""","false","","","","",""
"IL-5115","Security","Avery Safety Clear 12 Mil","48","24","24","RC3791538","IN_STOCK","2023-07-31","2023-07-31","","","","SECURITY|AVERY SAFETY CLEAR 12 MIL","","","","","SourceSheet=Security; SourceRow=28; RawDescription=5115 - Avery Safety Clear 12 Mil 48""","false","","","","",""
"IL-5130","3M Solar","3M PR 70 EXT","60","6","6","D033324458","IN_STOCK","2023-07-31","2023-07-31","","","","3M SOLAR|3M PR 70 EXT","","","","","SourceSheet=3M Solar; SourceRow=17; RawDescription=5130 - 3M PR 70 EXT 60""","false","","","","",""
"IL-5160","Security","Avery Safety Matte 5 Mil R14811","60","100","100","RC4066761","IN_STOCK","2023-07-31","2023-07-31","","","","SECURITY|AVERY SAFETY MATTE 5 MIL R14811","","","","","SourceSheet=Security; SourceRow=29; RawDescription=5160 - Avery Safety Matte 5 Mil R14811 60""","false","","","","",""
"IL-5203","Solar Guard","SG Silver 20","60","15","15","5.423108037E9","IN_STOCK","2023-07-31","2023-07-31","","","","SOLAR GUARD|SG SILVER 20","","","","","SourceSheet=Solar Guard; SourceRow=20; RawDescription=5203 - SG Silver 20 60""","false","","","","",""
"IL-5206","Vinyl","3M 7125 Dark Grey 41","48","20","20","102130.0","IN_STOCK","2025-02-13","2025-02-13","","","","VINYL|3M 7125 DARK GREY 41","","","","","SourceSheet=Vinyl; SourceRow=21; RawDescription=5206 - 3M 7125 Dark Grey 41 48""","false","","","","",""
"IL-5278","Fasara","3M Fasara Frost Walnut Smoke SH2PTFWS","60","9","9","","IN_STOCK","2023-02-13","2023-02-13","","","","FASARA|3M FASARA FROST WALNUT SMOKE SH2PTFWS","","","","","SourceSheet=Fasara; SourceRow=39; RawDescription=5278 - 3M Fasara Frost Walnut Smoke SH2PTFWS 60""","false","","","","",""
"IL-5280","Fasara","3M Fasara Frost Opaque White SH2MAOW","50","5","5","1.05504524E8","IN_STOCK","2023-02-13","2023-02-13","","","","FASARA|3M FASARA FROST OPAQUE WHITE SH2MAOW","","","","","SourceSheet=Fasara; SourceRow=38; RawDescription=5280 - 3M Fasara Frost Opaque White SH2MAOW 50""","false","","","","",""
"IL-5291","Llumar","Llumar Frost Mist NRM80 PS2","60","75","75","D781614","IN_STOCK","2025-07-31","2025-07-31","","","","LLUMAR|LLUMAR FROST MIST NRM80 PS2","","","","","SourceSheet=Llumar; SourceRow=50; RawDescription=5291 - Llumar Frost Mist NRM80 PS2 60""","false","","","","",""
"IL-5327","Fasara","3M Fasara Frost Opaque White SH2MAOW","50","98","98","1.05426022E8","IN_STOCK","2023-02-13","2023-02-13","","","","FASARA|3M FASARA FROST OPAQUE WHITE SH2MAOW","","","","","SourceSheet=Fasara; SourceRow=40; RawDescription=5327 - 3M Fasara Frost Opaque White SH2MAOW 50""","false","","","","",""
"IL-5328","Solyx","Solyx Thatch Frost SX1580","48","25","25","","IN_STOCK","2023-07-31","2023-07-31","","","","SOLYX|SOLYX THATCH FROST SX1580","","","","","SourceSheet=Solyx; SourceRow=57; RawDescription=5328 - Solyx Thatch Frost SX1580 48""","false","","","","",""
"IL-5329","Solyx","Solyx Thatch Frost SX1580","48","100","100","","IN_STOCK","2023-07-31","2023-07-31","","","","SOLYX|SOLYX THATCH FROST SX1580","","","","","SourceSheet=Solyx; SourceRow=58; RawDescription=5329 - Solyx Thatch Frost SX1580 48""","false","","","","",""
"IL-5354","Solyx","Solyx Fine Crystal Frost SX1309","60","15","15","","IN_STOCK","2023-07-31","2023-07-31","","","","SOLYX|SOLYX FINE CRYSTAL FROST SX1309","","","","","SourceSheet=Solyx; SourceRow=59; RawDescription=5354 - Solyx Fine Crystal Frost SX1309 60""","false","","","","",""
"IL-5356","Solyx","Solyx Etched Leise Stripes SXC374","60","10","10","","IN_STOCK","2023-07-31","2023-07-31","","","","SOLYX|SOLYX ETCHED LEISE STRIPES SXC374","","","","","SourceSheet=Solyx; SourceRow=60; RawDescription=5356 - Solyx Etched Leise Stripes SXC374 60""","false","","","","",""
"IL-5369","Solar Guard","SG Truevue 40","72","10","10","5.426559013E9","IN_STOCK","2023-07-31","2023-07-31","","","","SOLAR GUARD|SG TRUEVUE 40","","","","","SourceSheet=Solar Guard; SourceRow=24; RawDescription=5369 - SG Truevue 40 72""","false","","","","",""
"IL-5376","Fasara","3M Fasara Luce SH2FGLU","50","86","86","105527736B","IN_STOCK","2023-02-13","2023-02-13","","","","FASARA|3M FASARA LUCE SH2FGLU","","","","","SourceSheet=Fasara; SourceRow=41; RawDescription=5376 - 3M Fasara Luce SH2FGLU 50""","false","","","","",""
"IL-5381","Security","3M S40 SH4CLARL","60","80","80","232H","IN_STOCK","2023-07-31","2023-07-31","","","","SECURITY|3M S40 SH4CLARL","","","","","SourceSheet=Security; SourceRow=32; RawDescription=5381 - 3M S40 SH4CLARL 60""","false","","","","",""
"IL-5382","Security","3M S40 SH4CLARL","60","30","30","232H","IN_STOCK","2023-07-31","2023-07-31","","","","SECURITY|3M S40 SH4CLARL","","","","","SourceSheet=Security; SourceRow=34; RawDescription=5382 - 3M S40 SH4CLARL 60""","false","","","","",""
"IL-5385","3M Solar","3M PR 40 EXT","72","4","4","D060324475","IN_STOCK","2023-07-31","2023-07-31","","","","3M SOLAR|3M PR 40 EXT","","","","","SourceSheet=3M Solar; SourceRow=19; RawDescription=5385 - 3M PR 40 EXT 72""","false","","","","",""
"IL-5387","Solyx","Solyx Light Etch SXGF0197","60","6","6","","IN_STOCK","2023-07-31","2023-07-31","","","","SOLYX|SOLYX LIGHT ETCH SXGF0197","","","","","SourceSheet=Solyx; SourceRow=61; RawDescription=5387 - Solyx Light Etch SXGF0197 60""","false","","","","",""
"IL-5390","Solyx","Solyx Dusted Crystal SX3140","60","20","20","","IN_STOCK","2023-07-31","2023-07-31","","","","SOLYX|SOLYX DUSTED CRYSTAL SX3140","","","","","SourceSheet=Solyx; SourceRow=62; RawDescription=5390 - Solyx Dusted Crystal SX3140 60""","false","","","","",""
"IL-5391","Solyx","Solyx Transparent White Leaf SX-3142","59","10","10","","IN_STOCK","2023-07-31","2023-07-31","","","","SOLYX|SOLYX TRANSPARENT WHITE LEAF SX-3142","","","","","SourceSheet=Solyx; SourceRow=63; RawDescription=5391 - Solyx Transparent White Leaf SX-3142 59""","false","","","","",""
"IL-5392","Fasara","3M Fasara Border Paracell Horizontal SH2FGPR","50","15","15","123-90","IN_STOCK","2023-02-13","2023-02-13","","","","FASARA|3M FASARA BORDER PARACELL HORIZONTAL SH2FGPR","","","","","SourceSheet=Fasara; SourceRow=42; RawDescription=5392 - 3M Fasara Border Paracell Horizontal SH2FGPR 50""","false","","","","",""
"IL-5404","Solar Guard","SG Ecolux 70","48","30","30","5.423466012E9","IN_STOCK","2023-07-31","2023-07-31","","","","SOLAR GUARD|SG ECOLUX 70","","","","","SourceSheet=Solar Guard; SourceRow=23; RawDescription=5404 - SG Ecolux 70 48""","false","","","","",""
"IL-5419","Fasara","3M Fasara Fabric Weave Pearl Dk Gray SH2EMWG","50","9","9","CN-28C019","IN_STOCK","2023-02-13","2023-02-13","","","","FASARA|3M FASARA FABRIC WEAVE PEARL DK GRAY SH2EMWG","","","","","SourceSheet=Fasara; SourceRow=43; RawDescription=5419 - 3M Fasara Fabric Weave Pearl Dk Gray SH2EMWG 50""","false","","","","",""
"IL-5420","Security","Madico Safety Clear 4 Mil CL400","48","40","40","2.316634028E9","IN_STOCK","2023-07-31","2023-07-31","","","","SECURITY|MADICO SAFETY CLEAR 4 MIL CL400","","","","","SourceSheet=Security; SourceRow=30; RawDescription=5420 - Madico Safety Clear 4 Mil CL400 48""","false","","","","",""
"IL-5452","Fasara","3M Fasara Dusted Crystal 7725-314","48","40","40","G2321401","IN_STOCK","2023-02-13","2023-02-13","","","","FASARA|3M FASARA DUSTED CRYSTAL 7725-314","","","","","SourceSheet=Fasara; SourceRow=44; RawDescription=5452 - 3M Fasara Dusted Crystal 7725-314 48""","false","","","","",""
"IL-5691","Fasara","3M Fasara Frost Essen SH2EMES","50","10","10","1.0590472E8","IN_STOCK","2023-02-13","2023-02-13","","","","FASARA|3M FASARA FROST ESSEN SH2EMES","","","","","SourceSheet=Fasara; SourceRow=46; RawDescription=5691 - 3M Fasara Frost Essen SH2EMES 50""","false","","","","",""
"IL-5692","Solar Guard","SG Sentinel Plus DX5 EXT","48","25","25","5.418051066E9","IN_STOCK","2023-07-31","2023-07-31","","","","SOLAR GUARD|SG SENTINEL PLUS DX5 EXT","","","","","SourceSheet=Solar Guard; SourceRow=28; RawDescription=5692 - SG Sentinel Plus DX5 EXT 48""","false","","","","",""
"IL-5693","Solar Guard","SG Sentinel Plus DX5 EXT","48","60","60","5.41805104E9","IN_STOCK","2023-07-31","2023-07-31","","","","SOLAR GUARD|SG SENTINEL PLUS DX5 EXT","","","","","SourceSheet=Solar Guard; SourceRow=29; RawDescription=5693 - SG Sentinel Plus DX5 EXT 48""","false","","","","",""
"IL-5694","Solar Guard","SG Sentinel Plus DX5 EXT","48","25","25","5.418051058E9","IN_STOCK","2023-07-31","2023-07-31","","","","SOLAR GUARD|SG SENTINEL PLUS DX5 EXT","","","","","SourceSheet=Solar Guard; SourceRow=30; RawDescription=5694 - SG Sentinel Plus DX5 EXT 48""","false","","","","",""
"IL-5705","3M Solar","3M PR 40 EXT","60","28","28","D241324596","IN_STOCK","2023-07-31","2023-07-31","","","","3M SOLAR|3M PR 40 EXT","","","","","SourceSheet=3M Solar; SourceRow=20; RawDescription=5705 - 3M PR 40 EXT 60""","false","","","","",""
"IL-5711","Solar Guard","SG Truevue 15","36","10","10","5.427189053E9","IN_STOCK","2023-07-31","2023-07-31","","","","SOLAR GUARD|SG TRUEVUE 15","","","","","SourceSheet=Solar Guard; SourceRow=25; RawDescription=5711 - SG Truevue 15 36""","false","","","","",""
"IL-5712","Solar Guard","SG GraffitiGuard 4 Mil","36","18","18","5.42223751E9","IN_STOCK","2023-07-31","2023-07-31","","","","SOLAR GUARD|SG GRAFFITIGUARD 4 MIL","","","","","SourceSheet=Solar Guard; SourceRow=26; RawDescription=5712 - SG GraffitiGuard 4 Mil 36""","false","","","","",""
"IL-5714","Security","3M Ultra NV 25","36","62","62","D227324589","IN_STOCK","2023-07-31","2023-07-31","","","","SECURITY|3M ULTRA NV 25","","","","","SourceSheet=Security; SourceRow=31; RawDescription=5714 - 3M Ultra NV 25 36""","false","","","","",""
"IL-5716","3M Solar","3M NV 15","36","6","6","D305324639","IN_STOCK","2023-07-31","2023-07-31","","","","3M SOLAR|3M NV 15","","","","","SourceSheet=3M Solar; SourceRow=21; RawDescription=5716 - 3M NV 15 36""","false","","","","",""
"IL-5720","Llumar","Llumar DR 15","60","20","20","493K016P10","IN_STOCK","2025-07-31","2025-07-31","","","","LLUMAR|LLUMAR DR 15","","","","","SourceSheet=Llumar; SourceRow=51; RawDescription=5720 - Llumar DR 15 60""","false","","","","",""
"IL-5736","Solyx","Solyx Sand Blast Dark Gray SXB-73","48","20","20","","IN_STOCK","2023-07-31","2023-07-31","","","","SOLYX|SOLYX SAND BLAST DARK GRAY SXB-73","","","","","SourceSheet=Solyx; SourceRow=64; RawDescription=5736 - Solyx Sand Blast Dark Gray SXB-73 48""","false","","","","",""
"IL-5739","Security","Madico Safetyshield 800","60","20","20","2.330630358E9","IN_STOCK","2023-07-31","2023-07-31","","","","SECURITY|MADICO SAFETYSHIELD 800","","","","","SourceSheet=Security; SourceRow=33; RawDescription=5739 - Madico Safetyshield 800 60""","false","","","","",""
"IL-5756","Fasara","3M Fasara Frost Mat Crystal SH2MACR-I","60","8","8","105767640A","IN_STOCK","2023-02-13","2023-02-13","","","","FASARA|3M FASARA FROST MAT CRYSTAL SH2MACR-I","","","","","SourceSheet=Fasara; SourceRow=45; RawDescription=5756 - 3M Fasara Frost Mat Crystal SH2MACR-I 60""","false","","","","",""
"IL-5758","Solyx","Solyx Antique Slvr. Mirr. Opaque First Surfc. SX6040","59","14","14","","IN_STOCK","2023-07-31","2023-07-31","","","","SOLYX|SOLYX ANTIQUE SLVR. MIRR. OPAQUE FIRST SURFC. SX6040","","","","","SourceSheet=Solyx; SourceRow=65; RawDescription=5758 - Solyx Antique Slvr. Mirr. Opaque First Surfc. SX6040 59""","false","","","","",""
"IL-5759","Solyx","Solyx Frosted Summer SX1545","48","10","10","","IN_STOCK","2023-07-31","2023-07-31","","","","SOLYX|SOLYX FROSTED SUMMER SX1545","","","","","SourceSheet=Solyx; SourceRow=66; RawDescription=5759 - Solyx Frosted Summer SX1545 48""","false","","","","",""
"IL-5760","Solyx","Solyx One Way Slv./Gry SXSG09","60","6","6","","IN_STOCK","2023-07-31","2023-07-31","","","","SOLYX|SOLYX ONE WAY SLV./GRY SXSG09","","","","","SourceSheet=Solyx; SourceRow=67; RawDescription=5760 - Solyx One Way Slv./Gry SXSG09 60""","false","","","","",""
"IL-5761","Security","Madico Safetyshield 800 Optiv. 15","60","40","40","2.328930041E9","IN_STOCK","2023-07-31","2023-07-31","","","","SECURITY|MADICO SAFETYSHIELD 800 OPTIV. 15","","","","","SourceSheet=Security; SourceRow=35; RawDescription=5761 - Madico Safetyshield 800 Optiv. 15 60""","false","","","","",""
"IL-5762","Security","Madico Safetyshield 800","48","10","10","2.33063035E9","IN_STOCK","2023-07-31","2023-07-31","","","","SECURITY|MADICO SAFETYSHIELD 800","","","","","SourceSheet=Security; SourceRow=36; RawDescription=5762 - Madico Safetyshield 800 48""","false","","","","",""
"IL-5764","Solyx","Solyx Dual Cloud Gradient SXJ0579","60","40","40","","IN_STOCK","2023-07-31","2023-07-31","","","","SOLYX|SOLYX DUAL CLOUD GRADIENT SXJ0579","","","","","SourceSheet=Solyx; SourceRow=68; RawDescription=5764 - Solyx Dual Cloud Gradient SXJ0579 60""","false","","","","",""
"IL-5814","Security","Madico Safetyshield 800 Optivision 25","72","20","20","2.329230369E9","IN_STOCK","2023-07-31","2023-07-31","","","","SECURITY|MADICO SAFETYSHIELD 800 OPTIVISION 25","","","","","SourceSheet=Security; SourceRow=37; RawDescription=5814 - Madico Safetyshield 800 Optivision 25 72""","false","","","","",""
"IL-5815","Security","Madico Safetyshield 800","48","30","30","2.335530263E9","IN_STOCK","2023-07-31","2023-07-31","","","","SECURITY|MADICO SAFETYSHIELD 800","","","","","SourceSheet=Security; SourceRow=38; RawDescription=5815 - Madico Safetyshield 800 48""","false","","","","",""
"IL-5835","Solar Guard","Solar Gard Slate 40","36","5","5","5.412868035E9","IN_STOCK","2023-07-31","2023-07-31","","","","SOLAR GUARD|SOLAR GARD SLATE 40","","","","","SourceSheet=Solar Guard; SourceRow=27; RawDescription=5835 - Solar Gard Slate 40 36""","false","","","","",""
"IL-5836","Vinyl","Oracal 651 Lt Gray 72","48","15","15","","IN_STOCK","2025-02-13","2025-02-13","","","","VINYL|ORACAL 651 LT GRAY 72","","","","","SourceSheet=Vinyl; SourceRow=22; RawDescription=5836 - Oracal 651 Lt Gray 72 48""","false","","","","",""
"IL-5837","Vinyl","Oracal 651 Lt Gray 72","30","50","50","","IN_STOCK","2025-02-13","2025-02-13","","","","VINYL|ORACAL 651 LT GRAY 72","","","","","SourceSheet=Vinyl; SourceRow=23; RawDescription=5837 - Oracal 651 Lt Gray 72 30""","false","","","","",""
"IL-5839","Security","3M Ultra S800","72","10","10","D352324672","IN_STOCK","2023-07-31","2023-07-31","","","","SECURITY|3M ULTRA S800","","","","","SourceSheet=Security; SourceRow=105; RawDescription=5839 - 3M Ultra S800 72""","false","","","","",""
"IL-5844","Security","3M S70 EXT","60","30","30","D132324524","IN_STOCK","2023-07-31","2023-07-31","","","","SECURITY|3M S70 EXT","","","","","SourceSheet=Security; SourceRow=41; RawDescription=5844 - 3M S70 EXT 60""","false","","","","",""
"IL-5875","Solyx","Solar Graphics Amber 2400","60","40","40","","IN_STOCK","2023-07-31","2023-07-31","","","","SOLYX|SOLAR GRAPHICS AMBER 2400","","","","","SourceSheet=Solyx; SourceRow=69; RawDescription=5875 - Solar Graphics Amber 2400 60""","false","","","","",""
"IL-5877","Solyx","Solyx Simglass Glazed Leaf SGD6006","58","10","10","","IN_STOCK","2023-07-31","2023-07-31","","","","SOLYX|SOLYX SIMGLASS GLAZED LEAF SGD6006","","","","","SourceSheet=Solyx; SourceRow=70; RawDescription=5877 - Solyx Simglass Glazed Leaf SGD6006 58""","false","","","","",""
"IL-5893","Security","Madico Graffiti Free 4 Mil","60","10","10","2.335330343E9","IN_STOCK","2023-07-31","2023-07-31","","","","SECURITY|MADICO GRAFFITI FREE 4 MIL","","","","","SourceSheet=Security; SourceRow=39; RawDescription=5893 - Madico Graffiti Free 4 Mil 60""","false","","","","",""
"IL-5896","Llumar","Llumar N1065","60","32","32","402L020P45","IN_STOCK","2025-07-31","2025-07-31","","","","LLUMAR|LLUMAR N1065","","","","","SourceSheet=Llumar; SourceRow=52; RawDescription=5896 - Llumar N1065 60""","false","","","","",""
"IL-5898","Solyx","Solyx Transparent White Matte SXWFTWM","60","8","8","","IN_STOCK","2023-07-31","2023-07-31","","","","SOLYX|SOLYX TRANSPARENT WHITE MATTE SXWFTWM","","","","","SourceSheet=Solyx; SourceRow=71; RawDescription=5898 - Solyx Transparent White Matte SXWFTWM 60""","false","","","","",""
"IL-5899","Solyx","Solyx Blackout SXWFBO","46","5","5","","IN_STOCK","2023-07-31","2023-07-31","","","","SOLYX|SOLYX BLACKOUT SXWFBO","","","","","SourceSheet=Solyx; SourceRow=73; RawDescription=5899 - Solyx Blackout SXWFBO 46""","false","","","","",""
"IL-5900","Security","Madico Safetyshield 800 Silver 20","60","60","60","2.403730181E9","IN_STOCK","2023-07-31","2023-07-31","","","","SECURITY|MADICO SAFETYSHIELD 800 SILVER 20","","","","","SourceSheet=Security; SourceRow=40; RawDescription=5900 - Madico Safetyshield 800 Silver 20 60""","false","","","","",""
"IL-5908","Avery Dennison","Avery Natura 30","72","20","20","RC3264759","IN_STOCK","2023-02-13","2023-02-13","","","","AVERY DENNISON|AVERY NATURA 30","","","","","SourceSheet=Avery Dennison; SourceRow=19; RawDescription=5908 - Avery Natura 30 72""","false","","","","",""
"IL-5924","Avery Dennison","Avery Natura 30","48","15","15","RC3251102","IN_STOCK","2023-02-13","2023-02-13","","","","AVERY DENNISON|AVERY NATURA 30","","","","","SourceSheet=Avery Dennison; SourceRow=20; RawDescription=5924 - Avery Natura 30 48""","false","","","","",""
"IL-5952","Di-Noc","3M Di-Noc Fine Wood Bronco Teak FW1272","48","15","15","151684.0","IN_STOCK","2023-02-13","2023-02-13","","","","DI-NOC|3M DI-NOC FINE WOOD BRONCO TEAK FW1272","","","","","SourceSheet=Di-Noc; SourceRow=22; RawDescription=5952 - 3M Di-Noc Fine Wood Bronco Teak FW1272 48""","false","","","","",""
"IL-5957","Fasara","3M Fasara Glace SH2MAGL","50","6","6","106747-020A","IN_STOCK","2023-02-13","2023-02-13","","","","FASARA|3M FASARA GLACE SH2MAGL","","","","","SourceSheet=Fasara; SourceRow=47; RawDescription=5957 - 3M Fasara Glace SH2MAGL 50""","false","","","","",""
"IL-5958","Fasara","3M Fasara Cloud Narrow White SH2FGCN","50","13","13","7.100200149E9","IN_STOCK","2023-02-13","2023-02-13","","","","FASARA|3M FASARA CLOUD NARROW WHITE SH2FGCN","","","","","SourceSheet=Fasara; SourceRow=48; RawDescription=5958 - 3M Fasara Cloud Narrow White SH2FGCN 50""","false","","","","",""
"IL-5961","Fasara","3M Fasara San Marino Milky Milky SH2MAMM","50","19","19","2793B","IN_STOCK","2023-02-13","2023-02-13","","","","FASARA|3M FASARA SAN MARINO MILKY MILKY SH2MAMM","","","","","SourceSheet=Fasara; SourceRow=49; RawDescription=5961 - 3M Fasara San Marino Milky Milky SH2MAMM 50""","false","","","","",""
"IL-5972","Solyx","Solyx Matte Linen SX5031","60","6","6","","IN_STOCK","2023-07-31","2023-07-31","","","","SOLYX|SOLYX MATTE LINEN SX5031","","","","","SourceSheet=Solyx; SourceRow=72; RawDescription=5972 - Solyx Matte Linen SX5031 60""","false","","","","",""
"IL-5973","Solar Guard","SG Slate 30","60","20","20","5.423092034E9","IN_STOCK","2023-07-31","2023-07-31","","","","SOLAR GUARD|SG SLATE 30","","","","","SourceSheet=Solar Guard; SourceRow=31; RawDescription=5973 - SG Slate 30 60""","false","","","","",""
"IL-5977","Llumar","Llumar V45","60","16","16","872N015P15","IN_STOCK","2025-07-31","2025-07-31","","","","LLUMAR|LLUMAR V45","","","","","SourceSheet=Llumar; SourceRow=53; RawDescription=5977 - Llumar V45 60""","false","","","","",""
"IL-5978","Llumar","Llumar V45","72","12","12","453C023P17","IN_STOCK","2025-07-31","2025-07-31","","","","LLUMAR|LLUMAR V45","","","","","SourceSheet=Llumar; SourceRow=54; RawDescription=5978 - Llumar V45 72""","false","","","","",""
"IL-5987","Di-Noc","3M Di-Noc Carbon Black CA421","48","15","15","172303.0","IN_STOCK","2023-02-13","2023-02-13","","","","DI-NOC|3M DI-NOC CARBON BLACK CA421","","","","","SourceSheet=Di-Noc; SourceRow=19; RawDescription=5987 - 3M Di-Noc Carbon Black CA421 48""","false","","","","",""
"IL-5991","Di-Noc","3M Di-Noc High Gloss Fire Brick HG1511","48","15","15","172304.0","IN_STOCK","2023-02-13","2023-02-13","","","","DI-NOC|3M DI-NOC HIGH GLOSS FIRE BRICK HG1511","","","","","SourceSheet=Di-Noc; SourceRow=20; RawDescription=5991 - 3M Di-Noc High Gloss Fire Brick HG1511 48""","false","","","","",""
"IL-5997","Fasara","3M Fasara Dusted Crystal 7725-314","60","10","10","G2407501","IN_STOCK","2023-02-13","2023-02-13","","","","FASARA|3M FASARA DUSTED CRYSTAL 7725-314","","","","","SourceSheet=Fasara; SourceRow=50; RawDescription=5997 - 3M Fasara Dusted Crystal 7725-314 60""","false","","","","",""
"IL-6002","Fasara","3M Fasara Dusted Crystal 7725-314","60","13","13","G2407501","IN_STOCK","2023-02-13","2023-02-13","","","","FASARA|3M FASARA DUSTED CRYSTAL 7725-314","","","","","SourceSheet=Fasara; SourceRow=51; RawDescription=6002 - 3M Fasara Dusted Crystal 7725-314 60""","false","","","","",""
"IL-6004","Solar Guard","SG Truevue 15","36","15","15","5.429907091E9","IN_STOCK","2023-07-31","2023-07-31","","","","SOLAR GUARD|SG TRUEVUE 15","","","","","SourceSheet=Solar Guard; SourceRow=32; RawDescription=6004 - SG Truevue 15 36""","false","","","","",""
"IL-6007","Llumar","Llumar Frost NRM PS2","60","62","62","404C048","IN_STOCK","2025-07-31","2025-07-31","","","","LLUMAR|LLUMAR FROST NRM PS2","","","","","SourceSheet=Llumar; SourceRow=55; RawDescription=6007 - Llumar Frost NRM PS2 60""","false","","","","",""
"IL-6036","Fasara","3M White Blockout Matte 3635-20","48","20","20","L2335603","IN_STOCK","2023-02-13","2023-02-13","","","","FASARA|3M WHITE BLOCKOUT MATTE 3635-20","","","","","SourceSheet=Fasara; SourceRow=56; RawDescription=6036 - 3M White Blockout Matte 3635-20 48""","false","","","","",""
"IL-6038","Solyx","Solyx Dusted crystal SX3140","60","10","10","","IN_STOCK","2023-07-31","2023-07-31","","","","SOLYX|SOLYX DUSTED CRYSTAL SX3140","","","","","SourceSheet=Solyx; SourceRow=74; RawDescription=6038 - Solyx Dusted crystal SX3140 60""","false","","","","",""
"IL-6042","Solyx","Solyx Fine Crystal Frost SX-1309","60","25","25","","IN_STOCK","2023-07-31","2023-07-31","","","","SOLYX|SOLYX FINE CRYSTAL FROST SX-1309","","","","","SourceSheet=Solyx; SourceRow=75; RawDescription=6042 - Solyx Fine Crystal Frost SX-1309 60""","false","","","","",""
"IL-6050","Solyx","Solyx Sand Blast Squares 1-1/8"" SX1700","60","6","6","","IN_STOCK","2023-07-31","2023-07-31","","","","SOLYX|SOLYX SAND BLAST SQUARES 1-1/8"" SX1700","","","","","SourceSheet=Solyx; SourceRow=76; RawDescription=6050 - Solyx Sand Blast Squares 1-1/8"" SX1700 60""","false","","","","",""
"IL-6054","3M Solar","3M PR 40 EXT","60","42","42","E104324756","IN_STOCK","2023-07-31","2023-07-31","","","","3M SOLAR|3M PR 40 EXT","","","","","SourceSheet=3M Solar; SourceRow=22; RawDescription=6054 - 3M PR 40 EXT 60""","false","","","","",""
"IL-6061","Vinyl","3M White Blockout Matte 3635-20","48","140","140","L2409404","IN_STOCK","2025-02-13","2025-02-13","","","","VINYL|3M WHITE BLOCKOUT MATTE 3635-20","","","","","SourceSheet=Vinyl; SourceRow=24; RawDescription=6061 - 3M White Blockout Matte 3635-20 48""","false","","","","",""
"IL-6069","Vinyl","3M White Blockout Matte 3635-20","48","150","150","L2409404","IN_STOCK","2025-02-13","2025-02-13","","","","VINYL|3M WHITE BLOCKOUT MATTE 3635-20","","","","","SourceSheet=Vinyl; SourceRow=25; RawDescription=6069 - 3M White Blockout Matte 3635-20 48""","false","","","","",""
"IL-6070","Fasara","3M White Blockout Matte 3635-20","48","70","70","","IN_STOCK","2023-02-13","2023-02-13","","","","FASARA|3M WHITE BLOCKOUT MATTE 3635-20","","","","","SourceSheet=Fasara; SourceRow=57; RawDescription=6070 - 3M White Blockout Matte 3635-20 48""","false","","","","",""
"IL-6072","Solyx","Solyx White Dusted Matte SXJ-0550","60","20","20","","IN_STOCK","2023-07-31","2023-07-31","","","","SOLYX|SOLYX WHITE DUSTED MATTE SXJ-0550","","","","","SourceSheet=Solyx; SourceRow=77; RawDescription=6072 - Solyx White Dusted Matte SXJ-0550 60""","false","","","","",""
"IL-6076","Fasara","3M Fasara Frost Milano Milky White SH2MAML","60","40","40","106897512B","IN_STOCK","2023-02-13","2023-02-13","","","","FASARA|3M FASARA FROST MILANO MILKY WHITE SH2MAML","","","","","SourceSheet=Fasara; SourceRow=52; RawDescription=6076 - 3M Fasara Frost Milano Milky White SH2MAML 60""","false","","","","",""
"IL-6079","Security","Madico Deco. Optivision 15","48","50","50","2.41343031E9","IN_STOCK","2023-07-31","2023-07-31","","","","SECURITY|MADICO DECO. OPTIVISION 15","","","","","SourceSheet=Security; SourceRow=44; RawDescription=6079 - Madico Deco. Optivision 15 48""","false","","","","",""
"IL-6082","Security","Madico 7 Mil EXT CL700E","60","50","50","2.412730306E9","IN_STOCK","2023-07-31","2023-07-31","","","","SECURITY|MADICO 7 MIL EXT CL700E","","","","","SourceSheet=Security; SourceRow=42; RawDescription=6082 - Madico 7 Mil EXT CL700E 60""","false","","","","",""
"IL-6084","Security","Madico 7 Mil EXT CL700E","60","20","20","2.412730344E9","IN_STOCK","2023-07-31","2023-07-31","","","","SECURITY|MADICO 7 MIL EXT CL700E","","","","","SourceSheet=Security; SourceRow=43; RawDescription=6084 - Madico 7 Mil EXT CL700E 60""","false","","","","",""
"IL-6088","Security","Madico 7 Mil EXT CL700E","72","25","25","2.4135304E9","IN_STOCK","2023-07-31","2023-07-31","","","","SECURITY|MADICO 7 MIL EXT CL700E","","","","","SourceSheet=Security; SourceRow=45; RawDescription=6088 - Madico 7 Mil EXT CL700E 72""","false","","","","",""
"IL-6090","3M Solar","3M PR 70","60","4","4","","IN_STOCK","2023-07-31","2023-07-31","","","","3M SOLAR|3M PR 70","","","","","SourceSheet=3M Solar; SourceRow=23; RawDescription=6090 - 3M PR 70 60""","false","","","","",""
"IL-6096","Solyx","Solyx Fine Brushed SXL1017","60","6","6","","IN_STOCK","2023-07-31","2023-07-31","","","","SOLYX|SOLYX FINE BRUSHED SXL1017","","","","","SourceSheet=Solyx; SourceRow=78; RawDescription=6096 - Solyx Fine Brushed SXL1017 60""","false","","","","",""
"IL-6099","Security","Madico 7 Mil EXT CL700E","60","100","100","2.412730361E9","IN_STOCK","2023-07-31","2023-07-31","","","","SECURITY|MADICO 7 MIL EXT CL700E","","","","","SourceSheet=Security; SourceRow=46; RawDescription=6099 - Madico 7 Mil EXT CL700E 60""","false","","","","",""
"IL-6100","Security","Madico 7 Mil EXT CL700E","72","50","50","2.413630164E9","IN_STOCK","2023-07-31","2023-07-31","","","","SECURITY|MADICO 7 MIL EXT CL700E","","","","","SourceSheet=Security; SourceRow=47; RawDescription=6100 - Madico 7 Mil EXT CL700E 72""","false","","","","",""
"IL-6104","Avery Dennison","Avery E-Lite 70","36","40","40","RC4468519","IN_STOCK","2023-02-13","2023-02-13","","","","AVERY DENNISON|AVERY E-LITE 70","","","","","SourceSheet=Avery Dennison; SourceRow=21; RawDescription=6104 - Avery E-Lite 70 36""","false","","","","",""
"IL-6124","3M Solar","3M PR 70 EXT","60","10","10","E100324755","IN_STOCK","2023-07-31","2023-07-31","","","","3M SOLAR|3M PR 70 EXT","","","","","SourceSheet=3M Solar; SourceRow=24; RawDescription=6124 - 3M PR 70 EXT 60""","false","","","","",""
"IL-6129","Security","Madico Safetyshield 1500","60","10","10","2.411430111E9","IN_STOCK","2023-07-31","2023-07-31","","","","SECURITY|MADICO SAFETYSHIELD 1500","","","","","SourceSheet=Security; SourceRow=48; RawDescription=6129 - Madico Safetyshield 1500 60""","false","","","","",""
"IL-6130","Solyx","Solyx Whiteout SXWFWO","60","10","10","","IN_STOCK","2023-07-31","2023-07-31","","","","SOLYX|SOLYX WHITEOUT SXWFWO","","","","","SourceSheet=Solyx; SourceRow=79; RawDescription=6130 - Solyx Whiteout SXWFWO 60""","false","","","","",""
"IL-6139","Solyx","Solyx Fine Crystal Frost SX-1309","60","100","100","","IN_STOCK","2023-07-31","2023-07-31","","","","SOLYX|SOLYX FINE CRYSTAL FROST SX-1309","","","","","SourceSheet=Solyx; SourceRow=80; RawDescription=6139 - Solyx Fine Crystal Frost SX-1309 60""","false","","","","",""
"IL-6142","Solyx","Solyx Matte Dual Fine Dots Grad. SXJ0581","60","44","44","","IN_STOCK","2023-07-31","2023-07-31","","","","SOLYX|SOLYX MATTE DUAL FINE DOTS GRAD. SXJ0581","","","","","SourceSheet=Solyx; SourceRow=81; RawDescription=6142 - Solyx Matte Dual Fine Dots Grad. SXJ0581 60""","false","","","","",""
"IL-6150","Fasara","3M Fasara Milky Crystal SH2MLCRX","50","6","6","106839959A","IN_STOCK","2023-02-13","2023-02-13","","","","FASARA|3M FASARA MILKY CRYSTAL SH2MLCRX","","","","","SourceSheet=Fasara; SourceRow=53; RawDescription=6150 - 3M Fasara Milky Crystal SH2MLCRX 50""","false","","","","",""
"IL-6152","Fasara","3M Fasara Milky Crystal SH2MLCRX","50","15","15","106302316B","IN_STOCK","2023-02-13","2023-02-13","","","","FASARA|3M FASARA MILKY CRYSTAL SH2MLCRX","","","","","SourceSheet=Fasara; SourceRow=54; RawDescription=6152 - 3M Fasara Milky Crystal SH2MLCRX 50""","false","","","","",""
"IL-6155","Vinyl","3M Scotchcal Duranodic 3630-69","48","15","15","192944.0","IN_STOCK","2025-02-13","2025-02-13","","","","VINYL|3M SCOTCHCAL DURANODIC 3630-69","","","","","SourceSheet=Vinyl; SourceRow=27; RawDescription=6155 - 3M Scotchcal Duranodic 3630-69 48""","false","","","","",""
"IL-6160","Fasara","3M Fasara Milky Crystal SH2MLCRX","50","15","15","106398260B","IN_STOCK","2023-02-13","2023-02-13","","","","FASARA|3M FASARA MILKY CRYSTAL SH2MLCRX","","","","","SourceSheet=Fasara; SourceRow=55; RawDescription=6160 - 3M Fasara Milky Crystal SH2MLCRX 50""","false","","","","",""
"IL-6166","Vinyl","3M Scotchcal 7125 Dark Gray","48","30","30","197202.0","IN_STOCK","2025-02-13","2025-02-13","","","","VINYL|3M SCOTCHCAL 7125 DARK GRAY","","","","","SourceSheet=Vinyl; SourceRow=28; RawDescription=6166 - 3M Scotchcal 7125 Dark Gray 48""","false","","","","",""
"IL-6167","Solyx","Solyx Fine Brushed SXL1017","60","15","15","","IN_STOCK","2023-07-31","2023-07-31","","","","SOLYX|SOLYX FINE BRUSHED SXL1017","","","","","SourceSheet=Solyx; SourceRow=82; RawDescription=6167 - Solyx Fine Brushed SXL1017 60""","false","","","","",""
"IL-6168","Security","3M S70 Ext","60","10","10","E165324820","IN_STOCK","2023-07-31","2023-07-31","","","","SECURITY|3M S70 EXT","","","","","SourceSheet=Security; SourceRow=49; RawDescription=6168 - 3M S70 Ext 60""","false","","","","",""
"IL-6171","Security","3M S140 SH14CLARL","60","4","4","232L","IN_STOCK","2023-07-31","2023-07-31","","","","SECURITY|3M S140 SH14CLARL","","","","","SourceSheet=Security; SourceRow=50; RawDescription=6171 - 3M S140 SH14CLARL 60""","false","","","","",""
"IL-6178","Solyx","Solyx Dusted Crystal SX3140","48","13","13","","IN_STOCK","2023-07-31","2023-07-31","","","","SOLYX|SOLYX DUSTED CRYSTAL SX3140","","","","","SourceSheet=Solyx; SourceRow=83; RawDescription=6178 - Solyx Dusted Crystal SX3140 48""","false","","","","",""
"IL-6188","Security","Madico Safetyshield 800","48","50","50","2.403330356E9","IN_STOCK","2023-07-31","2023-07-31","","","","SECURITY|MADICO SAFETYSHIELD 800","","","","","SourceSheet=Security; SourceRow=51; RawDescription=6188 - Madico Safetyshield 800 48""","false","","","","",""
"IL-6203","Fasara","3M Fasara Cloud Narrow White SH2FGCN","50","98","98","JR-4510-4692-4","IN_STOCK","2023-02-13","2023-02-13","","","","FASARA|3M FASARA CLOUD NARROW WHITE SH2FGCN","","","","","SourceSheet=Fasara; SourceRow=58; RawDescription=6203 - 3M Fasara Cloud Narrow White SH2FGCN 50""","false","","","","",""
"IL-6204","Vinyl","Oracal 751 White","48","15","15","","IN_STOCK","2025-02-13","2025-02-13","","","","VINYL|ORACAL 751 WHITE","","","","","SourceSheet=Vinyl; SourceRow=29; RawDescription=6204 - Oracal 751 White 48""","false","","","","",""
"IL-6210","Fasara","3M Fasara Mare SH2FGMR","50","20","20","1.07243526E8","IN_STOCK","2023-02-13","2023-02-13","","","","FASARA|3M FASARA MARE SH2FGMR","","","","","SourceSheet=Fasara; SourceRow=59; RawDescription=6210 - 3M Fasara Mare SH2FGMR 50""","false","","","","",""
"IL-6211","Fasara","3M Fasara Chamonix SH2EMCH","50","7","7","107168131B","IN_STOCK","2023-02-13","2023-02-13","","","","FASARA|3M FASARA CHAMONIX SH2EMCH","","","","","SourceSheet=Fasara; SourceRow=60; RawDescription=6211 - 3M Fasara Chamonix SH2EMCH 50""","false","","","","",""
"IL-6221","Fasara","3M Fasara Mare SH2FGMR","50","6","6","107092003B","IN_STOCK","2023-02-13","2023-02-13","","","","FASARA|3M FASARA MARE SH2FGMR","","","","","SourceSheet=Fasara; SourceRow=61; RawDescription=6221 - 3M Fasara Mare SH2FGMR 50""","false","","","","",""
"IL-6225","Security","Madico Safetyshield 1500","60","30","30","2.424730041E9","IN_STOCK","2023-07-31","2023-07-31","","","","SECURITY|MADICO SAFETYSHIELD 1500","","","","","SourceSheet=Security; SourceRow=52; RawDescription=6225 - Madico Safetyshield 1500 60""","false","","","","",""
"IL-6226","3M Solar","3M PR 70 EXT","60","8","8","E100324755","IN_STOCK","2023-07-31","2023-07-31","","","","3M SOLAR|3M PR 70 EXT","","","","","SourceSheet=3M Solar; SourceRow=25; RawDescription=6226 - 3M PR 70 EXT 60""","false","","","","",""
"IL-6228","3M Solar","3M PR 70 EXT","60","0","0","E100324755","ZEROED","2023-07-31","2023-07-31","","","","3M SOLAR|3M PR 70 EXT","","","","","ExceptionResolved=missing_quantity_to_zeroed; SourceSheet=3M Solar; SourceRow=26; WidthSource=quoted_hint; RawDescription=6228 - 3M PR 70 EXT 60""","false","","","2023-07-31","Missing quantity in source workbook","migration"
"IL-6244","Fasara","3M Fasara Shutie Vertical SH2FGST","50","6","6","AE12542","IN_STOCK","2023-02-13","2023-02-13","","","","FASARA|3M FASARA SHUTIE VERTICAL SH2FGST","","","","","SourceSheet=Fasara; SourceRow=62; RawDescription=6244 - 3M Fasara Shutie Vertical SH2FGST 50""","false","","","","",""
"IL-6246","Fasara","3M Fasara Shutie Vertical SH2FGST","50","22","22","1.5060732E7","IN_STOCK","2023-02-13","2023-02-13","","","","FASARA|3M FASARA SHUTIE VERTICAL SH2FGST","","","","","SourceSheet=Fasara; SourceRow=63; RawDescription=6246 - 3M Fasara Shutie Vertical SH2FGST 50""","false","","","","",""
"IL-6250","Fasara","3M Fasara Shutie Vertical SH2FGST","50","70","70","1.06673305E8","IN_STOCK","2023-02-13","2023-02-13","","","","FASARA|3M FASARA SHUTIE VERTICAL SH2FGST","","","","","SourceSheet=Fasara; SourceRow=64; RawDescription=6250 - 3M Fasara Shutie Vertical SH2FGST 50""","false","","","","",""
"IL-6254","3M Solar","3M PR 40 EXT","36","16","16","","IN_STOCK","2023-07-31","2023-07-31","","","","3M SOLAR|3M PR 40 EXT","","","","","SourceSheet=3M Solar; SourceRow=27; RawDescription=6254 - 3M PR 40 EXT 36""","false","","","","",""
"IL-6271","Security","3M Ultra S800","72","36","36","E107324761","IN_STOCK","2023-07-31","2023-07-31","","","","SECURITY|3M ULTRA S800","","","","","SourceSheet=Security; SourceRow=53; RawDescription=6271 - 3M Ultra S800 72""","false","","","","",""
"IL-6272","Solyx","Xpel Intelligence 65 XVAS65","58","10","10","1.09447576E8","IN_STOCK","2023-07-31","2023-07-31","","","","SOLYX|XPEL INTELLIGENCE 65 XVAS65","","","","","SourceSheet=Solyx; SourceRow=84; RawDescription=6272 - Xpel Intelligence 65 XVAS65 58""","false","","","","",""
"IL-6274","Vinyl","Oracal 751 Black","48","9","9","","IN_STOCK","2025-02-13","2025-02-13","","","","VINYL|ORACAL 751 BLACK","","","","","SourceSheet=Vinyl; SourceRow=30; RawDescription=6274 - Oracal 751 Black 48""","false","","","","",""
"IL-6278","Fasara","Feather Friendly Harmony","36","30","30","","IN_STOCK","2023-02-13","2023-02-13","","","","FASARA|FEATHER FRIENDLY HARMONY","","","","","SourceSheet=Fasara; SourceRow=65; RawDescription=6278 - Feather Friendly Harmony 36""","false","","","","",""
"IL-6280","Solyx","Solyx Dusted Crystal SX3140","60","30","30","","IN_STOCK","2023-07-31","2023-07-31","","","","SOLYX|SOLYX DUSTED CRYSTAL SX3140","","","","","SourceSheet=Solyx; SourceRow=85; RawDescription=6280 - Solyx Dusted Crystal SX3140 60""","false","","","","",""
"IL-6281","Security","Madico 12 Mil Frost Matte","60","15","15","2.329239025E9","IN_STOCK","2023-07-31","2023-07-31","","","","SECURITY|MADICO 12 MIL FROST MATTE","","","","","SourceSheet=Security; SourceRow=54; RawDescription=6281 - Madico 12 Mil Frost Matte 60""","false","","","","",""
"IL-6286","Security","3M Anti Graffiti AG-6","60","20","20","240328.0","IN_STOCK","2023-07-31","2023-07-31","","","","SECURITY|3M ANTI GRAFFITI AG-6","","","","","SourceSheet=Security; SourceRow=55; RawDescription=6286 - 3M Anti Graffiti AG-6 60""","false","","","","",""
"IL-6289","Security","3M S140 SH14CLARL","60","29","29","242B","IN_STOCK","2023-07-31","2023-07-31","","","","SECURITY|3M S140 SH14CLARL","","","","","SourceSheet=Security; SourceRow=56; RawDescription=6289 - 3M S140 SH14CLARL 60""","false","","","","",""
"IL-6293","Security","3M S140 SH14CLARL","60","13","13","242B","IN_STOCK","2023-07-31","2023-07-31","","","","SECURITY|3M S140 SH14CLARL","","","","","SourceSheet=Security; SourceRow=57; RawDescription=6293 - 3M S140 SH14CLARL 60""","false","","","","",""
"IL-6295","Security","3M S140 SH14CLARL","60","0","0","242B","ZEROED","2023-07-31","2023-07-31","","","","SECURITY|3M S140 SH14CLARL","","","","","ExceptionResolved=missing_quantity_to_zeroed; SourceSheet=Security; SourceRow=58; WidthSource=quoted_hint; RawDescription=6295 - 3M S140 SH14CLARL 60""","false","","","2023-07-31","Missing quantity in source workbook","migration"
"IL-6304","Fasara","Bird Divert","12","170","170","","IN_STOCK","2023-02-13","2023-02-13","","","","FASARA|BIRD DIVERT","","","","","SourceSheet=Fasara; SourceRow=66; RawDescription=6304 - Bird Divert 12""","false","","","","",""
"IL-6307","3M Solar","3M Neutral 50 RE50NEARL","60","20","20","5.1924905E7","IN_STOCK","2023-07-31","2023-07-31","","","","3M SOLAR|3M NEUTRAL 50 RE50NEARL","","","","","SourceSheet=3M Solar; SourceRow=28; RawDescription=6307 - 3M Neutral 50 RE50NEARL 60""","false","","","","",""
"IL-6309","Solar Guard","SG Slate 40","60","40","40","5.432098053E9","IN_STOCK","2023-07-31","2023-07-31","","","","SOLAR GUARD|SG SLATE 40","","","","","SourceSheet=Solar Guard; SourceRow=33; RawDescription=6309 - SG Slate 40 60""","false","","","","",""
"IL-6310","Solar Guard","SG Slate 40","60","50","50","5.433222042E9","IN_STOCK","2023-07-31","2023-07-31","","","","SOLAR GUARD|SG SLATE 40","","","","","SourceSheet=Solar Guard; SourceRow=34; RawDescription=6310 - SG Slate 40 60""","false","","","","",""
"IL-6318","Solyx","Solyx White Sand Matte SX-1409","60","25","25","","IN_STOCK","2023-07-31","2023-07-31","","","","SOLYX|SOLYX WHITE SAND MATTE SX-1409","","","","","SourceSheet=Solyx; SourceRow=86; RawDescription=6318 - Solyx White Sand Matte SX-1409 60""","false","","","","",""
"IL-6322","Fasara","Feather Friendly Harmony","48","70","70","","IN_STOCK","2023-02-13","2023-02-13","","","","FASARA|FEATHER FRIENDLY HARMONY","","","","","SourceSheet=Fasara; SourceRow=67; RawDescription=6322 - Feather Friendly Harmony 48""","false","","","","",""
"IL-6326","3M Solar","3M PR 70","72","6","6","E285324931","IN_STOCK","2023-07-31","2023-07-31","","","","3M SOLAR|3M PR 70","","","","","SourceSheet=3M Solar; SourceRow=29; RawDescription=6326 - 3M PR 70 72""","false","","","","",""
"IL-6331","Avery Dennison","Avery Blue Sandstone","48","10","10","2F904240F203402","IN_STOCK","2023-02-13","2023-02-13","","","","AVERY DENNISON|AVERY BLUE SANDSTONE","","","","","SourceSheet=Avery Dennison; SourceRow=22; RawDescription=6331 - Avery Blue Sandstone 48""","false","","","","",""
"IL-6332","Fasara","3M Fasara Fabric Sagano SH2PTSA2","50","53","53","1.08813228E8","IN_STOCK","2023-02-13","2023-02-13","","","","FASARA|3M FASARA FABRIC SAGANO SH2PTSA2","","","","","SourceSheet=Fasara; SourceRow=68; RawDescription=6332 - 3M Fasara Fabric Sagano SH2PTSA2 50""","false","","","","",""
"IL-6333","Solar Guard","SG Sterling 70","60","20","20","5.432116015E9","IN_STOCK","2023-07-31","2023-07-31","","","","SOLAR GUARD|SG STERLING 70","","","","","SourceSheet=Solar Guard; SourceRow=35; RawDescription=6333 - SG Sterling 70 60""","false","","","","",""
"IL-6335","Security","Madico Safetyshield 800","48","40","40","2.421430203E9","IN_STOCK","2023-07-31","2023-07-31","","","","SECURITY|MADICO SAFETYSHIELD 800","","","","","SourceSheet=Security; SourceRow=59; RawDescription=6335 - Madico Safetyshield 800 48""","false","","","","",""
"IL-6339","Security","Madico Safetyshield 800","60","20","20","2.420130101E9","IN_STOCK","2023-07-31","2023-07-31","","","","SECURITY|MADICO SAFETYSHIELD 800","","","","","SourceSheet=Security; SourceRow=60; RawDescription=6339 - Madico Safetyshield 800 60""","false","","","","",""
"IL-6340","Security","Madico Safetyshield 800","60","80","80","2.426130064E9","IN_STOCK","2023-07-31","2023-07-31","","","","SECURITY|MADICO SAFETYSHIELD 800","","","","","SourceSheet=Security; SourceRow=61; RawDescription=6340 - Madico Safetyshield 800 60""","false","","","","",""
"IL-6345","Vinyl","Oracal 651 Black","50","150","150","","IN_STOCK","2025-02-13","2025-02-13","","","","VINYL|ORACAL 651 BLACK","","","","","SourceSheet=Vinyl; SourceRow=31; RawDescription=6345 - Oracal 651 Black 50""","false","","","","",""
"IL-6347","Solyx","Solyx Static Cling Rain Glass SXSC544","48","20","20","","IN_STOCK","2023-07-31","2023-07-31","","","","SOLYX|SOLYX STATIC CLING RAIN GLASS SXSC544","","","","","SourceSheet=Solyx; SourceRow=87; RawDescription=6347 - Solyx Static Cling Rain Glass SXSC544 48""","false","","","","",""
"IL-6352","Solyx","Solyx Clear Waters SX-9000","24","20","20","","IN_STOCK","2023-07-31","2023-07-31","","","","SOLYX|SOLYX CLEAR WATERS SX-9000","","","","","SourceSheet=Solyx; SourceRow=88; RawDescription=6352 - Solyx Clear Waters SX-9000 24""","false","","","","",""
"IL-6353","Security","Madico Reflective Silver 40","72","50","50","2.431830092E9","IN_STOCK","2023-07-31","2023-07-31","","","","SECURITY|MADICO REFLECTIVE SILVER 40","","","","","SourceSheet=Security; SourceRow=62; RawDescription=6353 - Madico Reflective Silver 40 72""","false","","","","",""
"IL-6354","Solar Guard","SG Slate 10","48","0","0","5.434769058E9","ZEROED","2023-07-31","2023-07-31","","","","SOLAR GUARD|SG SLATE 10","","","","","ExceptionResolved=non_positive_quantity_to_zeroed; SourceSheet=Solar Guard; SourceRow=36; RawQuantity=0.0; RawDescription=6354 - SG Slate 10 48""","false","","","2023-07-31","Source quantity is zero","migration"
"IL-6360","Solar Guard","SG Slate 40","48","10","10","5.434333029E9","IN_STOCK","2023-07-31","2023-07-31","","","","SOLAR GUARD|SG SLATE 40","","","","","SourceSheet=Solar Guard; SourceRow=37; RawDescription=6360 - SG Slate 40 48""","false","","","","",""
"IL-6361","Solar Guard","SG Slate 40","60","100","100","5.434333016E9","IN_STOCK","2023-07-31","2023-07-31","","","","SOLAR GUARD|SG SLATE 40","","","","","SourceSheet=Solar Guard; SourceRow=38; RawDescription=6361 - SG Slate 40 60""","false","","","","",""
"IL-6362","Solar Guard","SG Slate 40","60","100","100","5.434333017E9","IN_STOCK","2023-07-31","2023-07-31","","","","SOLAR GUARD|SG SLATE 40","","","","","SourceSheet=Solar Guard; SourceRow=39; RawDescription=6362 - SG Slate 40 60"" ","false","","","","",""
"IL-6363","Solar Guard","SG Slate 40","60","60","60","5.434333018E9","IN_STOCK","2023-07-31","2023-07-31","","","","SOLAR GUARD|SG SLATE 40","","","","","SourceSheet=Solar Guard; SourceRow=40; RawDescription=6363 - SG Slate 40 60""","false","","","","",""
"IL-6364","Solyx","Solyx Static Cling Rain Glass SXSC544","48","20","20","","IN_STOCK","2023-07-31","2023-07-31","","","","SOLYX|SOLYX STATIC CLING RAIN GLASS SXSC544","","","","","SourceSheet=Solyx; SourceRow=89; RawDescription=6364 - Solyx Static Cling Rain Glass SXSC544 48""","false","","","","",""
"IL-6367","Security","3M S2400","60","20","20","1.480001374E9","IN_STOCK","2023-07-31","2023-07-31","","","","SECURITY|3M S2400","","","","","SourceSheet=Security; SourceRow=63; RawDescription=6367 - 3M S2400 60""","false","","","","",""
"IL-6370","Solar Guard","SG Truevue 15","60","15","15","5.435025046E9","IN_STOCK","2023-07-31","2023-07-31","","","","SOLAR GUARD|SG TRUEVUE 15","","","","","SourceSheet=Solar Guard; SourceRow=41; RawDescription=6370 - SG Truevue 15 60""","false","","","","",""
"IL-6371","Solyx","Solyx Whiteout SXWFWO","72","8","8","","IN_STOCK","2023-07-31","2023-07-31","","","","SOLYX|SOLYX WHITEOUT SXWFWO","","","","","SourceSheet=Solyx; SourceRow=90; RawDescription=6371 - Solyx Whiteout SXWFWO 72""","false","","","","",""
"IL-6379","3M Solar","3M PR 70","36","8","8","","IN_STOCK","2023-07-31","2023-07-31","","","","3M SOLAR|3M PR 70","","","","","SourceSheet=3M Solar; SourceRow=30; RawDescription=6379 - 3M PR 70 36""","false","","","","",""
"IL-6380","Solyx","Solyx Acid Etch SX3-314","60","20","20","","IN_STOCK","2023-07-31","2023-07-31","","","","SOLYX|SOLYX ACID ETCH SX3-314","","","","","SourceSheet=Solyx; SourceRow=92; RawDescription=6380 - Solyx Acid Etch SX3-314 60""","false","","","","",""
"IL-6387","Solyx","Solyx Clear Sandblast SX-1002","48","20","20","","IN_STOCK","2023-07-31","2023-07-31","","","","SOLYX|SOLYX CLEAR SANDBLAST SX-1002","","","","","SourceSheet=Solyx; SourceRow=93; RawDescription=6387 - Solyx Clear Sandblast SX-1002 48""","false","","","","",""
"IL-6388","Solyx","Solyx Organic Etched Stripes SXC380","48","34","34","","IN_STOCK","2023-07-31","2023-07-31","","","","SOLYX|SOLYX ORGANIC ETCHED STRIPES SXC380","","","","","SourceSheet=Solyx; SourceRow=91; RawDescription=6388 - Solyx Organic Etched Stripes SXC380 48""","false","","","","",""
"IL-6391","Fasara","3M Fasara San Marino Milky² Blue Gray SH2MAMMB","50","40","40","1.06785146E8","IN_STOCK","2023-02-13","2023-02-13","","","","FASARA|3M FASARA SAN MARINO MILKY² BLUE GRAY SH2MAMMB","","","","","SourceSheet=Fasara; SourceRow=69; RawDescription=6391 - 3M Fasara San Marino Milky² Blue Gray SH2MAMMB 50""","false","","","","",""
"IL-6392","3M Solar","3M PR 60","36","64","64","E229324892","IN_STOCK","2023-07-31","2023-07-31","","","","3M SOLAR|3M PR 60","","","","","SourceSheet=3M Solar; SourceRow=31; RawDescription=6392 - 3M PR 60 36""","false","","","","",""
"IL-6395","3M Solar","3M PR 60 EXT","60","8","8","F010324994","IN_STOCK","2023-07-31","2023-07-31","","","","3M SOLAR|3M PR 60 EXT","","","","","SourceSheet=3M Solar; SourceRow=32; RawDescription=6395 - 3M PR 60 EXT 60""","false","","","","",""
"IL-6396","3M Solar","3M PR 60 EXT","72","16","16","E337324971","IN_STOCK","2023-07-31","2023-07-31","","","","3M SOLAR|3M PR 60 EXT","","","","","SourceSheet=3M Solar; SourceRow=33; RawDescription=6396 - 3M PR 60 EXT 72""","false","","","","",""
"IL-6398","Fasara","3M Fasara Dusted Crystal 7725-314","60","125","125","G2431803","IN_STOCK","2023-02-13","2023-02-13","","","","FASARA|3M FASARA DUSTED CRYSTAL 7725-314","","","","","CollisionResolved=keep_duplicate; SourceSheet=Fasara; SourceRow=70; RawDescription=6398 - 3M Fasara Dusted Crystal 7725-314 60""","false","","","","",""
"IL-6408","Security","3M Ultra S800","36","98","98","E116324770","IN_STOCK","2023-07-31","2023-07-31","","","","SECURITY|3M ULTRA S800","","","","","SourceSheet=Security; SourceRow=64; RawDescription=6408 - 3M Ultra S800 36""","false","","","","",""
"IL-6411","3M Solar","3M PR 50 EXT","48","6","6","F010324993","IN_STOCK","2023-07-31","2023-07-31","","","","3M SOLAR|3M PR 50 EXT","","","","","SourceSheet=3M Solar; SourceRow=34; RawDescription=6411 - 3M PR 50 EXT 48""","false","","","","",""
"IL-6413","3M Solar","3M NV 25","36","16","16","E345324977","IN_STOCK","2023-07-31","2023-07-31","","","","3M SOLAR|3M NV 25","","","","","SourceSheet=3M Solar; SourceRow=35; RawDescription=6413 - 3M NV 25 36""","false","","","","",""
"IL-6416","Solyx","Solyx White Matte SXWFWM","72","20","20","","IN_STOCK","2023-07-31","2023-07-31","","","","SOLYX|SOLYX WHITE MATTE SXWFWM","","","","","SourceSheet=Solyx; SourceRow=94; RawDescription=6416 - Solyx White Matte SXWFWM 72""","false","","","","",""
"IL-6417","Llumar","Llumar SCL SR PS8","60","0","0","","ZEROED","2025-07-31","2025-07-31","","","","LLUMAR|LLUMAR SCL SR PS8","","","","","ExceptionResolved=missing_quantity_to_zeroed; SourceSheet=Llumar; SourceRow=56; WidthSource=quoted_hint; RawDescription=6417 - Llumar SCL SR PS8 60""","false","","","2025-07-31","Missing quantity in source workbook","migration"
"IL-6418","Llumar","Llumar SCL SR PS8","72","92","92","D790205","IN_STOCK","2025-07-31","2025-07-31","","","","LLUMAR|LLUMAR SCL SR PS8","","","","","SourceSheet=Llumar; SourceRow=57; RawDescription=6418 - Llumar SCL SR PS8 72""","false","","","","",""
"IL-6419","Solyx","Solyx UltraGlare Dark Shade G006","60","20","20","","IN_STOCK","2023-07-31","2023-07-31","","","","SOLYX|SOLYX ULTRAGLARE DARK SHADE G006","","","","","SourceSheet=Solyx; SourceRow=95; RawDescription=6419 - Solyx UltraGlare Dark Shade G006 60""","false","","","","",""
"IL-6426","Solyx","Solyx Static Cling Blackout Sand SXSC-318","36","8","8","","IN_STOCK","2023-07-31","2023-07-31","","","","SOLYX|SOLYX STATIC CLING BLACKOUT SAND SXSC-318","","","","","SourceSheet=Solyx; SourceRow=96; RawDescription=6426 - Solyx Static Cling Blackout Sand SXSC-318 36""","false","","","","",""
"IL-6432","Security","3M S70 EXT","72","44","44","E317324958","IN_STOCK","2023-07-31","2023-07-31","","","","SECURITY|3M S70 EXT","","","","","SourceSheet=Security; SourceRow=67; RawDescription=6432 - 3M S70 EXT 72""","false","","","","",""
"IL-6434","Fasara","3M Fasara Stripe Safari SH2PTSR","50","12","12","1.07296409E8","IN_STOCK","2023-02-13","2023-02-13","","","","FASARA|3M FASARA STRIPE SAFARI SH2PTSR","","","","","SourceSheet=Fasara; SourceRow=71; RawDescription=6434 - 3M Fasara Stripe Safari SH2PTSR 50""","false","","","","",""
"IL-6435","Avery Dennison","Avery DR Warm Grey 10X","48","20","20","RC3230401","IN_STOCK","2023-02-13","2023-02-13","","","","AVERY DENNISON|AVERY DR WARM GREY 10X","","","","","SourceSheet=Avery Dennison; SourceRow=23; RawDescription=6435 - Avery DR Warm Grey 10X 48""","false","","","","",""
"IL-6436","Solar Guard","SG Hilite 70","60","15","15","5.434130021E9","IN_STOCK","2023-07-31","2023-07-31","","","","SOLAR GUARD|SG HILITE 70","","","","","SourceSheet=Solar Guard; SourceRow=42; RawDescription=6436 - SG Hilite 70 60""","false","","","","",""
"IL-6438","Solyx","Solyx White Matte Max 5Mil ULTRASAFE-WMAX","60","6","6","","IN_STOCK","2023-07-31","2023-07-31","","","","SOLYX|SOLYX WHITE MATTE MAX 5MIL ULTRASAFE-WMAX","","","","","SourceSheet=Solyx; SourceRow=97; RawDescription=6438 - Solyx White Matte Max 5Mil ULTRASAFE-WMAX 60""","false","","","","",""
"IL-6441","Security","Madico Safetyshield 1500","72","10","10","2.508330062E9","IN_STOCK","2023-07-31","2023-07-31","","","","SECURITY|MADICO SAFETYSHIELD 1500","","","","","SourceSheet=Security; SourceRow=68; RawDescription=6441 - Madico Safetyshield 1500 72""","false","","","","",""
"IL-6442","Solar Guard","SG Solar Bronze 20","60","15","15","5.432104055E9","IN_STOCK","2023-07-31","2023-07-31","","","","SOLAR GUARD|SG SOLAR BRONZE 20","","","","","SourceSheet=Solar Guard; SourceRow=43; RawDescription=6442 - SG Solar Bronze 20 60""","false","","","","",""
"IL-6443","Solyx","Solyx White Matte SXWFWM","48","6","6","","IN_STOCK","2023-07-31","2023-07-31","","","","SOLYX|SOLYX WHITE MATTE SXWFWM","","","","","SourceSheet=Solyx; SourceRow=98; RawDescription=6443 - Solyx White Matte SXWFWM 48""","false","","","","",""
"IL-6452","Security","Madico Safetyshield 1500","60","100","100","2.507930032E9","IN_STOCK","2023-07-31","2023-07-31","","","","SECURITY|MADICO SAFETYSHIELD 1500","","","","","SourceSheet=Security; SourceRow=69; RawDescription=6452 - Madico Safetyshield 1500 60""","false","","","","",""
"IL-6457","Solyx","Solyx Rain Glass SX1544","48","7","7","","IN_STOCK","2023-07-31","2023-07-31","","","","SOLYX|SOLYX RAIN GLASS SX1544","","","","","SourceSheet=Solyx; SourceRow=99; RawDescription=6457 - Solyx Rain Glass SX1544 48""","false","","","","",""
"IL-6458","Solyx","Solyx Rain Glass SX1544","48","15","15","","IN_STOCK","2023-07-31","2023-07-31","","","","SOLYX|SOLYX RAIN GLASS SX1544","","","","","SourceSheet=Solyx; SourceRow=100; RawDescription=6458 - Solyx Rain Glass SX1544 48""","false","","","","",""
"IL-6459","Solar Guard","SG Slate 20","60","5","5","5.437008011E9","IN_STOCK","2023-07-31","2023-07-31","","","","SOLAR GUARD|SG SLATE 20","","","","","SourceSheet=Solar Guard; SourceRow=44; RawDescription=6459 - SG Slate 20 60""","false","","","","",""
"IL-6464","Fasara","Feather Friendly Harmony","36","70","70","","IN_STOCK","2023-02-13","2023-02-13","","","","FASARA|FEATHER FRIENDLY HARMONY","","","","","SourceSheet=Fasara; SourceRow=72; RawDescription=6464 - Feather Friendly Harmony 36""","false","","","","",""
"IL-6466","Fasara","3M Fasara San Marino Milky² SH2MAMM","50","78","78","107921037B","IN_STOCK","2023-02-13","2023-02-13","","","","FASARA|3M FASARA SAN MARINO MILKY² SH2MAMM","","","","","SourceSheet=Fasara; SourceRow=73; RawDescription=6466 - 3M Fasara San Marino Milky² SH2MAMM 50""","false","","","","",""
"IL-6468","Solyx","Solyx Shimera SX-3160","60","20","20","","IN_STOCK","2023-07-31","2023-07-31","","","","SOLYX|SOLYX SHIMERA SX-3160","","","","","SourceSheet=Solyx; SourceRow=101; RawDescription=6468 - Solyx Shimera SX-3160 60""","false","","","","",""
"IL-6469","Solyx","Solyx White Matte Max SXWFWMAX","60","5","5","","IN_STOCK","2023-07-31","2023-07-31","","","","SOLYX|SOLYX WHITE MATTE MAX SXWFWMAX","","","","","SourceSheet=Solyx; SourceRow=102; RawDescription=6469 - Solyx White Matte Max SXWFWMAX 60""","false","","","","",""
"IL-6472","Fasara","3M Fasara Glace SH2MAGL","50","6","6","107922825A","IN_STOCK","2023-02-13","2023-02-13","","","","FASARA|3M FASARA GLACE SH2MAGL","","","","","SourceSheet=Fasara; SourceRow=74; RawDescription=6472 - 3M Fasara Glace SH2MAGL 50""","false","","","","",""
"IL-6473","Llumar","Llumar Frost NRM PS2","48","86","86","405C058","IN_STOCK","2025-07-31","2025-07-31","","","","LLUMAR|LLUMAR FROST NRM PS2","","","","","SourceSheet=Llumar; SourceRow=58; RawDescription=6473 - Llumar Frost NRM PS2 48""","false","","","","",""
"IL-6480","Security","Madico Safetyshield 1500","60","100","100","2.510730029E9","IN_STOCK","2023-07-31","2023-07-31","","","","SECURITY|MADICO SAFETYSHIELD 1500","","","","","SourceSheet=Security; SourceRow=70; RawDescription=6480 - Madico Safetyshield 1500 60""","false","","","","",""
"IL-6482","Security","3M Ultra S800","36","12","12","E149324805","IN_STOCK","2023-07-31","2023-07-31","","","","SECURITY|3M ULTRA S800","","","","","SourceSheet=Security; SourceRow=71; RawDescription=6482 - 3M Ultra S800 36""","false","","","","",""
"IL-6488","Fasara","3M Fasara San Marino Milky² SH2MAMM","60","15","15","107823989B","IN_STOCK","2023-02-13","2023-02-13","","","","FASARA|3M FASARA SAN MARINO MILKY² SH2MAMM","","","","","SourceSheet=Fasara; SourceRow=75; RawDescription=6488 - 3M Fasara San Marino Milky² SH2MAMM 60""","false","","","","",""
"IL-6491","Solyx","Solyx White Matte SXWFWM","72","7","7","","IN_STOCK","2023-07-31","2023-07-31","","","","SOLYX|SOLYX WHITE MATTE SXWFWM","","","","","SourceSheet=Solyx; SourceRow=103; RawDescription=6491 - Solyx White Matte SXWFWM 72""","false","","","","",""
"IL-6492","Solyx","Solyx White Matte SXWFWM","72","18","18","","IN_STOCK","2023-07-31","2023-07-31","","","","SOLYX|SOLYX WHITE MATTE SXWFWM","","","","","SourceSheet=Solyx; SourceRow=104; RawDescription=6492 - Solyx White Matte SXWFWM 72""","false","","","","",""
"IL-6495","Security","3M Ultra S800","36","16","16","E073324730","IN_STOCK","2023-07-31","2023-07-31","","","","SECURITY|3M ULTRA S800","","","","","SourceSheet=Security; SourceRow=72; RawDescription=6495 - 3M Ultra S800 36""","false","","","","",""
"IL-6496","3M Solar","3M LE 20","60","10","10","1.06233483E8","IN_STOCK","2023-07-31","2023-07-31","","","","3M SOLAR|3M LE 20","","","","","SourceSheet=3M Solar; SourceRow=36; RawDescription=6496 - 3M LE 20 60""","false","","","","",""
"IL-6497","Security","3M Ultra NV 25","60","16","16","F035325016","IN_STOCK","2023-07-31","2023-07-31","","","","SECURITY|3M ULTRA NV 25","","","","","SourceSheet=Security; SourceRow=73; RawDescription=6497 - 3M Ultra NV 25 60""","false","","","","",""
"IL-6502","3M Solar","3M Affinity 15","72","30","30","8.3024201E7","IN_STOCK","2023-07-31","2023-07-31","","","","3M SOLAR|3M AFFINITY 15","","","","","SourceSheet=3M Solar; SourceRow=37; RawDescription=6502 - 3M Affinity 15 72""","false","","","","",""
"IL-6508","Llumar","Llumar R15 GO","60","20","20","945F021P01","IN_STOCK","2025-07-31","2025-07-31","","","","LLUMAR|LLUMAR R15 GO","","","","","SourceSheet=Llumar; SourceRow=59; RawDescription=6508 - Llumar R15 GO 60""","false","","","","",""
"IL-6512","Solar Guard","SG Truevue 05","60","7","7","5.437432062E9","IN_STOCK","2023-07-31","2023-07-31","","","","SOLAR GUARD|SG TRUEVUE 05","","","","","SourceSheet=Solar Guard; SourceRow=45; RawDescription=6512 - SG Truevue 05 60""","false","","","","",""
"IL-6513","Fasara","3M Fasara Fine Crystal SH2FNCR","50","3","3","107624212A","IN_STOCK","2023-02-13","2023-02-13","","","","FASARA|3M FASARA FINE CRYSTAL SH2FNCR","","","","","SourceSheet=Fasara; SourceRow=76; RawDescription=6513 - 3M Fasara Fine Crystal SH2FNCR 50""","false","","","","",""
"IL-6514","Security","3M Ultra S800","36","80","80","E073324730","IN_STOCK","2023-07-31","2023-07-31","","","","SECURITY|3M ULTRA S800","","","","","SourceSheet=Security; SourceRow=74; RawDescription=6514 - 3M Ultra S800 36""","false","","","","",""
"IL-6518","Security","3M Ultra S800","72","68","68","D352324672","IN_STOCK","2023-07-31","2023-07-31","","","","SECURITY|3M ULTRA S800","","","","","SourceSheet=Security; SourceRow=75; RawDescription=6518 - 3M Ultra S800 72""","false","","","","",""
"IL-6519","Solyx","Solyx Dark Black SXP014","60","9","9","","IN_STOCK","2023-07-31","2023-07-31","","","","SOLYX|SOLYX DARK BLACK SXP014","","","","","SourceSheet=Solyx; SourceRow=106; RawDescription=6519 - Solyx Dark Black SXP014 60""","false","","","","",""
"IL-6525","Security","3M S70 EXT","72","50","50","E317324958","IN_STOCK","2023-07-31","2023-07-31","","","","SECURITY|3M S70 EXT","","","","","SourceSheet=Security; SourceRow=76; RawDescription=6525 - 3M S70 EXT 72""","false","","","","",""
"IL-6527","Solyx","Solyx Fine Dots Gradient SXJ0561","60","10","10","","IN_STOCK","2023-07-31","2023-07-31","","","","SOLYX|SOLYX FINE DOTS GRADIENT SXJ0561","","","","","SourceSheet=Solyx; SourceRow=105; RawDescription=6527 - Solyx Fine Dots Gradient SXJ0561 60""","false","","","","",""
"IL-6529","3M Solar","3M PR 50 EXT","60","16","16","F057325030","IN_STOCK","2023-07-31","2023-07-31","","","","3M SOLAR|3M PR 50 EXT","","","","","SourceSheet=3M Solar; SourceRow=38; RawDescription=6529 - 3M PR 50 EXT 60""","false","","","","",""
"IL-6531","Solar Guard","SG Truevue 15","72","9","9","5.438102006E9","IN_STOCK","2023-07-31","2023-07-31","","","","SOLAR GUARD|SG TRUEVUE 15","","","","","SourceSheet=Solar Guard; SourceRow=46; RawDescription=6531 - SG Truevue 15 72""","false","","","","",""
"IL-6535","Fasara","3M Fasara Linen SH2FGLN","50","40","40","1.07320452E8","IN_STOCK","2023-02-13","2023-02-13","","","","FASARA|3M FASARA LINEN SH2FGLN","","","","","SourceSheet=Fasara; SourceRow=77; RawDescription=6535 - 3M Fasara Linen SH2FGLN 50""","false","","","","",""
"IL-6536","Llumar","Llumar RN07","48","25","25","","IN_STOCK","2025-07-31","2025-07-31","","","","LLUMAR|LLUMAR RN07","","","","","SourceSheet=Llumar; SourceRow=60; RawDescription=6536 - Llumar RN07 48""","false","","","","",""
"IL-6537","Solar Guard","SG Truevue 30","36","11","11","5.437018008E9","IN_STOCK","2023-07-31","2023-07-31","","","","SOLAR GUARD|SG TRUEVUE 30","","","","","SourceSheet=Solar Guard; SourceRow=47; RawDescription=6537 - SG Truevue 30 36""","false","","","","",""
"IL-6539","Solyx","Solyx dusted Etch SXC300","60","33","33","","IN_STOCK","2023-07-31","2023-07-31","","","","SOLYX|SOLYX DUSTED ETCH SXC300","","","","","SourceSheet=Solyx; SourceRow=107; RawDescription=6539 - Solyx dusted Etch SXC300 60""","false","","","","",""
"IL-6541","Solyx","Solyx Whiteout SXWFWO","60","35","35","","IN_STOCK","2023-07-31","2023-07-31","","","","SOLYX|SOLYX WHITEOUT SXWFWO","","","","","SourceSheet=Solyx; SourceRow=108; RawDescription=6541 - Solyx Whiteout SXWFWO 60""","false","","","","",""
"IL-6548","Llumar","Llumar Bronze 20 N1020B","72","14","14","455C012","IN_STOCK","2025-07-31","2025-07-31","","","","LLUMAR|LLUMAR BRONZE 20 N1020B","","","","","SourceSheet=Llumar; SourceRow=61; RawDescription=6548 - Llumar Bronze 20 N1020B 72""","false","","","","",""
"IL-6550","Fasara","3M Fasara Mat Crystal SH2MACR-I","50","9","9","108200144C","IN_STOCK","2023-02-13","2023-02-13","","","","FASARA|3M FASARA MAT CRYSTAL SH2MACR-I","","","","","SourceSheet=Fasara; SourceRow=78; RawDescription=6550 - 3M Fasara Mat Crystal SH2MACR-I 50""","false","","","","",""
"IL-6552","Security","Madico Safetyshield 800","48","100","100","2.512030196E9","IN_STOCK","2023-07-31","2023-07-31","","","","SECURITY|MADICO SAFETYSHIELD 800","","","","","SourceSheet=Security; SourceRow=77; RawDescription=6552 - Madico Safetyshield 800 48""","false","","","","",""
"IL-6555","Solyx","Solyx Whiteout SXWFWO","36","100","100","","IN_STOCK","2023-07-31","2023-07-31","","","","SOLYX|SOLYX WHITEOUT SXWFWO","","","","","SourceSheet=Solyx; SourceRow=109; RawDescription=6555 - Solyx Whiteout SXWFWO 36""","false","","","","",""
"IL-6558","3M Solar","3M Affinity 15","60","35","35","1.01924014E8","IN_STOCK","2023-07-31","2023-07-31","","","","3M SOLAR|3M AFFINITY 15","","","","","SourceSheet=3M Solar; SourceRow=39; RawDescription=6558 - 3M Affinity 15 60""","false","","","","",""
"IL-6559","3M Solar","3M Affinity 15","72","14","14","3.2025478E7","IN_STOCK","2023-07-31","2023-07-31","","","","3M SOLAR|3M AFFINITY 15","","","","","SourceSheet=3M Solar; SourceRow=40; RawDescription=6559 - 3M Affinity 15 72""","false","","","","",""
"IL-6568","Fasara","3M Fasara Safari SH2PTSR","50","35","35","1.06373036E8","IN_STOCK","2023-02-13","2023-02-13","","","","FASARA|3M FASARA SAFARI SH2PTSR","","","","","SourceSheet=Fasara; SourceRow=79; RawDescription=6568 - 3M Fasara Safari SH2PTSR 50""","false","","","","",""
"IL-6569","Fasara","3M Fasara Essen SH2EMES","50","9","9","108061937A","IN_STOCK","2023-02-13","2023-02-13","","","","FASARA|3M FASARA ESSEN SH2EMES","","","","","SourceSheet=Fasara; SourceRow=80; RawDescription=6569 - 3M Fasara Essen SH2EMES 50""","false","","","","",""
"IL-6572","Solyx","Solyx Whiteout SXWFWO","36","15","15","","IN_STOCK","2023-07-31","2023-07-31","","","","SOLYX|SOLYX WHITEOUT SXWFWO","","","","","SourceSheet=Solyx; SourceRow=110; RawDescription=6572 - Solyx Whiteout SXWFWO 36""","false","","","","",""
"IL-6574","Solar Guard","SG Truevue 15","48","75","75","5.438574069E9","IN_STOCK","2023-07-31","2023-07-31","","","","SOLAR GUARD|SG TRUEVUE 15","","","","","SourceSheet=Solar Guard; SourceRow=48; RawDescription=6574 - SG Truevue 15 48""","false","","","","",""
"IL-6575","Solyx","Solyx Big City Lights SX1523","48","11","11","","IN_STOCK","2023-07-31","2023-07-31","","","","SOLYX|SOLYX BIG CITY LIGHTS SX1523","","","","","SourceSheet=Solyx; SourceRow=111; RawDescription=6575 - Solyx Big City Lights SX1523 48""","false","","","","",""
"IL-6578","3M Solar","3M NV 15","36","46","46","F074325047","IN_STOCK","2023-07-31","2023-07-31","","","","3M SOLAR|3M NV 15","","","","","SourceSheet=3M Solar; SourceRow=41; RawDescription=6578 - 3M NV 15 36""","false","","","","",""
"IL-6579","3M Solar","3M NV 15","60","10","10","F168325129","IN_STOCK","2023-07-31","2023-07-31","","","","3M SOLAR|3M NV 15","","","","","SourceSheet=3M Solar; SourceRow=42; RawDescription=6579 - 3M NV 15 60""","false","","","","",""
"IL-6580","Solyx","Solyx Whiteout SXWFWO","60","10","10","","IN_STOCK","2023-07-31","2023-07-31","","","","SOLYX|SOLYX WHITEOUT SXWFWO","","","","","SourceSheet=Solyx; SourceRow=112; RawDescription=6580 - Solyx Whiteout SXWFWO 60""","false","","","","",""
"IL-6581","3M Solar","3M PR 40 EXT","36","62","62","E275324915","IN_STOCK","2023-07-31","2023-07-31","","","","3M SOLAR|3M PR 40 EXT","","","","","SourceSheet=3M Solar; SourceRow=43; RawDescription=6581 - 3M PR 40 EXT 36""","false","","","","",""
"IL-6583","Security","Madico Safetyshield 800 Grey 45","72","30","30","2.429830238E9","IN_STOCK","2023-07-31","2023-07-31","","","","SECURITY|MADICO SAFETYSHIELD 800 GREY 45","","","","","SourceSheet=Security; SourceRow=78; RawDescription=6583 - Madico Safetyshield 800 Grey 45 72""","false","","","","",""
"IL-6584","3M Solar","3M Affinity 15","72","30","30","1.02924001E8","IN_STOCK","2023-07-31","2023-07-31","","","","3M SOLAR|3M AFFINITY 15","","","","","SourceSheet=3M Solar; SourceRow=44; RawDescription=6584 - 3M Affinity 15 72""","false","","","","",""
"IL-6585","Llumar","Llumar N1020B","60","12","12","","IN_STOCK","2025-07-31","2025-07-31","","","","LLUMAR|LLUMAR N1020B","","","","","SourceSheet=Llumar; SourceRow=62; RawDescription=6585 - Llumar N1020B 60""","false","","","","",""
"IL-6588","Llumar","Llumar V 41","72","24","24","464G078P14","IN_STOCK","2025-07-31","2025-07-31","","","","LLUMAR|LLUMAR V 41","","","","","SourceSheet=Llumar; SourceRow=63; RawDescription=6588 - Llumar V 41 72""","false","","","","",""
"IL-6591","3M Solar","3M NV 15","36","100","100","F074325047","IN_STOCK","2023-07-31","2023-07-31","","","","3M SOLAR|3M NV 15","","","","","SourceSheet=3M Solar; SourceRow=45; RawDescription=6591 - 3M NV 15 36""","false","","","","",""
"IL-6592","3M Solar","3M NV 15","36","70","70","F074325047","IN_STOCK","2023-07-31","2023-07-31","","","","3M SOLAR|3M NV 15","","","","","SourceSheet=3M Solar; SourceRow=46; RawDescription=6592 - 3M NV 15 36""","false","","","","",""
"IL-6594","3M Solar","3M NV 15","36","100","100","F074325047","IN_STOCK","2023-07-31","2023-07-31","","","","3M SOLAR|3M NV 15","","","","","SourceSheet=3M Solar; SourceRow=47; RawDescription=6594 - 3M NV 15 36""","false","","","","",""
"IL-6596","Solyx","Solyx Alps SXC392","60","6","6","","IN_STOCK","2023-07-31","2023-07-31","","","","SOLYX|SOLYX ALPS SXC392","","","","","SourceSheet=Solyx; SourceRow=113; RawDescription=6596 - Solyx Alps SXC392 60""","false","","","","",""
"IL-6597","Solyx","Solyx Reeded Glass SX1254","60","10","10","","IN_STOCK","2023-07-31","2023-07-31","","","","SOLYX|SOLYX REEDED GLASS SX1254","","","","","SourceSheet=Solyx; SourceRow=114; RawDescription=6597 - Solyx Reeded Glass SX1254 60""","false","","","","",""
"IL-6600","Vinyl","Oracal 951-090 Silver Metallic","48","6","6","","IN_STOCK","2025-02-13","2025-02-13","","","","VINYL|ORACAL 951-090 SILVER METALLIC","","","","","SourceSheet=Vinyl; SourceRow=32; RawDescription=6600 - Oracal 951-090 Silver Metallic 48""","false","","","","",""
"IL-6601","Security","Madico Safetyshield 1500","60","10","10","2.518830012E9","IN_STOCK","2023-07-31","2023-07-31","","","","SECURITY|MADICO SAFETYSHIELD 1500","","","","","SourceSheet=Security; SourceRow=79; RawDescription=6601 - Madico Safetyshield 1500 60""","false","","","","",""
"IL-6602","Security","Madico Safetyshield 800","36","50","50","2.512630408E9","IN_STOCK","2023-07-31","2023-07-31","","","","SECURITY|MADICO SAFETYSHIELD 800","","","","","SourceSheet=Security; SourceRow=80; RawDescription=6602 - Madico Safetyshield 800 36""","false","","","","",""
"IL-6603","Security","Madico Safetyshield 800","48","12","12","2.512030246E9","IN_STOCK","2023-07-31","2023-07-31","","","","SECURITY|MADICO SAFETYSHIELD 800","","","","","SourceSheet=Security; SourceRow=81; RawDescription=6603 - Madico Safetyshield 800 48""","false","","","","",""
"IL-6604","Security","Madico Safetyshield 800","60","70","70","2.516030043E9","IN_STOCK","2023-07-31","2023-07-31","","","","SECURITY|MADICO SAFETYSHIELD 800","","","","","SourceSheet=Security; SourceRow=82; RawDescription=6604 - Madico Safetyshield 800 60""","false","","","","",""
"IL-6606","Solyx","Solyx White Black Opaque SXWFWB","59","10","10","","IN_STOCK","2023-07-31","2023-07-31","","","","SOLYX|SOLYX WHITE BLACK OPAQUE SXWFWB","","","","","SourceSheet=Solyx; SourceRow=115; RawDescription=6606 - Solyx White Black Opaque SXWFWB 59""","false","","","","",""
"IL-6607","Solyx","Solyx White Matte SXWFWM","72","100","100","","IN_STOCK","2023-07-31","2023-07-31","","","","SOLYX|SOLYX WHITE MATTE SXWFWM","","","","","SourceSheet=Solyx; SourceRow=116; RawDescription=6607 - Solyx White Matte SXWFWM 72""","false","","","","",""
"IL-6608","Solyx","Solyx White Matte SXWFWM","72","70","70","","IN_STOCK","2023-07-31","2023-07-31","","","","SOLYX|SOLYX WHITE MATTE SXWFWM","","","","","SourceSheet=Solyx; SourceRow=117; RawDescription=6608 - Solyx White Matte SXWFWM 72""","false","","","","",""
"IL-6609","Fasara","3M Fasara Frosted Crystal 7725-324","48","50","50","H2511701","IN_STOCK","2023-02-13","2023-02-13","","","","FASARA|3M FASARA FROSTED CRYSTAL 7725-324","","","","","SourceSheet=Fasara; SourceRow=81; RawDescription=6609 - 3M Fasara Frosted Crystal 7725-324 48""","false","","","","",""
"IL-6610","Solyx","Solyx Frosted Sparkle SX324","60","7","7","","IN_STOCK","2023-07-31","2023-07-31","","","","SOLYX|SOLYX FROSTED SPARKLE SX324","","","","","SourceSheet=Solyx; SourceRow=118; RawDescription=6610 - Solyx Frosted Sparkle SX324 60""","false","","","","",""
"IL-6612","Avery Dennison","Avery E-Lite 70X","72","25","25","2F3H1240L","IN_STOCK","2023-02-13","2023-02-13","","","","AVERY DENNISON|AVERY E-LITE 70X","","","","","SourceSheet=Avery Dennison; SourceRow=24; RawDescription=6612 - Avery E-Lite 70X 72""","false","","","","",""
"IL-6613","3M Solar","3M PR 40 EXT","72","100","100","F142325114","IN_STOCK","2023-07-31","2023-07-31","","","","3M SOLAR|3M PR 40 EXT","","","","","SourceSheet=3M Solar; SourceRow=48; RawDescription=6613 - 3M PR 40 EXT 72""","false","","","","",""
"IL-6614","3M Solar","3M PR 40 EXT","72","50","50","F142325114","IN_STOCK","2023-07-31","2023-07-31","","","","3M SOLAR|3M PR 40 EXT","","","","","SourceSheet=3M Solar; SourceRow=49; RawDescription=6614 - 3M PR 40 EXT 72""","false","","","","",""
"IL-6616","Solyx","Solyx Pin Point SXC333","48","20","20","","IN_STOCK","2023-07-31","2023-07-31","","","","SOLYX|SOLYX PIN POINT SXC333","","","","","SourceSheet=Solyx; SourceRow=119; RawDescription=6616 - Solyx Pin Point SXC333 48""","false","","","","",""
"IL-6617","Solyx","Solyx White Matte SXWFWM","60","80","80","","IN_STOCK","2023-07-31","2023-07-31","","","","SOLYX|SOLYX WHITE MATTE SXWFWM","","","","","SourceSheet=Solyx; SourceRow=120; RawDescription=6617 - Solyx White Matte SXWFWM 60""","false","","","","",""
"IL-6618","Security","Madico Safetyshield 1500","60","40","40","2.518930257E9","IN_STOCK","2023-07-31","2023-07-31","","","","SECURITY|MADICO SAFETYSHIELD 1500","","","","","SourceSheet=Security; SourceRow=83; RawDescription=6618 - Madico Safetyshield 1500 60""","false","","","","",""
"IL-6620","Llumar","Llumar V 18","36","75","75","454H047P10","IN_STOCK","2025-07-31","2025-07-31","","","","LLUMAR|LLUMAR V 18","","","","","SourceSheet=Llumar; SourceRow=64; RawDescription=6620 - Llumar V 18 36""","false","","","","",""
"IL-6621","Llumar","Llumar V 18","48","22","22","475D066P06","IN_STOCK","2025-07-31","2025-07-31","","","","LLUMAR|LLUMAR V 18","","","","","SourceSheet=Llumar; SourceRow=65; RawDescription=6621 - Llumar V 18 48""","false","","","","",""
"IL-6624","Fasara","3M Black Electrocut 7725-12","48","8","8","G2405803","IN_STOCK","2023-02-13","2023-02-13","","","","FASARA|3M BLACK ELECTROCUT 7725-12","","","","","SourceSheet=Fasara; SourceRow=82; RawDescription=6624 - 3M Black Electrocut 7725-12 48""","false","","","","",""
"IL-6628","Llumar","Llumar V 33","36","40","40","","IN_STOCK","2025-07-31","2025-07-31","","","","LLUMAR|LLUMAR V 33","","","","","SourceSheet=Llumar; SourceRow=66; RawDescription=6628 - Llumar V 33 36""","false","","","","",""
"IL-6629","Llumar","Llumar V33","48","15","15","","IN_STOCK","2025-07-31","2025-07-31","","","","LLUMAR|LLUMAR V33","","","","","SourceSheet=Llumar; SourceRow=67; RawDescription=6629 - Llumar V33 48""","false","","","","",""
"IL-6630","Llumar","Llumar V 28","48","10","10","","IN_STOCK","2025-07-31","2025-07-31","","","","LLUMAR|LLUMAR V 28","","","","","SourceSheet=Llumar; SourceRow=68; RawDescription=6630 - Llumar V 28 48""","false","","","","",""
"IL-6635","Solyx","Solyx Geometric SX3150","60","40","40","","IN_STOCK","2023-07-31","2023-07-31","","","","SOLYX|SOLYX GEOMETRIC SX3150","","","","","SourceSheet=Solyx; SourceRow=121; RawDescription=6635 - Solyx Geometric SX3150 60""","false","","","","",""
"IL-6636","Solyx","Solyx White Dusted Matte SXJ0550","60","15","15","","IN_STOCK","2023-07-31","2023-07-31","","","","SOLYX|SOLYX WHITE DUSTED MATTE SXJ0550","","","","","SourceSheet=Solyx; SourceRow=122; RawDescription=6636 - Solyx White Dusted Matte SXJ0550 60""","false","","","","",""
"IL-6637","Security","3M Ultra NV 25","60","80","80","F035325016","IN_STOCK","2023-07-31","2023-07-31","","","","SECURITY|3M ULTRA NV 25","","","","","SourceSheet=Security; SourceRow=84; RawDescription=6637 - 3M Ultra NV 25 60"" ","false","","","","",""
"IL-6638","Security","3M Ultra NV 25","72","28","28","F035325016","IN_STOCK","2023-07-31","2023-07-31","","","","SECURITY|3M ULTRA NV 25","","","","","SourceSheet=Security; SourceRow=85; RawDescription=6638 - 3M Ultra NV 25 72""","false","","","","",""
"IL-6641","3M Solar","3M Affinity 15","60","90","90","8.2224452E7","IN_STOCK","2023-07-31","2023-07-31","","","","3M SOLAR|3M AFFINITY 15","","","","","SourceSheet=3M Solar; SourceRow=50; RawDescription=6641 - 3M Affinity 15 60""","false","","","","",""
"IL-6642","Security","Madico Safetyshield 800 Nova 70","60","30","30","2.506430089E9","IN_STOCK","2023-07-31","2023-07-31","","","","SECURITY|MADICO SAFETYSHIELD 800 NOVA 70","","","","","SourceSheet=Security; SourceRow=86; RawDescription=6642 - Madico Safetyshield 800 Nova 70 60""","false","","","","",""
"IL-6644","Security","Madico Safetyshield 800 Nova 70","60","100","100","2.506430011E9","IN_STOCK","2023-07-31","2023-07-31","","","","SECURITY|MADICO SAFETYSHIELD 800 NOVA 70","","","","","SourceSheet=Security; SourceRow=87; RawDescription=6644 - Madico Safetyshield 800 Nova 70 60""","false","","","","",""
"IL-6648","Security","Madico Safetyshield 800","60","70","70","2.516030048E9","IN_STOCK","2023-07-31","2023-07-31","","","","SECURITY|MADICO SAFETYSHIELD 800","","","","","SourceSheet=Security; SourceRow=88; RawDescription=6648 - Madico Safetyshield 800 60""","false","","","","",""
"IL-6649","Fasara","3M Fasara Milano Milky White SH2MAML","60","125","125","108089347B","IN_STOCK","2023-02-13","2023-02-13","","","","FASARA|3M FASARA MILANO MILKY WHITE SH2MAML","","","","","SourceSheet=Fasara; SourceRow=83; RawDescription=6649 - 3M Fasara Milano Milky White SH2MAML 60""","false","","","","",""
"IL-6650","Security","3M S2400","72","10","10","1.480001406E9","IN_STOCK","2023-07-31","2023-07-31","","","","SECURITY|3M S2400","","","","","SourceSheet=Security; SourceRow=89; RawDescription=6650 - 3M S2400 72""","false","","","","",""
"IL-6652","Avery Dennison","Avery E-Lite 45","48","11","11","RC3225920","IN_STOCK","2023-02-13","2023-02-13","","","","AVERY DENNISON|AVERY E-LITE 45","","","","","SourceSheet=Avery Dennison; SourceRow=25; RawDescription=6652 - Avery E-Lite 45 48""","false","","","","",""
"IL-6656","ASWFVKOOL","ASWF Removable Frost","48","30","30","077159-906","IN_STOCK","2023-02-13","2023-02-13","","","","ASWFVKOOL|ASWF REMOVABLE FROST","","","","","SourceSheet=ASWFVKOOL; SourceRow=10; RawDescription=6656 - ASWF Removable Frost 48""","false","","","","",""
"IL-6657","ASWFVKOOL","ASWF Removable Frost","72","60","60","079539-029","IN_STOCK","2023-02-13","2023-02-13","","","","ASWFVKOOL|ASWF REMOVABLE FROST","","","","","SourceSheet=ASWFVKOOL; SourceRow=11; RawDescription=6657 - ASWF Removable Frost 72""","false","","","","",""
"IL-6659","Vinyl","Oracal 951-090 Silver Metallic","48","20","20","","IN_STOCK","2025-02-13","2025-02-13","","","","VINYL|ORACAL 951-090 SILVER METALLIC","","","","","SourceSheet=Vinyl; SourceRow=33; RawDescription=6659 - Oracal 951-090 Silver Metallic 48""","false","","","","",""
"IL-6660","ASWFVKOOL","V-Kool VK 70","60","50","50","5.438897042E9","IN_STOCK","2023-02-13","2023-02-13","","","","ASWFVKOOL|V-KOOL VK 70","","","","","SourceSheet=ASWFVKOOL; SourceRow=7; RawDescription=6660 - V-Kool VK 70 60""","false","","","","",""
"IL-6661","ASWFVKOOL","V-Kool VK 70","72","20","20","5.43897046E8","IN_STOCK","2023-02-13","2023-02-13","","","","ASWFVKOOL|V-KOOL VK 70","","","","","SourceSheet=ASWFVKOOL; SourceRow=8; RawDescription=6661 - V-Kool VK 70 72""","false","","","","",""
"IL-6662","ASWFVKOOL","V-Kool VK 40","36","25","25","5.435412013E9","IN_STOCK","2023-02-13","2023-02-13","","","","ASWFVKOOL|V-KOOL VK 40","","","","","SourceSheet=ASWFVKOOL; SourceRow=9; RawDescription=6662 - V-Kool VK 40 36""","false","","","","",""
"IL-6664","Solar Guard","SG Truevue 05","48","26","26","5.439181045E9","IN_STOCK","2023-07-31","2023-07-31","","","","SOLAR GUARD|SG TRUEVUE 05","","","","","SourceSheet=Solar Guard; SourceRow=49; RawDescription=6664 - SG Truevue 05 48""","false","","","","",""
"IL-6670","3M Solar","3M PR 70 EXT","36","26","26","F196325156","IN_STOCK","2023-07-31","2023-07-31","","","","3M SOLAR|3M PR 70 EXT","","","","","SourceSheet=3M Solar; SourceRow=51; RawDescription=6670 - 3M PR 70 EXT 36""","false","","","","",""
"IL-6672","Avery Dennison","Avery Perlite 70","72","25","25","RC5265231","IN_STOCK","2023-02-13","2023-02-13","","","","AVERY DENNISON|AVERY PERLITE 70","","","","","SourceSheet=Avery Dennison; SourceRow=26; RawDescription=6672 - Avery Perlite 70 72""","false","","","","",""
"IL-6676","Security","3M Silver 15 EXT","60","20","20","5438759.0","IN_STOCK","2023-07-31","2023-07-31","","","","SECURITY|3M SILVER 15 EXT","","","","","SourceSheet=Security; SourceRow=90; RawDescription=6676 - 3M Silver 15 EXT 60""","false","","","","",""
"IL-6679","3M Solar","3M Affinity 15","60","80","80","1.01924014E8","IN_STOCK","2023-07-31","2023-07-31","","","","3M SOLAR|3M AFFINITY 15","","","","","SourceSheet=3M Solar; SourceRow=52; RawDescription=6679 - 3M Affinity 15 60""","false","","","","",""
"IL-6681","3M Solar","3M Affinity 15","60","100","100","1.01924014E8","IN_STOCK","2023-07-31","2023-07-31","","","","3M SOLAR|3M AFFINITY 15","","","","","SourceSheet=3M Solar; SourceRow=53; RawDescription=6681 - 3M Affinity 15 60""","false","","","","",""
"IL-6683","3M Solar","3M Affinity 15","72","100","100","1.0302473E8","IN_STOCK","2023-07-31","2023-07-31","","","","3M SOLAR|3M AFFINITY 15","","","","","SourceSheet=3M Solar; SourceRow=54; RawDescription=6683 - 3M Affinity 15 72""","false","","","","",""
"IL-6684","3M Solar","3M PR 70","60","28","28","F157325122","IN_STOCK","2023-07-31","2023-07-31","","","","3M SOLAR|3M PR 70","","","","","SourceSheet=3M Solar; SourceRow=55; RawDescription=6684 - 3M PR 70 60""","false","","","","",""
"IL-6685","3M Solar","3M PR 40 EXT","60","64","64","F211325162","IN_STOCK","2023-07-31","2023-07-31","","","","3M SOLAR|3M PR 40 EXT","","","","","SourceSheet=3M Solar; SourceRow=56; RawDescription=6685 - 3M PR 40 EXT 60""","false","","","","",""
"IL-6686","Security","3M Silver 15 EXT","72","30","30","5438791.0","IN_STOCK","2023-07-31","2023-07-31","","","","SECURITY|3M SILVER 15 EXT","","","","","SourceSheet=Security; SourceRow=91; RawDescription=6686 - 3M Silver 15 EXT 72""","false","","","","",""
"IL-6688","Fasara","3M Fasara Frosted Crystal 7725-324","60","30","30","H2514201","IN_STOCK","2023-02-13","2023-02-13","","","","FASARA|3M FASARA FROSTED CRYSTAL 7725-324","","","","","SourceSheet=Fasara; SourceRow=84; RawDescription=6688 - 3M Fasara Frosted Crystal 7725-324 60""","false","","","","",""
"IL-6689","Fasara","3M Fasara Mat Crystal SH2MACR-I","60","70","70","1.08474365E8","IN_STOCK","2023-02-13","2023-02-13","","","","FASARA|3M FASARA MAT CRYSTAL SH2MACR-I","","","","","SourceSheet=Fasara; SourceRow=85; RawDescription=6689 - 3M Fasara Mat Crystal SH2MACR-I 60""","false","","","","",""
"IL-6691","Fasara","3M Fasara Arpa Crystal SH2APCR","50","48","48","1.08089232E8","IN_STOCK","2023-02-13","2023-02-13","","","","FASARA|3M FASARA ARPA CRYSTAL SH2APCR","","","","","SourceSheet=Fasara; SourceRow=86; RawDescription=6691 - 3M Fasara Arpa Crystal SH2APCR 50""","false","","","","",""
"IL-6692","3M Solar","3M PR 70","48","32","32","F157325122","IN_STOCK","2023-07-31","2023-07-31","","","","3M SOLAR|3M PR 70","","","","","SourceSheet=3M Solar; SourceRow=57; RawDescription=6692 - 3M PR 70 48""","false","","","","",""
"IL-6693","Solar Guard","SG Truevue 05","48","5","5","5.439179012E9","IN_STOCK","2023-07-31","2023-07-31","","","","SOLAR GUARD|SG TRUEVUE 05","","","","","SourceSheet=Solar Guard; SourceRow=50; RawDescription=6693 - SG Truevue 05 48""","false","","","","",""
"IL-6694","Solar Guard","SG Truevue 05","48","100","100","5.43917903E9","IN_STOCK","2023-07-31","2023-07-31","","","","SOLAR GUARD|SG TRUEVUE 05","","","","","SourceSheet=Solar Guard; SourceRow=51; RawDescription=6694 - SG Truevue 05 48""","false","","","","",""
"IL-6697","Solar Guard","SG Truevue 30","60","70","70","5.438961053E9","IN_STOCK","2023-07-31","2023-07-31","","","","SOLAR GUARD|SG TRUEVUE 30","","","","","SourceSheet=Solar Guard; SourceRow=52; RawDescription=6697 - SG Truevue 30 60""","false","","","","",""
"IL-6698","Llumar","Llumar Frost NRM PS2","48","42","42","455H047","IN_STOCK","2025-07-31","2025-07-31","","","","LLUMAR|LLUMAR FROST NRM PS2","","","","","SourceSheet=Llumar; SourceRow=69; RawDescription=6698 - Llumar Frost NRM PS2 48""","false","","","","",""
"IL-6699","Solyx","Solyx Triangle Gradient SXJ0594","71","15","15","","IN_STOCK","2023-07-31","2023-07-31","","","","SOLYX|SOLYX TRIANGLE GRADIENT SXJ0594","","","","","SourceSheet=Solyx; SourceRow=123; RawDescription=6699 - Solyx Triangle Gradient SXJ0594 71""","false","","","","",""
"IL-6700","Llumar","Llumar Frost NRM PS2","60","22","22","475J024","IN_STOCK","2025-07-31","2025-07-31","","","","LLUMAR|LLUMAR FROST NRM PS2","","","","","SourceSheet=Llumar; SourceRow=70; RawDescription=6700 - Llumar Frost NRM PS2 60""","false","","","","",""
"IL-6701","Fasara","3M Fasara Vista Dot SH2FGVI","50","20","20","1.07320757E8","IN_STOCK","2023-02-13","2023-02-13","","","","FASARA|3M FASARA VISTA DOT SH2FGVI","","","","","SourceSheet=Fasara; SourceRow=87; RawDescription=6701 - 3M Fasara Vista Dot SH2FGVI 50""","false","","","","",""
"IL-6702","3M Solar","3M PR 60","60","64","64","F010324994","IN_STOCK","2023-07-31","2023-07-31","","","","3M SOLAR|3M PR 60","","","","","SourceSheet=3M Solar; SourceRow=58; RawDescription=6702 - 3M PR 60 60""","false","","","","",""
"IL-6703","Solyx","Solyx Alps SXC392","60","12","12","","IN_STOCK","2023-07-31","2023-07-31","","","","SOLYX|SOLYX ALPS SXC392","","","","","SourceSheet=Solyx; SourceRow=124; RawDescription=6703 - Solyx Alps SXC392 60""","false","","","","",""
"IL-6709","Solar Guard","SG Sentinel Plus DX5 EXT","72","15","15","5.439795034E9","IN_STOCK","2023-07-31","2023-07-31","","","","SOLAR GUARD|SG SENTINEL PLUS DX5 EXT","","","","","SourceSheet=Solar Guard; SourceRow=53; RawDescription=6709 - SG Sentinel Plus DX5 EXT 72""","false","","","","",""
"IL-6711","Fasara","3M Fasara Oslo SH2EMOS","50","6","6","1.08474361E8","IN_STOCK","2023-02-13","2023-02-13","","","","FASARA|3M FASARA OSLO SH2EMOS","","","","","SourceSheet=Fasara; SourceRow=88; RawDescription=6711 - 3M Fasara Oslo SH2EMOS 50""","false","","","","",""
"IL-6714","Security","3M AG-6","60","6","6","250518W026648","IN_STOCK","2023-07-31","2023-07-31","","","","SECURITY|3M AG-6","","","","","SourceSheet=Security; SourceRow=92; RawDescription=6714 - 3M AG-6 60""","false","","","","",""
"IL-6715","Solar Guard","SG Slate 10","48","15","15","5.438936018E9","IN_STOCK","2023-07-31","2023-07-31","","","","SOLAR GUARD|SG SLATE 10","","","","","SourceSheet=Solar Guard; SourceRow=54; RawDescription=6715 - SG Slate 10 48""","false","","","","",""
"IL-6716","Fasara","3M Black Electrocut 7725-12","48","30","30","G2516402","IN_STOCK","2023-02-13","2023-02-13","","","","FASARA|3M BLACK ELECTROCUT 7725-12","","","","","SourceSheet=Fasara; SourceRow=89; RawDescription=6716 - 3M Black Electrocut 7725-12 48""","false","","","","",""
"IL-6718","3M Solar","3M NV 25","60","74","74","F175325134","IN_STOCK","2023-07-31","2023-07-31","","","","3M SOLAR|3M NV 25","","","","","SourceSheet=3M Solar; SourceRow=59; RawDescription=6718 - 3M NV 25 60""","false","","","","",""
"IL-6720","Solyx","Solyx Violet SXO-040","48","20","20","","IN_STOCK","2023-07-31","2023-07-31","","","","SOLYX|SOLYX VIOLET SXO-040","","","","","SourceSheet=Solyx; SourceRow=125; RawDescription=6720 - Solyx Violet SXO-040 48""","false","","","","",""
"IL-6721","3M Solar","3M PR 20 EXT","72","50","50","F254325205","IN_STOCK","2023-07-31","2023-07-31","","","","3M SOLAR|3M PR 20 EXT","","","","","SourceSheet=3M Solar; SourceRow=60; RawDescription=6721 - 3M PR 20 EXT 72""","false","","","","",""
"IL-6722","3M Solar","3M PR 20 EXT","36","32","32","F254325205","IN_STOCK","2023-07-31","2023-07-31","","","","3M SOLAR|3M PR 20 EXT","","","","","SourceSheet=3M Solar; SourceRow=61; RawDescription=6722 - 3M PR 20 EXT 36""","false","","","","",""
"IL-6723","3M Solar","3M PR 90 EXT","60","50","50","F196325155","IN_STOCK","2023-07-31","2023-07-31","","","","3M SOLAR|3M PR 90 EXT","","","","","SourceSheet=3M Solar; SourceRow=62; RawDescription=6723 - 3M PR 90 EXT 60""","false","","","","",""
"IL-6724","Fasara","3M Fasara Straight Washi SH2FGSW","50","7","7","1.07530899E8","IN_STOCK","2023-02-13","2023-02-13","","","","FASARA|3M FASARA STRAIGHT WASHI SH2FGSW","","","","","SourceSheet=Fasara; SourceRow=90; RawDescription=6724 - 3M Fasara Straight Washi SH2FGSW 50""","false","","","","",""
"IL-6726","Security","3M AG-4","60","60","60","250430-E01","IN_STOCK","2023-07-31","2023-07-31","","","","SECURITY|3M AG-4","","","","","SourceSheet=Security; SourceRow=93; RawDescription=6726 - 3M AG-4 60""","false","","","","",""
"IL-6727","Solyx","Solyx Frosted Stripes SXC-1418","60","6","6","","IN_STOCK","2023-07-31","2023-07-31","","","","SOLYX|SOLYX FROSTED STRIPES SXC-1418","","","","","SourceSheet=Solyx; SourceRow=126; RawDescription=6727 - Solyx Frosted Stripes SXC-1418 60""","false","","","","",""
"IL-6728","Solar Guard","SG Truevue 15","36","25","25","5.438102072E9","IN_STOCK","2023-07-31","2023-07-31","","","","SOLAR GUARD|SG TRUEVUE 15","","","","","SourceSheet=Solar Guard; SourceRow=55; RawDescription=6728 - SG Truevue 15 36""","false","","","","",""
"IL-6729","3M Solar","3M NV 15","36","40","40","F168325129","IN_STOCK","2023-07-31","2023-07-31","","","","3M SOLAR|3M NV 15","","","","","SourceSheet=3M Solar; SourceRow=63; RawDescription=6729 - 3M NV 15 36""","false","","","","",""
"IL-6730","3M Solar","3M NV 35","60","50","50","F071325044","IN_STOCK","2023-07-31","2023-07-31","","","","3M SOLAR|3M NV 35","","","","","SourceSheet=3M Solar; SourceRow=64; RawDescription=6730 - 3M NV 35 60""","false","","","","",""
"IL-6732","Fasara","3M Fasara Cross Hairline Sucre SH2CHSC","48","7","7","1.0632612E8","IN_STOCK","2023-02-13","2023-02-13","","","","FASARA|3M FASARA CROSS HAIRLINE SUCRE SH2CHSC","","","","","SourceSheet=Fasara; SourceRow=91; RawDescription=6732 - 3M Fasara Cross Hairline Sucre SH2CHSC 48""","false","","","","",""
"IL-6735","Security","3M S140 SH14CLARL","60","53","53","54395+40","IN_STOCK","2023-07-31","2023-07-31","","","","SECURITY|3M S140 SH14CLARL","","","","","SourceSheet=Security; SourceRow=94; RawDescription=6735 - 3M S140 SH14CLARL 60""","false","","","","",""
"IL-6739","Security","Madico SG 35","60","18","18","2514030+171","IN_STOCK","2023-07-31","2023-07-31","","","","SECURITY|MADICO SG 35","","","","","SourceSheet=Security; SourceRow=95; RawDescription=6739 - Madico SG 35 60""","false","","","","",""
"IL-6740","Security","Madico Safetyshield 800 Grey 45","48","50","50","2435330+610","IN_STOCK","2023-07-31","2023-07-31","","","","SECURITY|MADICO SAFETYSHIELD 800 GREY 45","","","","","SourceSheet=Security; SourceRow=96; RawDescription=6740 - Madico Safetyshield 800 Grey 45 48""","false","","","","",""
"IL-6741","3M Solar","3M NV 15","72","72","72","F293325231","IN_STOCK","2023-07-31","2023-07-31","","","","3M SOLAR|3M NV 15","","","","","SourceSheet=3M Solar; SourceRow=65; RawDescription=6741 - 3M NV 15 72""","false","","","","",""
"IL-6745","3M Solar","3M NV 25","36","100","100","E345324977","IN_STOCK","2023-07-31","2023-07-31","","","","3M SOLAR|3M NV 25","","","","","SourceSheet=3M Solar; SourceRow=66; RawDescription=6745 - 3M NV 25 36""","false","","","","",""
"IL-6746","3M Solar","3M PR 90 EXT","60","10","10","F196325155","IN_STOCK","2023-07-31","2023-07-31","","","","3M SOLAR|3M PR 90 EXT","","","","","SourceSheet=3M Solar; SourceRow=67; RawDescription=6746 - 3M PR 90 EXT 60""","false","","","","",""
"IL-6747","3M Solar","3M PR 20","60","100","100","F064325036","IN_STOCK","2023-07-31","2023-07-31","","","","3M SOLAR|3M PR 20","","","","","SourceSheet=3M Solar; SourceRow=68; RawDescription=6747 - 3M PR 20 60""","false","","","","",""
"IL-6748","3M Solar","3M PR 20","60","100","100","F064325036","IN_STOCK","2023-07-31","2023-07-31","","","","3M SOLAR|3M PR 20","","","","","SourceSheet=3M Solar; SourceRow=69; RawDescription=6748 - 3M PR 20 60""","false","","","","",""
"IL-6749","3M Solar","3M PR 20","60","100","100","F064325036","IN_STOCK","2023-07-31","2023-07-31","","","","3M SOLAR|3M PR 20","","","","","SourceSheet=3M Solar; SourceRow=70; RawDescription=6749 - 3M PR 20 60""","false","","","","",""
"IL-6750","Solyx","Solyx Sand Blast SXR8785","60","9","9","","IN_STOCK","2023-07-31","2023-07-31","","","","SOLYX|SOLYX SAND BLAST SXR8785","","","","","SourceSheet=Solyx; SourceRow=127; RawDescription=6750 - Solyx Sand Blast SXR8785 60""","false","","","","",""
"IL-6751","Solar Guard","SG Truevue 15","48","40","40","5.439370063E9","IN_STOCK","2023-07-31","2023-07-31","","","","SOLAR GUARD|SG TRUEVUE 15","","","","","SourceSheet=Solar Guard; SourceRow=56; RawDescription=6751 - SG Truevue 15 48""","false","","","","",""
"IL-6753","Security","3M Ultra S800","72","2535","2535","E325324962","IN_STOCK","2023-07-31","2023-07-31","","","","SECURITY|3M ULTRA S800","","","","","SourceSheet=Security; SourceRow=97; RawDescription=6753 - 3M Ultra S800 72""","false","","","","",""
"IL-6754","Solyx","Solyx Chicago SX9100","60","6","6","","IN_STOCK","2023-07-31","2023-07-31","","","","SOLYX|SOLYX CHICAGO SX9100","","","","","SourceSheet=Solyx; SourceRow=128; RawDescription=6754 - Solyx Chicago SX9100 60""","false","","","","",""
"IL-6755","Fasara","3M Fasara Fusion Pearl SH2CSFP","50","6","6","1.07371394E8","IN_STOCK","2023-02-13","2023-02-13","","","","FASARA|3M FASARA FUSION PEARL SH2CSFP","","","","","SourceSheet=Fasara; SourceRow=92; RawDescription=6755 - 3M Fasara Fusion Pearl SH2CSFP 50""","false","","","","",""
"IL-6757","3M Solar","3M PR 70","60","32","32","F196325156","IN_STOCK","2023-07-31","2023-07-31","","","","3M SOLAR|3M PR 70","","","","","SourceSheet=3M Solar; SourceRow=71; RawDescription=6757 - 3M PR 70 60""","false","","","","",""
"IL-6761","Solar Guard","SG Slate 10","60","50","50","5.439651011E9","IN_STOCK","2023-07-31","2023-07-31","","","","SOLAR GUARD|SG SLATE 10","","","","","SourceSheet=Solar Guard; SourceRow=57; RawDescription=6761 - SG Slate 10 60""","false","","","","",""
"IL-6762","Security","3M AG-6","60","30","30","230312+E10","IN_STOCK","2023-07-31","2023-07-31","","","","SECURITY|3M AG-6","","","","","SourceSheet=Security; SourceRow=98; RawDescription=6762 - 3M AG-6 60""","false","","","","",""
"IL-6764","3M Solar","3M PR 60","48","22","22","F133325104","IN_STOCK","2023-07-31","2023-07-31","","","","3M SOLAR|3M PR 60","","","","","SourceSheet=3M Solar; SourceRow=72; RawDescription=6764 - 3M PR 60 48""","false","","","","",""
"IL-6766","3M Solar","3M PR 50 EXT","72","18","18","F142325113","IN_STOCK","2023-07-31","2023-07-31","","","","3M SOLAR|3M PR 50 EXT","","","","","SourceSheet=3M Solar; SourceRow=73; RawDescription=6766 - 3M PR 50 EXT 72""","false","","","","",""
"IL-6769","Llumar","Uline One-Way Mirror","48","11","11","445J051","IN_STOCK","2025-07-31","2025-07-31","","","","LLUMAR|ULINE ONE-WAY MIRROR","","","","","SourceSheet=Llumar; SourceRow=71; RawDescription=6769 - Uline One-Way Mirror 48""","false","","","","",""
"IL-6770","Security","3M Ultra NV 25","36","20","20","","IN_STOCK","2023-07-31","2023-07-31","","","","SECURITY|3M ULTRA NV 25","","","","","SourceSheet=Security; SourceRow=99; RawDescription=6770 - 3M Ultra NV 25 36""","false","","","","",""
"IL-6771","Security","Madico Safetyshield 800 DG 35","60","46","46","316691-2","IN_STOCK","2023-07-31","2023-07-31","","","","SECURITY|MADICO SAFETYSHIELD 800 DG 35","","","","","SourceSheet=Security; SourceRow=100; RawDescription=6771 - Madico Safetyshield 800 DG 35 60""","false","","","","",""
"IL-6772","3M Solar","3M RE35NEARL","60","35","35","1.20620426E8","IN_STOCK","2023-07-31","2023-07-31","","","","3M SOLAR|3M RE35NEARL","","","","","SourceSheet=3M Solar; SourceRow=74; RawDescription=6772 - 3M RE35NEARL 60""","false","","","","",""
"IL-6773","Solyx","Solyx Whiteout SXWFWO","72","100","100","","IN_STOCK","2023-07-31","2023-07-31","","","","SOLYX|SOLYX WHITEOUT SXWFWO","","","","","SourceSheet=Solyx; SourceRow=129; RawDescription=6773 - Solyx Whiteout SXWFWO 72""","false","","","","",""
"IL-6774","Solyx","Casper Cloaking PF001-801","48","3","3","100325001-3A","IN_STOCK","2023-07-31","2023-07-31","","","","SOLYX|CASPER CLOAKING PF001-801","","","","","SourceSheet=Solyx; SourceRow=130; RawDescription=6774 - Casper Cloaking PF001-801 48""","false","","","","",""
"IL-6777","Vinyl","Oracal 8500 Dk. Green 060","48","0","0","","ZEROED","2025-02-13","2025-02-13","","","","VINYL|ORACAL 8500 DK. GREEN 060","","","","","ExceptionResolved=missing_quantity_to_zeroed; SourceSheet=Vinyl; SourceRow=34; WidthSource=quoted_hint; RawDescription=6777 - Oracal 8500 Dk. Green 060 48""","false","","","2025-02-13","Missing quantity in source workbook","migration"
"IL-6781","Security","3M Ultra S800","60","72","72","F116325087","IN_STOCK","2023-07-31","2023-07-31","","","","SECURITY|3M ULTRA S800","","","","","SourceSheet=Security; SourceRow=101; RawDescription=6781 - 3M Ultra S800 60""","false","","","","",""
"IL-6782","Solyx","Solyx Gold Weave SCG02","59","17","17","","IN_STOCK","2023-07-31","2023-07-31","","","","SOLYX|SOLYX GOLD WEAVE SCG02","","","","","SourceSheet=Solyx; SourceRow=131; RawDescription=6782 - Solyx Gold Weave SCG02 59""","false","","","","",""
"IL-6784","Fasara","3M Fasara San Marino Milky Milky SH2MAMM","60","15","15","107823989A","IN_STOCK","2023-02-13","2023-02-13","","","","FASARA|3M FASARA SAN MARINO MILKY MILKY SH2MAMM","","","","","SourceSheet=Fasara; SourceRow=93; RawDescription=6784 - 3M Fasara San Marino Milky Milky SH2MAMM 60""","false","","","","",""
"IL-6785","Solyx","Solyx Reeded Glass 1/2"" SX1254","60","10","10","","IN_STOCK","2023-07-31","2023-07-31","","","","SOLYX|SOLYX REEDED GLASS 1/2"" SX1254","","","","","SourceSheet=Solyx; SourceRow=132; RawDescription=6785 - Solyx Reeded Glass 1/2"" SX1254 60""","false","","","","",""
"IL-6786","Solyx","Solyx Dark Black SXP014UV","60","10","10","","IN_STOCK","2023-07-31","2023-07-31","","","","SOLYX|SOLYX DARK BLACK SXP014UV","","","","","SourceSheet=Solyx; SourceRow=133; RawDescription=6786 - Solyx Dark Black SXP014UV 60""","false","","","","",""
"IL-6788","Solyx","Solyx Dusted Crystal SX3140","48","100","100","","IN_STOCK","2023-07-31","2023-07-31","","","","SOLYX|SOLYX DUSTED CRYSTAL SX3140","","","","","SourceSheet=Solyx; SourceRow=134; RawDescription=6788 - Solyx Dusted Crystal SX3140 48""","false","","","","",""
"IL-6790","Llumar","Llumar V28","72","25","25","465L044P05","IN_STOCK","2025-07-31","2025-07-31","","","","LLUMAR|LLUMAR V28","","","","","SourceSheet=Llumar; SourceRow=72; RawDescription=6790 - Llumar V28 72""","false","","","","",""
"IL-6793","Solyx","Casper Cloaking PF001-801","48","13","13","100625004-10A","IN_STOCK","2023-07-31","2023-07-31","","","","SOLYX|CASPER CLOAKING PF001-801","","","","","SourceSheet=Solyx; SourceRow=135; RawDescription=6793 - Casper Cloaking PF001-801 48""","false","","","","",""
"IL-6794","3M Solar","3M NV 15","60","42","42","F265325216","IN_STOCK","2023-07-31","2023-07-31","","","","3M SOLAR|3M NV 15","","","","","SourceSheet=3M Solar; SourceRow=75; RawDescription=6794 - 3M NV 15 60""","false","","","","",""
"IL-6795","3M Solar","3M NV 15","72","72","72","F293325231","IN_STOCK","2023-07-31","2023-07-31","","","","3M SOLAR|3M NV 15","","","","","SourceSheet=3M Solar; SourceRow=76; RawDescription=6795 - 3M NV 15 72""","false","","","","",""
"IL-6797","Solyx","Solyx Blackout SXWFBO","36","20","20","","IN_STOCK","2023-07-31","2023-07-31","","","","SOLYX|SOLYX BLACKOUT SXWFBO","","","","","SourceSheet=Solyx; SourceRow=136; RawDescription=6797 - Solyx Blackout SXWFBO 36""","false","","","","",""
"IL-6799","3M Solar","3M P-18","60","25","25","5438974.0","IN_STOCK","2023-07-31","2023-07-31","","","","3M SOLAR|3M P-18","","","","","SourceSheet=3M Solar; SourceRow=77; RawDescription=6799 - 3M P-18 60""","false","","","","",""
"IL-6800","Solyx","Solyx Blackout SXWFBO","60","5","5","","IN_STOCK","2023-07-31","2023-07-31","","","","SOLYX|SOLYX BLACKOUT SXWFBO","","","","","SourceSheet=Solyx; SourceRow=137; RawDescription=6800 - Solyx Blackout SXWFBO 60""","false","","","","",""
"IL-6802","3M Solar","3M PR 70","60","100","100","F157325122","IN_STOCK","2023-07-31","2023-07-31","","","","3M SOLAR|3M PR 70","","","","","SourceSheet=3M Solar; SourceRow=78; RawDescription=6802 - 3M PR 70 60""","false","","","","",""
"IL-6803","Fasara","3M Black Blockout Matte 3635-22B","48","41","41","L2525801","IN_STOCK","2023-02-13","2023-02-13","","","","FASARA|3M BLACK BLOCKOUT MATTE 3635-22B","","","","","CollisionResolved=keep_duplicate; SourceSheet=Fasara; SourceRow=94; RawDescription=6803 - 3M Black Blockout Matte 3635-22B 48""","false","","","","",""
"IL-6804","Fasara","3M Fasara Glace SH2MAGL","50","98","98","108473739B","IN_STOCK","2023-02-13","2023-02-13","","","","FASARA|3M FASARA GLACE SH2MAGL","","","","","SourceSheet=Fasara; SourceRow=95; RawDescription=6804 - 3M Fasara Glace SH2MAGL 50""","false","","","","",""
"IL-6805","Security","3M S70","60","100","100","252C","IN_STOCK","2023-07-31","2023-07-31","","","","SECURITY|3M S70","","","","","SourceSheet=Security; SourceRow=102; RawDescription=6805 - 3M S70 60""","false","","","","",""
"IL-6810","Solyx","Solyx Eco Dusted SX3131","60","10","10","","IN_STOCK","2023-07-31","2023-07-31","","","","SOLYX|SOLYX ECO DUSTED SX3131","","","","","SourceSheet=Solyx; SourceRow=138; RawDescription=6810 - Solyx Eco Dusted SX3131 60""","false","","","","",""
"IL-6812","3M Solar","3M PR 70 EXT","72","80","80","F255325207","IN_STOCK","2023-07-31","2023-07-31","","","","3M SOLAR|3M PR 70 EXT","","","","","SourceSheet=3M Solar; SourceRow=79; RawDescription=6812 - 3M PR 70 EXT 72""","false","","","","",""
"IL-6813","Solyx","SOLYX Ultracool-S1560 Silver 15","60","8","8","","IN_STOCK","2023-07-31","2023-07-31","","","","SOLYX|SOLYX ULTRACOOL-S1560 SILVER 15","","","","","SourceSheet=Solyx; SourceRow=139; RawDescription=6813 - SOLYX Ultracool-S1560 Silver 15 60""","false","","","","",""
"IL-6814","3M Solar","3M P-18 Silver","48","20","20","5439373.0","IN_STOCK","2023-07-31","2023-07-31","","","","3M SOLAR|3M P-18 SILVER","","","","","SourceSheet=3M Solar; SourceRow=80; RawDescription=6814 - 3M P-18 Silver 48""","false","","","","",""
"IL-6815","Solyx","SX1255 Reeded Glass","60","50","50","","IN_STOCK","2023-07-31","2023-07-31","","","","SOLYX|SX1255 REEDED GLASS","","","","","SourceSheet=Solyx; SourceRow=140; RawDescription=6815 - SX1255 Reeded Glass 60""","false","","","","",""
"IL-6816","Solyx","SX1255 Reeded Glass","60","100","100","","IN_STOCK","2023-07-31","2023-07-31","","","","SOLYX|SX1255 REEDED GLASS","","","","","SourceSheet=Solyx; SourceRow=141; RawDescription=6816 - SX1255 Reeded Glass 60""","false","","","","",""
"IL-6817","Solyx","SX1255 Reeded Glass","60","100","100","","IN_STOCK","2023-07-31","2023-07-31","","","","SOLYX|SX1255 REEDED GLASS","","","","","SourceSheet=Solyx; SourceRow=142; RawDescription=6817 - SX1255 Reeded Glass 60""","false","","","","",""
"IL-6818","Solyx","SX1255 Reeded Glass","60","100","100","","IN_STOCK","2023-07-31","2023-07-31","","","","SOLYX|SX1255 REEDED GLASS","","","","","SourceSheet=Solyx; SourceRow=143; RawDescription=6818 - SX1255 Reeded Glass 60""","false","","","","",""
"IL-6820","Fasara","3M SH2EMCH Frost Chamonix","50","15","15","108745364A","IN_STOCK","2023-02-13","2023-02-13","","","","FASARA|3M SH2EMCH FROST CHAMONIX","","","","","SourceSheet=Fasara; SourceRow=96; RawDescription=6820 - 3M SH2EMCH Frost Chamonix 50""","false","","","","",""
"IL-6823","Fasara","3M Dusted Crystal","48","55","55","G2531504","IN_STOCK","2023-02-13","2023-02-13","","","","FASARA|3M DUSTED CRYSTAL","","","","","SourceSheet=Fasara; SourceRow=97; RawDescription=6823 - 3M Dusted Crystal 48""","false","","","","",""
"IL-6824","Security","Madico SafetyShield CL800","72","100","100","","IN_STOCK","2023-07-31","2023-07-31","","","","SECURITY|MADICO SAFETYSHIELD CL800","","","","","SourceSheet=Security; SourceRow=103; RawDescription=6824 - Madico SafetyShield CL800 72""","false","","","","",""
"IL-6825","Security","Madico SafetyShield CL800","72","100","100","","IN_STOCK","2023-07-31","2023-07-31","","","","SECURITY|MADICO SAFETYSHIELD CL800","","","","","SourceSheet=Security; SourceRow=104; RawDescription=6825 - Madico SafetyShield CL800 72""","false","","","","",""
"IL-6826","Fasara","3M SH2FNCR Fine Crystal","50","10","10","108871934A","IN_STOCK","2023-02-13","2023-02-13","","","","FASARA|3M SH2FNCR FINE CRYSTAL","","","","","SourceSheet=Fasara; SourceRow=98; RawDescription=6826 - 3M SH2FNCR Fine Crystal 50""","false","","","","",""
"IL-6827","Solyx","Solyx Total Light Blockout White","60","95","95","","IN_STOCK","2023-07-31","2023-07-31","","","","SOLYX|SOLYX TOTAL LIGHT BLOCKOUT WHITE","","","","","SourceSheet=Solyx; SourceRow=144; RawDescription=6827 - Solyx Total Light Blockout White 60""","false","","","","",""
"IL-6828","Solyx","Solyx Total Light Blockout White","60","15","15","","IN_STOCK","2023-07-31","2023-07-31","","","","SOLYX|SOLYX TOTAL LIGHT BLOCKOUT WHITE","","","","","SourceSheet=Solyx; SourceRow=145; RawDescription=6828 - Solyx Total Light Blockout White 60""","false","","","","",""
"IL-6838","3M Solar","3M PR 70","60","7","7","","IN_STOCK","2023-07-31","2023-07-31","","","","3M SOLAR|3M PR 70","","","","","SourceSheet=3M Solar; SourceRow=83; RawDescription=6838 - 3M PR 70 60""","false","","","","",""
"IL-6839","3M Solar","3M PR 50","60","7","7","","IN_STOCK","2023-07-31","2023-07-31","","","","3M SOLAR|3M PR 50","","","","","SourceSheet=3M Solar; SourceRow=84; RawDescription=6839 - 3M PR 50 60""","false","","","","",""
"IL-6840","Fasara","3M SH2FGMI-W Mist-W","60","25","25","108745364A","IN_STOCK","2023-02-13","2023-02-13","","","","FASARA|3M SH2FGMI-W MIST-W","","","","","SourceSheet=Fasara; SourceRow=99; RawDescription=6840 - 3M SH2FGMI-W Mist-W 60""","false","","","","",""
"IL-6841","Fasara","3M SH2FGMI-S Mist-S","60","25","25","109015511B","IN_STOCK","2023-02-13","2023-02-13","","","","FASARA|3M SH2FGMI-S MIST-S","","","","","SourceSheet=Fasara; SourceRow=100; RawDescription=6841 - 3M SH2FGMI-S Mist-S 60""","false","","","","",""
"IL-6842","Fasara","3M SH2MLCRX Milky Crystal","50","10","10","108771904D","IN_STOCK","2023-02-13","2023-02-13","","","","FASARA|3M SH2MLCRX MILKY CRYSTAL","","","","","SourceSheet=Fasara; SourceRow=101; RawDescription=6842 - 3M SH2MLCRX Milky Crystal 50""","false","","","","",""
"IL-6843","Solyx","SOLYX Fine Cast Sand Blast SX1000","60","15","15","","IN_STOCK","2023-07-31","2023-07-31","","","","SOLYX|SOLYX FINE CAST SAND BLAST SX1000","","","","","ExceptionResolved=missing_width; SourceSheet=Solyx; SourceRow=146; WidthResolution=auto_default_60_user_approved; RawDescription=6843 - SOLYX Fine Cast Sand Blast SX1000","false","","","","",""
"IL-6845","3M Solar","3M Silver P-18","48","68","68","","IN_STOCK","2023-07-31","2023-07-31","","","","3M SOLAR|3M SILVER P-18","","","","","SourceSheet=3M Solar; SourceRow=86; RawDescription=6845 - 3M Silver P-18 48""","false","","","","",""
"IL-6848","3M Solar","3M Night Vision 25","72","95","95","F273325221","IN_STOCK","2023-07-31","2023-07-31","","","","3M SOLAR|3M NIGHT VISION 25","","","","","SourceSheet=3M Solar; SourceRow=87; RawDescription=6848 - 3M Night Vision 25 72""","false","","","","",""
"IL-6849","3M Solar","3M PR 70","72","52","52","","IN_STOCK","2023-07-31","2023-07-31","","","","3M SOLAR|3M PR 70","","","","","SourceSheet=3M Solar; SourceRow=85; RawDescription=6849 - 3M PR 70 72""","false","","","","",""
"IL-6850","Solar Guard","SG 7MIL Graffiti Gard SRX","72","25","25","5.439475043E9","IN_STOCK","2023-07-31","2023-07-31","","","","SOLAR GUARD|SG 7MIL GRAFFITI GARD SRX","","","","","SourceSheet=Solar Guard; SourceRow=58; RawDescription=6850 - SG 7MIL Graffiti Gard SRX 72""","false","","","","",""
"IL-6851","Fasara","3M Fasara Milky Milky Blue Gray SH2MAMMB","50","98","98","1.08312953E8","IN_STOCK","2023-02-13","2023-02-13","","","","FASARA|3M FASARA MILKY MILKY BLUE GRAY SH2MAMMB","","","","","SourceSheet=Fasara; SourceRow=102; RawDescription=6851 - 3M Fasara Milky Milky Blue Gray SH2MAMMB 50""","false","","","","",""
"IL-6854","Solyx","SOLYX Frosted Stripes SXC1418","60","70","70","","IN_STOCK","2023-07-31","2023-07-31","","","","SOLYX|SOLYX FROSTED STRIPES SXC1418","","","","","SourceSheet=Solyx; SourceRow=147; RawDescription=6854 - SOLYX Frosted Stripes SXC1418 60""","false","","","","",""
"IL-6859","Solyx","SOLYX White Dry Erase for Glass SX2029","59","14","14","","IN_STOCK","2023-07-31","2023-07-31","","","","SOLYX|SOLYX WHITE DRY ERASE FOR GLASS SX2029","","","","","SourceSheet=Solyx; SourceRow=148; RawDescription=6859 - SOLYX White Dry Erase for Glass SX2029 59""","false","","","","",""
"IL-6860","Solyx","SOLYX MAGNETIC White Dry Erase for Glass SX2097","47","14","14","","IN_STOCK","2023-07-31","2023-07-31","","","","SOLYX|SOLYX MAGNETIC WHITE DRY ERASE FOR GLASS SX2097","","","","","SourceSheet=Solyx; SourceRow=149; RawDescription=6860 - SOLYX MAGNETIC White Dry Erase for Glass SX2097 47""","false","","","","",""
"IL-6861","Solyx","SOLYX Dual Feather Gradient SXJ-0591","72","13","13","","IN_STOCK","2023-07-31","2023-07-31","","","","SOLYX|SOLYX DUAL FEATHER GRADIENT SXJ-0591","","","","","SourceSheet=Solyx; SourceRow=152; RawDescription=6861 - SOLYX Dual Feather Gradient SXJ-0591 72""","false","","","","",""
"IL-6864","Solyx","SOLYX Sateen Etch SD-FS728-E","59","60","60","","IN_STOCK","2023-07-31","2023-07-31","","","","SOLYX|SOLYX SATEEN ETCH SD-FS728-E","","","","","SourceSheet=Solyx; SourceRow=150; RawDescription=6864 - SOLYX Sateen Etch SD-FS728-E 59""","false","","","","",""
"IL-6865","Solyx","SOLYX Gotham SX3148","60","30","30","","IN_STOCK","2023-07-31","2023-07-31","","","","SOLYX|SOLYX GOTHAM SX3148","","","","","SourceSheet=Solyx; SourceRow=151; RawDescription=6865 - SOLYX Gotham SX3148 60""","false","","","","",""
"IL-6866","Security","Madico Safetyshield 1500","60","100","100","","IN_STOCK","2023-07-31","2023-07-31","","","","SECURITY|MADICO SAFETYSHIELD 1500","","","","","SourceSheet=Security; SourceRow=109; RawDescription=6866 - Madico Safetyshield 1500 60""","false","","","","",""
"IL-6867","Security","Madico Safetyshield 1500","60","100","100","","IN_STOCK","2023-07-31","2023-07-31","","","","SECURITY|MADICO SAFETYSHIELD 1500","","","","","SourceSheet=Security; SourceRow=110; RawDescription=6867 - Madico Safetyshield 1500 60""","false","","","","",""
"IL-6868","Security","Madico Safetyshield 1500","72","50","50","","IN_STOCK","2023-07-31","2023-07-31","","","","SECURITY|MADICO SAFETYSHIELD 1500","","","","","SourceSheet=Security; SourceRow=111; RawDescription=6868 - Madico Safetyshield 1500 72""","false","","","","",""
"IL-6869","Solyx","SOLYX one way perf SX1940","60","30","30","","IN_STOCK","2023-07-31","2023-07-31","","","","SOLYX|SOLYX ONE WAY PERF SX1940","","","","","SourceSheet=Solyx; SourceRow=153; RawDescription=6869 - SOLYX one way perf SX1940 60""","false","","","","",""
"IL-6870","Security","Madico Safety Clear 4 mil","60","75","75","","IN_STOCK","2023-07-31","2023-07-31","","","","SECURITY|MADICO SAFETY CLEAR 4 MIL","","","","","SourceSheet=Security; SourceRow=112; RawDescription=6870 - Madico Safety Clear 4 mil 60""","false","","","","",""
"IL-6871","Solar Guard","SG Slate 20","60","50","50","","IN_STOCK","2023-07-31","2023-07-31","","","","SOLAR GUARD|SG SLATE 20","","","","","SourceSheet=Solar Guard; SourceRow=59; RawDescription=6871 - SG Slate 20 60""","false","","","","",""
"IL-6872","3M Solar","3M PR-70","48","100","100","","IN_STOCK","2023-07-31","2023-07-31","","","","3M SOLAR|3M PR-70","","","","","SourceSheet=3M Solar; SourceRow=88; RawDescription=6872 - 3M PR-70 48""","false","","","","",""
"IL-6873","3M Solar","3M PR-70","48","100","100","","IN_STOCK","2023-07-31","2023-07-31","","","","3M SOLAR|3M PR-70","","","","","SourceSheet=3M Solar; SourceRow=89; RawDescription=6873 - 3M PR-70 48""","false","","","","",""
"IL-6874","Security","Madico Safetyshield 800","72","25","25","2.416230112E9","IN_STOCK","2023-07-31","2023-07-31","","","","SECURITY|MADICO SAFETYSHIELD 800","","","","","SourceSheet=Security; SourceRow=106; RawDescription=6874 - Madico Safetyshield 800 72""","false","","","","",""
"IL-6875","Security","Madico Safetyshield 800","72","100","100","2.327830222E9","IN_STOCK","2023-07-31","2023-07-31","","","","SECURITY|MADICO SAFETYSHIELD 800","","","","","SourceSheet=Security; SourceRow=107; RawDescription=6875 - Madico Safetyshield 800 72""","false","","","","",""
"IL-6876","Security","Madico Safetyshield 800","60","100","100","2.413030281E9","IN_STOCK","2023-07-31","2023-07-31","","","","SECURITY|MADICO SAFETYSHIELD 800","","","","","SourceSheet=Security; SourceRow=108; RawDescription=6876 - Madico Safetyshield 800 60""","false","","","","",""
"IL-6878","Solyx","SOLYX Dark Black SXP014UV","60","20","20","","IN_STOCK","2023-07-31","2023-07-31","","","","SOLYX|SOLYX DARK BLACK SXP014UV","","","","","SourceSheet=Solyx; SourceRow=155; RawDescription=6878 - SOLYX Dark Black SXP014UV 60""","false","","","","",""
"IL-6879","Solyx","SOLYX Eco Dusted SX3131","60","30","30","","IN_STOCK","2023-07-31","2023-07-31","","","","SOLYX|SOLYX ECO DUSTED SX3131","","","","","SourceSheet=Solyx; SourceRow=156; RawDescription=6879 - SOLYX Eco Dusted SX3131 60""","false","","","","",""
"IL-6880","Security","3M Ultra S800","60","100","100","","IN_STOCK","2023-07-31","2023-07-31","","","","SECURITY|3M ULTRA S800","","","","","SourceSheet=Security; SourceRow=113; RawDescription=6880 - 3M Ultra S800 60""","false","","","","",""
"IL-6881","Solyx","SOLYX reeded glass 1"" bars SX1255","60","0","0","","ZEROED","2023-07-31","2023-07-31","","","","SOLYX|SOLYX REEDED GLASS 1"" BARS SX1255","","","","","ExceptionResolved=missing_quantity_to_zeroed; SourceSheet=Solyx; SourceRow=157; WidthSource=quoted_hint; RawDescription=6881 - SOLYX reeded glass 1"" bars SX1255 60""","false","","","2023-07-31","Missing quantity in source workbook","migration"
"IL-6884","Security","Madico CL 800 PS SR","72","100","100","2.535330011E9","IN_STOCK","2023-07-31","2023-07-31","","","","SECURITY|MADICO CL 800 PS SR","","","","","SourceSheet=Security; SourceRow=114; RawDescription=6884 - Madico CL 800 PS SR 72""","false","","","","",""
"IL-6885","Security","Madico CL 800 PS SR","72","0","0","2.535330016E9","ZEROED","2023-07-31","2023-07-31","","","","SECURITY|MADICO CL 800 PS SR","","","","","ExceptionResolved=missing_quantity_to_zeroed; SourceSheet=Security; SourceRow=115; WidthSource=quoted_hint; RawDescription=6885 - Madico CL 800 PS SR 72""","false","","","2023-07-31","Missing quantity in source workbook","migration"
"IL-6886","Llumar","Llumar Frost NRMPS2","48","25","25","456B084P01","IN_STOCK","2025-07-31","2025-07-31","","","","LLUMAR|LLUMAR FROST NRMPS2","","","","","SourceSheet=Llumar; SourceRow=73; RawDescription=6886 - Llumar Frost NRMPS2 48""","false","","","","",""
"IL-6887","Llumar","Llumar Frost NRMPS2","72","25","25","456B079P04","IN_STOCK","2025-07-31","2025-07-31","","","","LLUMAR|LLUMAR FROST NRMPS2","","","","","SourceSheet=Llumar; SourceRow=74; RawDescription=6887 - Llumar Frost NRMPS2 72""","false","","","","",""
"IL-6903","Solyx","SAFETY SANDBLAST SXR-8785","60","13","13","","IN_STOCK","2023-07-31","2023-07-31","","","","SOLYX|SAFETY SANDBLAST SXR-8785","","","","","SourceSheet=Solyx; SourceRow=158; RawDescription=6903 - SAFETY SANDBLAST SXR-8785 60""","false","","","","",""
"IL-8108","Security","Madico SS 800","72","28","28","NA","IN_STOCK","2023-07-31","2023-07-31","","","","SECURITY|MADICO SS 800","","","","","SourceSheet=Security; SourceRow=20; RawDescription=8108 - Madico SS 800 72""","false","","","","",""
"IL-8111","Security","LLUMAR SCL PS 8 MIL","36","48","48","NA","IN_STOCK","2023-07-31","2023-07-31","","","","SECURITY|LLUMAR SCL PS 8 MIL","","","","","SourceSheet=Security; SourceRow=21; RawDescription=8111 - LLUMAR SCL PS 8 MIL 36""","false","","","","",""
"IL-8128","Fasara","ALTAIR SH2FGAT","60","14","14","NA","IN_STOCK","2023-02-13","2023-02-13","","","","FASARA|ALTAIR SH2FGAT","","","","","ExceptionResolved=missing_width; SourceSheet=Fasara; SourceRow=22; WidthResolution=auto_default_60_user_approved; RawDescription=8128- ALTAIR  SH2FGAT","false","","","","",""
"IL-8130","Security","SolarGard 8MIL SS 35","36","55","55","","IN_STOCK","2023-07-31","2023-07-31","","","","SECURITY|SOLARGARD 8MIL SS 35","","","","","CollisionResolved=keep_duplicate; SourceSheet=Security; SourceRow=17; RawDescription=8130 - SolarGard  8MIL SS 35 36""","false","","","","",""
"M131","Fasara","SH2EMES","50","5","5","","IN_STOCK","2023-02-13","2023-02-13","","","","FASARA|SH2EMES","","","","","SourceSheet=Fasara; SourceRow=30; RawDescription=M131 - SH2EMES  50""","false","","","","",""
"M262","Security","3M AG 4","72","22","22","7.00130388E8","IN_STOCK","2023-07-31","2023-07-31","","","","SECURITY|3M AG 4","","","","","SourceSheet=Security; SourceRow=26; RawDescription=M262 - 3M AG 4 72""","false","","","","",""
"M411","Security","Avery Safety Matte 12 mil","60","51","51","R32311C","IN_STOCK","2023-07-31","2023-07-31","","","","SECURITY|AVERY SAFETY MATTE 12 MIL","","","","","SourceSheet=Security; SourceRow=27; RawDescription=M411 - Avery Safety Matte 12 mil  60""","false","","","","",""
"IL-1383","Solyx","T2 Clear Fine Brush SXL","60","0","0","","ZEROED","2026-01-14","2026-01-14","","","","SOLYX|T2 CLEAR FINE BRUSH SXL","","","","","SourceSheet=Zeroed Out Inventory; SourceRow=2; DateMethod=back_fill_from_next; ManufacturerSource=keyword_solyx; RawDescription=1383 - T2 Clear Fine Brush SXL","false","","","2026-01-14","Imported from Zeroed Out Inventory tab","migration"
"IL-2203","Fasara","3M Straight Washi SH2FGSW","60","0","0","","ZEROED","2026-01-14","2026-01-14","","","","FASARA|3M STRAIGHT WASHI SH2FGSW","","","","","SourceSheet=Zeroed Out Inventory; SourceRow=5; DateMethod=back_fill_from_next; ManufacturerSource=keyword_fasara; RawDescription=2203 - 3M Straight Washi SH2FGSW","false","","","2026-01-14","Imported from Zeroed Out Inventory tab","migration"
"IL-2819","Fasara","3M Dusted Crystal","60","0","0","G2006302","ZEROED","2026-01-14","2026-01-14","","","","FASARA|3M DUSTED CRYSTAL","","","","","SourceSheet=Zeroed Out Inventory; SourceRow=6; DateMethod=back_fill_from_next; ManufacturerSource=lookup_film; RawDescription=2819- 3M Dusted Crystal 60""","false","","","2026-01-14","Imported from Zeroed Out Inventory tab","migration"
"IL-2880","Solyx","SOL- SXWF-WO WHITEOUT","72","0","0","","ZEROED","2026-01-14","2026-01-14","","","","SOLYX|SOL- SXWF-WO WHITEOUT","","","","","SourceSheet=Zeroed Out Inventory; SourceRow=7; DateMethod=back_fill_from_next; ManufacturerSource=keyword_solyx; RawDescription=2880 - SOL- SXWF-WO WHITEOUT 72""","false","","","2026-01-14","Imported from Zeroed Out Inventory tab","migration"
"IL-2960","Solar Guard","SG Slate 40","48","0","0","5.40405503E9","ZEROED","2026-01-14","2026-01-14","","","","SOLAR GUARD|SG SLATE 40","","","","","SourceSheet=Zeroed Out Inventory; SourceRow=8; DateMethod=back_fill_from_next; ManufacturerSource=lookup_film_width; RawDescription=2960 - SG Slate 40 48""","false","","","2026-01-14","Imported from Zeroed Out Inventory tab","migration"
"IL-2967","Security","SOL Ultrasafe WM560 Frost 5MIL","60","0","0","","ZEROED","2026-01-14","2026-01-14","","","","SECURITY|SOL ULTRASAFE WM560 FROST 5MIL","","","","","SourceSheet=Zeroed Out Inventory; SourceRow=9; DateMethod=back_fill_from_next; ManufacturerSource=default_vinyl; RawDescription=2967 -SOL Ultrasafe WM560 Frost 5MIL; ManufacturerManualReview=move; ManufacturerBefore=Vinyl; ManufacturerAfter=Security; DecisionAtUtc=2026-03-14T22:40:26Z","false","","","2026-01-14","Imported from Zeroed Out Inventory tab","migration"
"IL-3020","3M Solar","PR 40 Ext","60","0","0","A273323771","ZEROED","2026-01-14","2026-01-14","","","","3M SOLAR|PR 40 EXT","","","","","SourceSheet=Zeroed Out Inventory; SourceRow=11; DateMethod=back_fill_from_next; ManufacturerSource=default_vinyl; RawDescription=3020 -PR 40 Ext 60""; ManufacturerReview=auto_high_confidence; ManufacturerBefore=Vinyl; ManufacturerAfter=3M Solar","false","","","2026-01-14","Imported from Zeroed Out Inventory tab","migration"
"IL-3057","3M Solar","PR 20","36","0","0","B088323921","ZEROED","2026-01-14","2026-01-14","","","","3M SOLAR|PR 20","","","","","SourceSheet=Zeroed Out Inventory; SourceRow=12; DateMethod=back_fill_from_next; ManufacturerSource=default_vinyl; RawDescription=3057 - PR 20 36""; ManufacturerReview=auto_high_confidence; ManufacturerBefore=Vinyl; ManufacturerAfter=3M Solar","false","","","2026-01-14","Imported from Zeroed Out Inventory tab","migration"
"IL-3065","3M Solar","PR 70","72","0","0","B084323918","ZEROED","2026-01-14","2026-01-14","","","","3M SOLAR|PR 70","","","","","SourceSheet=Zeroed Out Inventory; SourceRow=13; DateMethod=back_fill_from_next; ManufacturerSource=default_vinyl; RawDescription=3065- PR 70  72""; ManufacturerReview=auto_high_confidence; ManufacturerBefore=Vinyl; ManufacturerAfter=3M Solar","false","","","2026-01-14","Imported from Zeroed Out Inventory tab","migration"
"IL-3076","3M Solar","3M NV 25","36","0","0","B014323851","ZEROED","2026-01-14","2026-01-14","","","","3M SOLAR|3M NV 25","","","","","SourceSheet=Zeroed Out Inventory; SourceRow=14; DateMethod=back_fill_from_next; ManufacturerSource=lookup_film_width; RawDescription=3076 - 3M NV 25 36""","false","","","2026-01-14","Imported from Zeroed Out Inventory tab","migration"
"IL-3079","3M Solar","3M NV 35","48","0","0","B099323937","ZEROED","2026-01-14","2026-01-14","","","","3M SOLAR|3M NV 35","","","","","SourceSheet=Zeroed Out Inventory; SourceRow=15; DateMethod=back_fill_from_next; ManufacturerSource=lookup_film; RawDescription=3079 - 3M NV 35 48""","false","","","2026-01-14","Imported from Zeroed Out Inventory tab","migration"
"IL-3084","Solar Guard","SG SLATE 30","60","0","0","","ZEROED","2026-01-14","2026-01-14","","","","SOLAR GUARD|SG SLATE 30","","","","","SourceSheet=Zeroed Out Inventory; SourceRow=16; DateMethod=back_fill_from_next; ManufacturerSource=lookup_film_width; RawDescription=3084 - SG SLATE 30 60""","false","","","2026-01-14","Imported from Zeroed Out Inventory tab","migration"
"IL-3086","3M Solar","3M Ultra800","60","0","0","B131323955","ZEROED","2026-01-14","2026-01-14","","","","3M SOLAR|3M ULTRA800","","","","","SourceSheet=Zeroed Out Inventory; SourceRow=17; DateMethod=back_fill_from_next; ManufacturerSource=keyword_3m_default; RawDescription=3086-3M Ultra800 60""","false","","","2026-01-14","Imported from Zeroed Out Inventory tab","migration"
"IL-3097","3M Solar","3M PR 70","36","0","0","","ZEROED","2026-01-14","2026-01-14","","","","3M SOLAR|3M PR 70","","","","","SourceSheet=Zeroed Out Inventory; SourceRow=19; DateMethod=back_fill_from_next; ManufacturerSource=lookup_film_width; RawDescription=3097- 3M PR 70 36""","false","","","2026-01-14","Imported from Zeroed Out Inventory tab","migration"
"IL-3099","3M Solar","3M NV 35","36","0","0","B017323853","ZEROED","2026-01-14","2026-01-14","","","","3M SOLAR|3M NV 35","","","","","SourceSheet=Zeroed Out Inventory; SourceRow=20; DateMethod=back_fill_from_next; ManufacturerSource=lookup_film; RawDescription=3099 - 3M NV 35 36""","false","","","2026-01-14","Imported from Zeroed Out Inventory tab","migration"
"IL-3109","Security","3M Anti Graffiti-6","60","0","0","2100919.0","ZEROED","2026-01-14","2026-01-14","","","","SECURITY|3M ANTI GRAFFITI-6","","","","","SourceSheet=Zeroed Out Inventory; SourceRow=21; DateMethod=back_fill_from_next; ManufacturerSource=keyword_security; RawDescription=3109 - 3M Anti Graffiti-6 60""","false","","","2026-01-14","Imported from Zeroed Out Inventory tab","migration"
"IL-3114","3M Solar","3M NV 25","48","0","0","B098323936","ZEROED","2026-01-14","2026-01-14","","","","3M SOLAR|3M NV 25","","","","","SourceSheet=Zeroed Out Inventory; SourceRow=22; DateMethod=back_fill_from_next; ManufacturerSource=lookup_film; RawDescription=3114 - 3M NV 25 48""","false","","","2026-01-14","Imported from Zeroed Out Inventory tab","migration"
"IL-3119","3M Solar","3M NV 35","72","0","0","B093323927","ZEROED","2026-01-14","2026-01-14","","","","3M SOLAR|3M NV 35","","","","","SourceSheet=Zeroed Out Inventory; SourceRow=23; DateMethod=back_fill_from_next; ManufacturerSource=lookup_film; RawDescription=3119 - 3M NV 35 72""","false","","","2026-01-14","Imported from Zeroed Out Inventory tab","migration"
"IL-3122","Llumar","LLUMAR FROST NRM PS2","60","0","0","491A082","ZEROED","2026-01-14","2026-01-14","","","","LLUMAR|LLUMAR FROST NRM PS2","","","","","SourceSheet=Zeroed Out Inventory; SourceRow=24; DateMethod=back_fill_from_next; ManufacturerSource=lookup_film_width; RawDescription=3122- LLUMAR FROST NRM PS2 60""","false","","","2026-01-14","Imported from Zeroed Out Inventory tab","migration"
"IL-3141","3M Solar","3M NV 15","60","0","0","B094323932","ZEROED","2026-01-14","2026-01-14","","","","3M SOLAR|3M NV 15","","","","","SourceSheet=Zeroed Out Inventory; SourceRow=25; DateMethod=back_fill_from_next; ManufacturerSource=lookup_film_width; RawDescription=3141 - 3M NV 15 60""","false","","","2026-01-14","Imported from Zeroed Out Inventory tab","migration"
"IL-3143","3M Solar","PR 70","60","0","0","B113323943","ZEROED","2026-01-14","2026-01-14","","","","3M SOLAR|PR 70","","","","","SourceSheet=Zeroed Out Inventory; SourceRow=26; DateMethod=back_fill_from_next; ManufacturerSource=default_vinyl; RawDescription=3143 - PR 70 60""; ManufacturerReview=auto_high_confidence; ManufacturerBefore=Vinyl; ManufacturerAfter=3M Solar","false","","","2026-01-14","Imported from Zeroed Out Inventory tab","migration"
"IL-3144","3M Solar","3M NV 35","60","0","0","B099323937","ZEROED","2026-01-14","2026-01-14","","","","3M SOLAR|3M NV 35","","","","","SourceSheet=Zeroed Out Inventory; SourceRow=27; DateMethod=back_fill_from_next; ManufacturerSource=lookup_film_width; RawDescription=3144 - 3M NV 35 60""","false","","","2026-01-14","Imported from Zeroed Out Inventory tab","migration"
"IL-3146","3M Solar","PR 70","60","0","0","B113323943","ZEROED","2026-01-14","2026-01-14","","","","3M SOLAR|PR 70","","","","","SourceSheet=Zeroed Out Inventory; SourceRow=29; DateMethod=back_fill_from_next; ManufacturerSource=default_vinyl; RawDescription=3146 - PR 70 60""; ManufacturerReview=auto_high_confidence; ManufacturerBefore=Vinyl; ManufacturerAfter=3M Solar","false","","","2026-01-14","Imported from Zeroed Out Inventory tab","migration"
"IL-3154","Solar Guard","Panaroma Slate 40","48","0","0","5.409600044E9","ZEROED","2026-01-14","2026-01-14","","","","SOLAR GUARD|PANAROMA SLATE 40","","","","","SourceSheet=Zeroed Out Inventory; SourceRow=30; DateMethod=back_fill_from_next; ManufacturerSource=keyword_solar_guard; RawDescription=3154 - Panaroma Slate 40 48""","false","","","2026-01-14","Imported from Zeroed Out Inventory tab","migration"
"IL-3190","Llumar","Vista Neutral 45","36","0","0","749A049P07","ZEROED","2026-01-14","2026-01-14","","","","LLUMAR|VISTA NEUTRAL 45","","","","","SourceSheet=Zeroed Out Inventory; SourceRow=31; DateMethod=back_fill_from_next; ManufacturerSource=keyword_llumar; RawDescription=3190-Vista Neutral 45 36""","false","","","2026-01-14","Imported from Zeroed Out Inventory tab","migration"
"IL-3200","3M Solar","3M Affinity 30","72","0","0","6.2017135E7","ZEROED","2026-01-14","2026-01-14","","","","3M SOLAR|3M AFFINITY 30","","","","","SourceSheet=Zeroed Out Inventory; SourceRow=33; DateMethod=back_fill_from_next; ManufacturerSource=lookup_film; RawDescription=3200 - 3M Affinity 30 72""","false","","","2026-01-14","Imported from Zeroed Out Inventory tab","migration"
"IL-3210","Llumar","LLUMAR FROST","60","0","0","491F084","ZEROED","2026-01-14","2026-01-14","","","","LLUMAR|LLUMAR FROST","","","","","SourceSheet=Zeroed Out Inventory; SourceRow=34; DateMethod=back_fill_from_next; ManufacturerSource=keyword_llumar; RawDescription=3210 - LLUMAR FROST 60""","false","","","2026-01-14","Imported from Zeroed Out Inventory tab","migration"
"IL-3237","Vinyl","Oracal Matte Black 751","48","0","0","","ZEROED","2026-01-14","2026-01-14","","","","VINYL|ORACAL MATTE BLACK 751","","","","","SourceSheet=Zeroed Out Inventory; SourceRow=35; DateMethod=back_fill_from_next; ManufacturerSource=keyword_vinyl; RawDescription=3237 - Oracal Matte Black 751 48""","false","","","2026-01-14","Imported from Zeroed Out Inventory tab","migration"
"IL-3239","3M Solar","PR 70 Ext","72","0","0","B141323963","ZEROED","2026-01-14","2026-01-14","","","","3M SOLAR|PR 70 EXT","","","","","SourceSheet=Zeroed Out Inventory; SourceRow=36; DateMethod=back_fill_from_next; ManufacturerSource=default_vinyl; RawDescription=3239 - PR 70 Ext 72""; ManufacturerReview=auto_high_confidence; ManufacturerBefore=Vinyl; ManufacturerAfter=3M Solar","false","","","2026-01-14","Imported from Zeroed Out Inventory tab","migration"
"IL-3267","3M Solar","PR 70 EXT","60","0","0","B177323994","ZEROED","2026-01-14","2026-01-14","","","","3M SOLAR|PR 70 EXT","","","","","SourceSheet=Zeroed Out Inventory; SourceRow=38; DateMethod=back_fill_from_next; ManufacturerSource=default_vinyl; RawDescription=3267 - PR 70 EXT 60""; ManufacturerReview=auto_high_confidence; ManufacturerBefore=Vinyl; ManufacturerAfter=3M Solar","false","","","2026-01-14","Imported from Zeroed Out Inventory tab","migration"
"IL-3284","3M Solar","3M NV 35","36","0","0","B081323855","ZEROED","2026-01-14","2026-01-14","","","","3M SOLAR|3M NV 35","","","","","SourceSheet=Zeroed Out Inventory; SourceRow=40; DateMethod=back_fill_from_next; ManufacturerSource=lookup_film; RawDescription=3284 - 3M NV 35 36""","false","","","2026-01-14","Imported from Zeroed Out Inventory tab","migration"
"IL-3285","3M Solar","3M NV 35","60","0","0","B100323938","ZEROED","2026-01-14","2026-01-14","","","","3M SOLAR|3M NV 35","","","","","SourceSheet=Zeroed Out Inventory; SourceRow=41; DateMethod=back_fill_from_next; ManufacturerSource=lookup_film_width; RawDescription=3285 - 3M NV 35 60""","false","","","2026-01-14","Imported from Zeroed Out Inventory tab","migration"
"IL-3300","Security","3M 7 MIL Ext","72","0","0","B203324022","ZEROED","2026-01-14","2026-01-14","","","","SECURITY|3M 7 MIL EXT","","","","","SourceSheet=Zeroed Out Inventory; SourceRow=42; DateMethod=back_fill_from_next; ManufacturerSource=keyword_security; RawDescription=3300 - 3M 7 MIL Ext 72""","false","","","2026-01-14","Imported from Zeroed Out Inventory tab","migration"
"IL-3303","3M Solar","3M Frosted Crystal 7725SE-324","60","0","0","H17232","ZEROED","2026-01-14","2026-01-14","","","","3M SOLAR|3M FROSTED CRYSTAL 7725SE-324","","","","","SourceSheet=Zeroed Out Inventory; SourceRow=43; DateMethod=back_fill_from_next; ManufacturerSource=keyword_3m_default; RawDescription=3303 - 3M Frosted Crystal 7725SE-324 60""","false","","","2026-01-14","Imported from Zeroed Out Inventory tab","migration"
"IL-3310","Llumar","LLUMAR FROST NRMPS2","36","0","0","4811014P16","ZEROED","2026-01-14","2026-01-14","","","","LLUMAR|LLUMAR FROST NRMPS2","","","","","SourceSheet=Zeroed Out Inventory; SourceRow=44; DateMethod=back_fill_from_next; ManufacturerSource=lookup_film; RawDescription=3310- LLUMAR FROST NRMPS2 36""","false","","","2026-01-14","Imported from Zeroed Out Inventory tab","migration"
"IL-3321","Llumar","LLUMAR FROST NRM PS2","60","0","0","441J023","ZEROED","2026-01-14","2026-01-14","","","","LLUMAR|LLUMAR FROST NRM PS2","","","","","SourceSheet=Zeroed Out Inventory; SourceRow=45; DateMethod=back_fill_from_next; ManufacturerSource=lookup_film_width; RawDescription=3321- LLUMAR FROST NRM PS2 60""","false","","","2026-01-14","Imported from Zeroed Out Inventory tab","migration"
"IL-3329","Solyx","SOL SX-SC544 Rain Glass","48","0","0","","ZEROED","2026-01-14","2026-01-14","","","","SOLYX|SOL SX-SC544 RAIN GLASS","","","","","SourceSheet=Zeroed Out Inventory; SourceRow=46; DateMethod=back_fill_from_next; ManufacturerSource=keyword_solyx; RawDescription=3329 - SOL SX-SC544 Rain Glass 48""","false","","","2026-01-14","Imported from Zeroed Out Inventory tab","migration"
"IL-3335","3M Solar","PR 70","72","0","0","B225324055","ZEROED","2026-01-14","2026-01-14","","","","3M SOLAR|PR 70","","","","","SourceSheet=Zeroed Out Inventory; SourceRow=47; DateMethod=back_fill_from_next; ManufacturerSource=default_vinyl; RawDescription=3335- PR 70 72""; ManufacturerReview=auto_high_confidence; ManufacturerBefore=Vinyl; ManufacturerAfter=3M Solar","false","","","2026-01-14","Imported from Zeroed Out Inventory tab","migration"
"IL-3352","3M Solar","3M NV 15","72","0","0","B261324096","ZEROED","2026-01-14","2026-01-14","","","","3M SOLAR|3M NV 15","","","","","SourceSheet=Zeroed Out Inventory; SourceRow=48; DateMethod=back_fill_from_next; ManufacturerSource=lookup_film_width; RawDescription=3352 - 3M NV 15 72""","false","","","2026-01-14","Imported from Zeroed Out Inventory tab","migration"
"IL-3353","3M Solar","3M NV 15","48","0","0","B261324096","ZEROED","2026-01-14","2026-01-14","","","","3M SOLAR|3M NV 15","","","","","SourceSheet=Zeroed Out Inventory; SourceRow=49; DateMethod=back_fill_from_next; ManufacturerSource=lookup_film; RawDescription=3353 - 3M NV 15 48""","false","","","2026-01-14","Imported from Zeroed Out Inventory tab","migration"
"IL-3365","Solyx","SOL TRANSPARENT WHITE MATTE SXWF-TWM","48","0","0","","ZEROED","2026-01-14","2026-01-14","","","","SOLYX|SOL TRANSPARENT WHITE MATTE SXWF-TWM","","","","","SourceSheet=Zeroed Out Inventory; SourceRow=50; DateMethod=back_fill_from_next; ManufacturerSource=keyword_solyx; RawDescription=3365 - SOL TRANSPARENT WHITE MATTE SXWF-TWM 48""","false","","","2026-01-14","Imported from Zeroed Out Inventory tab","migration"
"IL-3390","Llumar","LLUMAR FROST NRM PS2","48","0","0","5.0148732E7","ZEROED","2026-01-14","2026-01-14","","","","LLUMAR|LLUMAR FROST NRM PS2","","","","","SourceSheet=Zeroed Out Inventory; SourceRow=51; DateMethod=back_fill_from_next; ManufacturerSource=lookup_film_width; RawDescription=3390- LLUMAR FROST NRM PS2 48""","false","","","2026-01-14","Imported from Zeroed Out Inventory tab","migration"
"IL-3391","Llumar","LLUMAR FROST NRM PS2","48","0","0","5.0148732E7","ZEROED","2026-01-14","2026-01-14","","","","LLUMAR|LLUMAR FROST NRM PS2","","","","","SourceSheet=Zeroed Out Inventory; SourceRow=52; DateMethod=back_fill_from_next; ManufacturerSource=lookup_film_width; RawDescription=3391- LLUMAR FROST NRM PS2 48""","false","","","2026-01-14","Imported from Zeroed Out Inventory tab","migration"
"IL-3392","Llumar","LLUMAR FROST NRM PS2","48","0","0","5.0148732E7","ZEROED","2026-01-14","2026-01-14","","","","LLUMAR|LLUMAR FROST NRM PS2","","","","","SourceSheet=Zeroed Out Inventory; SourceRow=53; DateMethod=back_fill_from_next; ManufacturerSource=lookup_film_width; RawDescription=3392- LLUMAR FROST NRM PS2 48""","false","","","2026-01-14","Imported from Zeroed Out Inventory tab","migration"
"IL-3393","Llumar","LLUMAR FROST NRM PS2","48","0","0","5.0148732E7","ZEROED","2026-01-14","2026-01-14","","","","LLUMAR|LLUMAR FROST NRM PS2","","","","","SourceSheet=Zeroed Out Inventory; SourceRow=54; DateMethod=back_fill_from_next; ManufacturerSource=lookup_film_width; RawDescription=3393- LLUMAR FROST NRM PS2 48""","false","","","2026-01-14","Imported from Zeroed Out Inventory tab","migration"
"IL-3394","Llumar","LLUMAR FROST","60","0","0","5.0148732E7","ZEROED","2026-01-14","2026-01-14","","","","LLUMAR|LLUMAR FROST","","","","","SourceSheet=Zeroed Out Inventory; SourceRow=55; DateMethod=back_fill_from_next; ManufacturerSource=keyword_llumar; RawDescription=3394 - LLUMAR FROST 60""","false","","","2026-01-14","Imported from Zeroed Out Inventory tab","migration"
"IL-3406","3M Solar","PR 20 Ext","60","0","0","","ZEROED","2026-01-14","2026-01-14","","","","3M SOLAR|PR 20 EXT","","","","","SourceSheet=Zeroed Out Inventory; SourceRow=56; DateMethod=back_fill_from_next; ManufacturerSource=default_vinyl; RawDescription=3406 - PR 20 Ext 60""; ManufacturerReview=auto_high_confidence; ManufacturerBefore=Vinyl; ManufacturerAfter=3M Solar","false","","","2026-01-14","Imported from Zeroed Out Inventory tab","migration"
"IL-3415","Solyx","SOLYX SGD-6003 CROSHANA","58","0","0","","ZEROED","2026-01-14","2026-01-14","","","","SOLYX|SOLYX SGD-6003 CROSHANA","","","","","SourceSheet=Zeroed Out Inventory; SourceRow=57; DateMethod=back_fill_from_next; ManufacturerSource=keyword_solyx; RawDescription=3415 - SOLYX SGD-6003 CROSHANA 58""","false","","","2026-01-14","Imported from Zeroed Out Inventory tab","migration"
"IL-3418","Solyx","SOLYX SX-SC555 Titanium Sand 35.5""","60","0","0","","ZEROED","2026-01-14","2026-01-14","","","","SOLYX|SOLYX SX-SC555 TITANIUM SAND 35.5""","","","","","SourceSheet=Zeroed Out Inventory; SourceRow=58; DateMethod=back_fill_from_next; ManufacturerSource=keyword_solyx; RawDescription=3418 - SOLYX SX-SC555 Titanium Sand 35.5""","false","","","2026-01-14","Imported from Zeroed Out Inventory tab","migration"
"IL-3419","Fasara","SAN MARINO SH2MAMM","50","0","0","JR-45103793-1","ZEROED","2026-01-14","2026-01-14","","","","FASARA|SAN MARINO SH2MAMM","","","","","SourceSheet=Zeroed Out Inventory; SourceRow=59; DateMethod=back_fill_from_next; ManufacturerSource=keyword_fasara; RawDescription=3419- SAN MARINO  SH2MAMM 50""","false","","","2026-01-14","Imported from Zeroed Out Inventory tab","migration"
"IL-3422","3M Solar","PR 70","48","0","0","","ZEROED","2026-01-14","2026-01-14","","","","3M SOLAR|PR 70","","","","","SourceSheet=Zeroed Out Inventory; SourceRow=60; DateMethod=back_fill_from_next; ManufacturerSource=default_vinyl; RawDescription=3422 - PR 70 48""; ManufacturerReview=auto_high_confidence; ManufacturerBefore=Vinyl; ManufacturerAfter=3M Solar","false","","","2026-01-14","Imported from Zeroed Out Inventory tab","migration"
"IL-3424","Llumar","LLUMAR FROST","72","0","0","412B038","ZEROED","2026-01-14","2026-01-14","","","","LLUMAR|LLUMAR FROST","","","","","SourceSheet=Zeroed Out Inventory; SourceRow=61; DateMethod=back_fill_from_next; ManufacturerSource=keyword_llumar; RawDescription=3424 - LLUMAR FROST 72""","false","","","2026-01-14","Imported from Zeroed Out Inventory tab","migration"
"IL-3428","3M Solar","PR 50","36","0","0","B324324172","ZEROED","2026-01-14","2026-01-14","","","","3M SOLAR|PR 50","","","","","SourceSheet=Zeroed Out Inventory; SourceRow=62; DateMethod=back_fill_from_next; ManufacturerSource=default_vinyl; RawDescription=3428 - PR 50 36""; ManufacturerReview=auto_high_confidence; ManufacturerBefore=Vinyl; ManufacturerAfter=3M Solar","false","","","2026-01-14","Imported from Zeroed Out Inventory tab","migration"
"IL-3441","3M Solar","PR 70","72","0","0","C011332424","ZEROED","2026-01-14","2026-01-14","","","","3M SOLAR|PR 70","","","","","SourceSheet=Zeroed Out Inventory; SourceRow=63; DateMethod=back_fill_from_next; ManufacturerSource=default_vinyl; RawDescription=3441 - PR 70 72""; ManufacturerReview=auto_high_confidence; ManufacturerBefore=Vinyl; ManufacturerAfter=3M Solar","false","","","2026-01-14","Imported from Zeroed Out Inventory tab","migration"
"IL-3447","3M Solar","PR 50","36","0","0","B324324172","ZEROED","2026-01-14","2026-01-14","","","","3M SOLAR|PR 50","","","","","SourceSheet=Zeroed Out Inventory; SourceRow=65; DateMethod=back_fill_from_next; ManufacturerSource=default_vinyl; RawDescription=3447 - PR 50 36""; ManufacturerReview=auto_high_confidence; ManufacturerBefore=Vinyl; ManufacturerAfter=3M Solar","false","","","2026-01-14","Imported from Zeroed Out Inventory tab","migration"
"IL-3450","Security","UltraS800","72","0","0","B208324029","ZEROED","2026-01-14","2026-01-14","","","","SECURITY|ULTRAS800","","","","","SourceSheet=Zeroed Out Inventory; SourceRow=67; DateMethod=back_fill_from_next; ManufacturerSource=keyword_security; RawDescription=3450 - UltraS800 72""","false","","","2026-01-14","Imported from Zeroed Out Inventory tab","migration"
"IL-3458","ASWFVKOOL","ASWF REMOVABLKE WHITE FROST","60","0","0","","ZEROED","2026-01-14","2026-01-14","","","","ASWFVKOOL|ASWF REMOVABLKE WHITE FROST","","","","","SourceSheet=Zeroed Out Inventory; SourceRow=68; DateMethod=back_fill_from_next; ManufacturerSource=keyword_aswfvkool; RawDescription=3458- ASWF REMOVABLKE WHITE FROST 60""","false","","","2026-01-14","Imported from Zeroed Out Inventory tab","migration"
"IL-3463","3M Solar","3M PR 70","72","0","0","C011324204","ZEROED","2026-01-14","2026-01-14","","","","3M SOLAR|3M PR 70","","","","","SourceSheet=Zeroed Out Inventory; SourceRow=70; DateMethod=back_fill_from_next; ManufacturerSource=lookup_film_width; RawDescription=3463- 3M PR 70 72""","false","","","2026-01-14","Imported from Zeroed Out Inventory tab","migration"
"IL-3470","Solyx","SXWF-WMAX WHITE MATTE MAX 60"" 1 of 2","60","0","0","","ZEROED","2026-01-14","2026-01-14","","","","SOLYX|SXWF-WMAX WHITE MATTE MAX 60"" 1 OF 2","","","","","SourceSheet=Zeroed Out Inventory; SourceRow=71; DateMethod=back_fill_from_next; ManufacturerSource=keyword_solyx; RawDescription=3470 - SXWF-WMAX WHITE MATTE MAX 60"" 1 of 2","false","","","2026-01-14","Imported from Zeroed Out Inventory tab","migration"
"IL-3471","Solyx","SXWF-WMAX WHITE MATTE MAX","60","0","0","","ZEROED","2026-01-14","2026-01-14","","","","SOLYX|SXWF-WMAX WHITE MATTE MAX","","","","","SourceSheet=Zeroed Out Inventory; SourceRow=72; DateMethod=back_fill_from_next; ManufacturerSource=keyword_solyx; RawDescription=3471 - SXWF-WMAX WHITE MATTE MAX 60""","false","","","2026-01-14","Imported from Zeroed Out Inventory tab","migration"
"IL-3473","Solyx","SXWF-WMAX WHITE MATTE MAX","60","0","0","","ZEROED","2026-01-14","2026-01-14","","","","SOLYX|SXWF-WMAX WHITE MATTE MAX","","","","","SourceSheet=Zeroed Out Inventory; SourceRow=73; DateMethod=back_fill_from_next; ManufacturerSource=keyword_solyx; RawDescription=3473 - SXWF-WMAX WHITE MATTE MAX 60""","false","","","2026-01-14","Imported from Zeroed Out Inventory tab","migration"
"IL-3475","Solyx","SOLYX SXWF-WM WHITE MATTE","48","0","0","","ZEROED","2026-01-14","2026-01-14","","","","SOLYX|SOLYX SXWF-WM WHITE MATTE","","","","","SourceSheet=Zeroed Out Inventory; SourceRow=74; DateMethod=back_fill_from_next; ManufacturerSource=keyword_solyx; RawDescription=3475 - SOLYX SXWF-WM WHITE MATTE 48""","false","","","2026-01-14","Imported from Zeroed Out Inventory tab","migration"
"IL-3480","3M Solar","3M PR 70","48","0","0","402392031A","ZEROED","2026-01-14","2026-01-14","","","","3M SOLAR|3M PR 70","","","","","SourceSheet=Zeroed Out Inventory; SourceRow=75; DateMethod=back_fill_from_next; ManufacturerSource=lookup_film_width; RawDescription=3480- 3M PR 70 48""","false","","","2026-01-14","Imported from Zeroed Out Inventory tab","migration"
"IL-3483","Fasara","MILANO SH2MAML","60","0","0","NO17C034","ZEROED","2026-01-14","2026-01-14","","","","FASARA|MILANO SH2MAML","","","","","SourceSheet=Zeroed Out Inventory; SourceRow=76; DateMethod=back_fill_from_next; ManufacturerSource=keyword_fasara; RawDescription=3483-  MILANO SH2MAML  60""","false","","","2026-01-14","Imported from Zeroed Out Inventory tab","migration"
"IL-3485","Avery Dennison","AV Vela","36","0","0","","ZEROED","2026-01-14","2026-01-14","","","","AVERY DENNISON|AV VELA","","","","","SourceSheet=Zeroed Out Inventory; SourceRow=77; DateMethod=back_fill_from_next; ManufacturerSource=keyword_avery; RawDescription=3485 - AV Vela 36""","false","","","2026-01-14","Imported from Zeroed Out Inventory tab","migration"
"IL-3487","3M Solar","3M Prestige 70","60","0","0","323305010A","ZEROED","2026-01-14","2026-01-14","","","","3M SOLAR|3M PRESTIGE 70","","","","","SourceSheet=Zeroed Out Inventory; SourceRow=78; DateMethod=back_fill_from_next; ManufacturerSource=keyword_3m_solar; RawDescription=3487 - 3M Prestige 70 60""","false","","","2026-01-14","Imported from Zeroed Out Inventory tab","migration"
"IL-3489","Security","3M S800","60","0","0","C083324264","ZEROED","2026-01-14","2026-01-14","","","","SECURITY|3M S800","","","","","SourceSheet=Zeroed Out Inventory; SourceRow=79; DateMethod=back_fill_from_next; ManufacturerSource=keyword_security; RawDescription=3489- 3M S800 60""","false","","","2026-01-14","Imported from Zeroed Out Inventory tab","migration"
"IL-3490","Security","3M S800","72","0","0","B265324099","ZEROED","2026-01-14","2026-01-14","","","","SECURITY|3M S800","","","","","SourceSheet=Zeroed Out Inventory; SourceRow=80; DateMethod=back_fill_from_next; ManufacturerSource=keyword_security; RawDescription=3490- 3M S800 72""","false","","","2026-01-14","Imported from Zeroed Out Inventory tab","migration"
"IL-3491","3M Solar","3m 14Mil","60","0","0","","ZEROED","2026-01-14","2026-01-14","","","","3M SOLAR|3M 14MIL","","","","","SourceSheet=Zeroed Out Inventory; SourceRow=81; DateMethod=back_fill_from_next; ManufacturerSource=keyword_3m_default; RawDescription=3491- 3m 14Mil 60","false","","","2026-01-14","Imported from Zeroed Out Inventory tab","migration"
"IL-3496","3M Solar","3M PR20 EXT","60","0","0","B308324163","ZEROED","2026-01-14","2026-01-14","","","","3M SOLAR|3M PR20 EXT","","","","","SourceSheet=Zeroed Out Inventory; SourceRow=82; DateMethod=back_fill_from_next; ManufacturerSource=keyword_3m_default; RawDescription=3496- 3M PR20 EXT 60""","false","","","2026-01-14","Imported from Zeroed Out Inventory tab","migration"
"IL-3497","3M Solar","3M PR20 EXT","60","0","0","B308324163","ZEROED","2026-01-14","2026-01-14","","","","3M SOLAR|3M PR20 EXT","","","","","SourceSheet=Zeroed Out Inventory; SourceRow=83; DateMethod=back_fill_from_next; ManufacturerSource=keyword_3m_default; RawDescription=3497- 3M PR20 EXT 60""","false","","","2026-01-14","Imported from Zeroed Out Inventory tab","migration"
"IL-3515","Llumar","Llumar Frost NRM PS2","48","0","0","472D079","ZEROED","2026-01-14","2026-01-14","","","","LLUMAR|LLUMAR FROST NRM PS2","","","","","SourceSheet=Zeroed Out Inventory; SourceRow=86; DateMethod=back_fill_from_next; ManufacturerSource=lookup_film_width; RawDescription=3515-Llumar Frost NRM PS2 48""","false","","","2026-01-14","Imported from Zeroed Out Inventory tab","migration"
"IL-3524","Security","Madico Clear 8MIL Safetyshield 800","72","0","0","2.121430146E9","ZEROED","2026-01-14","2026-01-14","","","","SECURITY|MADICO CLEAR 8MIL SAFETYSHIELD 800","","","","","SourceSheet=Zeroed Out Inventory; SourceRow=87; DateMethod=back_fill_from_next; ManufacturerSource=keyword_security; RawDescription=3524 - Madico Clear 8MIL Safetyshield 800 72""","false","","","2026-01-14","Imported from Zeroed Out Inventory tab","migration"
"IL-3526","Security","Madico Clear 8MIL Safetyshield 800","72","0","0","2.12143014E9","ZEROED","2026-01-14","2026-01-14","","","","SECURITY|MADICO CLEAR 8MIL SAFETYSHIELD 800","","","","","SourceSheet=Zeroed Out Inventory; SourceRow=88; DateMethod=back_fill_from_next; ManufacturerSource=keyword_security; RawDescription=3526 - Madico Clear 8MIL Safetyshield 800 72""","false","","","2026-01-14","Imported from Zeroed Out Inventory tab","migration"
"IL-3528","3M Solar","3M PR 20 Ext","60","0","0","B308324163","ZEROED","2026-01-14","2026-01-14","","","","3M SOLAR|3M PR 20 EXT","","","","","SourceSheet=Zeroed Out Inventory; SourceRow=89; DateMethod=back_fill_from_next; ManufacturerSource=lookup_film; RawDescription=3528 - 3M PR 20 Ext 60""","false","","","2026-01-14","Imported from Zeroed Out Inventory tab","migration"
"IL-3543","Solar Guard","SG TrueVue 15","72","0","0","5.41587508E9","ZEROED","2026-01-14","2026-01-14","","","","SOLAR GUARD|SG TRUEVUE 15","","","","","SourceSheet=Zeroed Out Inventory; SourceRow=90; DateMethod=back_fill_from_next; ManufacturerSource=lookup_film_width; RawDescription=3543 - SG TrueVue 15 72""","false","","","2026-01-14","Imported from Zeroed Out Inventory tab","migration"
"IL-3544","Solar Guard","SG TrueVue 15","72","0","0","5.415875081E9","ZEROED","2026-01-14","2026-01-14","","","","SOLAR GUARD|SG TRUEVUE 15","","","","","SourceSheet=Zeroed Out Inventory; SourceRow=91; DateMethod=back_fill_from_next; ManufacturerSource=lookup_film_width; RawDescription=3544 - SG TrueVue 15 72""","false","","","2026-01-14","Imported from Zeroed Out Inventory tab","migration"
"IL-3545","Solar Guard","SG TrueVue 15","72","0","0","5.414991028E9","ZEROED","2026-01-14","2026-01-14","","","","SOLAR GUARD|SG TRUEVUE 15","","","","","SourceSheet=Zeroed Out Inventory; SourceRow=92; DateMethod=back_fill_from_next; ManufacturerSource=lookup_film_width; RawDescription=3545 - SG TrueVue 15 72""","false","","","2026-01-14","Imported from Zeroed Out Inventory tab","migration"
"IL-3546","Solar Guard","SG TrueVue 15","60","0","0","5.415936064E9","ZEROED","2026-01-14","2026-01-14","","","","SOLAR GUARD|SG TRUEVUE 15","","","","","SourceSheet=Zeroed Out Inventory; SourceRow=93; DateMethod=back_fill_from_next; ManufacturerSource=lookup_film_width; RawDescription=3546 - SG TrueVue 15 60""","false","","","2026-01-14","Imported from Zeroed Out Inventory tab","migration"
"IL-3548","Vinyl","Oracal 751 Black Matte 751CM-48-070","60","0","0","","ZEROED","2026-01-14","2026-01-14","","","","VINYL|ORACAL 751 BLACK MATTE 751CM-48-070","","","","","SourceSheet=Zeroed Out Inventory; SourceRow=96; DateMethod=back_fill_from_next; ManufacturerSource=keyword_vinyl; RawDescription=3548 - Oracal 751 Black Matte 751CM-48-070","false","","","2026-01-14","Imported from Zeroed Out Inventory tab","migration"
"IL-3549","Llumar","Llumar Frost NRM PS2","72","0","0","442F36","ZEROED","2026-01-14","2026-01-14","","","","LLUMAR|LLUMAR FROST NRM PS2","","","","","SourceSheet=Zeroed Out Inventory; SourceRow=97; DateMethod=back_fill_from_next; ManufacturerSource=lookup_film; RawDescription=3549 - Llumar Frost NRM PS2 72""","false","","","2026-01-14","Imported from Zeroed Out Inventory tab","migration"
"IL-3550","Solar Guard","SG HiLite 70","60","0","0","5.417418078E9","ZEROED","2026-01-14","2026-01-14","","","","SOLAR GUARD|SG HILITE 70","","","","","SourceSheet=Zeroed Out Inventory; SourceRow=98; DateMethod=back_fill_from_next; ManufacturerSource=lookup_film_width; RawDescription=3550 - SG HiLite 70 60""","false","","","2026-01-14","Imported from Zeroed Out Inventory tab","migration"
"IL-3552","3M Solar","3M NV 25","60","0","0","","ZEROED","2026-01-14","2026-01-14","","","","3M SOLAR|3M NV 25","","","","","SourceSheet=Zeroed Out Inventory; SourceRow=100; DateMethod=back_fill_from_next; ManufacturerSource=lookup_film_width; RawDescription=3552 - 3M NV 25 60""","false","","","2026-01-14","Imported from Zeroed Out Inventory tab","migration"
"IL-3553","3M Solar","3M NV 25","60","0","0","","ZEROED","2026-01-14","2026-01-14","","","","3M SOLAR|3M NV 25","","","","","SourceSheet=Zeroed Out Inventory; SourceRow=101; DateMethod=back_fill_from_next; ManufacturerSource=lookup_film_width; RawDescription=3553 - 3M NV 25 60""","false","","","2026-01-14","Imported from Zeroed Out Inventory tab","migration"
"IL-3558","3M Solar","3M PR 50","72","0","0","402481019a","ZEROED","2026-01-14","2026-01-14","","","","3M SOLAR|3M PR 50","","","","","SourceSheet=Zeroed Out Inventory; SourceRow=102; DateMethod=back_fill_from_next; ManufacturerSource=lookup_film; RawDescription=3558 - 3M PR 50 72""","false","","","2026-01-14","Imported from Zeroed Out Inventory tab","migration"
"IL-3563","Avery Dennison","AD Bronze 20 Ext.","60","0","0","","ZEROED","2026-01-14","2026-01-14","","","","AVERY DENNISON|AD BRONZE 20 EXT.","","","","","SourceSheet=Zeroed Out Inventory; SourceRow=103; DateMethod=back_fill_from_next; ManufacturerSource=keyword_avery; RawDescription=3563 - AD Bronze 20 Ext. 60""","false","","","2026-01-14","Imported from Zeroed Out Inventory tab","migration"
"IL-3570","3M Solar","3M SAM MARINO MILKY MILKY","50","0","0","","ZEROED","2026-01-14","2026-01-14","","","","3M SOLAR|3M SAM MARINO MILKY MILKY","","","","","SourceSheet=Zeroed Out Inventory; SourceRow=104; DateMethod=back_fill_from_next; ManufacturerSource=keyword_3m_default; RawDescription=3570 - 3M SAM MARINO MILKY MILKY 50""","false","","","2026-01-14","Imported from Zeroed Out Inventory tab","migration"
"IL-3574","Security","3M UltraS800","72","0","0","C083324264","ZEROED","2026-01-14","2026-01-14","","","","SECURITY|3M ULTRAS800","","","","","SourceSheet=Zeroed Out Inventory; SourceRow=105; DateMethod=back_fill_from_next; ManufacturerSource=keyword_security; RawDescription=3574 - 3M UltraS800 72""","false","","","2026-01-14","Imported from Zeroed Out Inventory tab","migration"
"IL-3575","3M Solar","3M PR 70 Ext","60","0","0","","ZEROED","2026-01-14","2026-01-14","","","","3M SOLAR|3M PR 70 EXT","","","","","SourceSheet=Zeroed Out Inventory; SourceRow=106; DateMethod=back_fill_from_next; ManufacturerSource=lookup_film_width; RawDescription=3575 - 3M PR 70 Ext 60""","false","","","2026-01-14","Imported from Zeroed Out Inventory tab","migration"
"IL-3578","Security","3M UltraS800","60","0","0","C087324265","ZEROED","2026-01-14","2026-01-14","","","","SECURITY|3M ULTRAS800","","","","","SourceSheet=Zeroed Out Inventory; SourceRow=107; DateMethod=back_fill_from_next; ManufacturerSource=keyword_security; RawDescription=3578 - 3M UltraS800 60""","false","","","2026-01-14","Imported from Zeroed Out Inventory tab","migration"
"IL-3579","Security","3M UltraS800","60","0","0","C087324265","ZEROED","2026-01-14","2026-01-14","","","","SECURITY|3M ULTRAS800","","","","","SourceSheet=Zeroed Out Inventory; SourceRow=108; DateMethod=back_fill_from_next; ManufacturerSource=keyword_security; RawDescription=3579 - 3M UltraS800 60""","false","","","2026-01-14","Imported from Zeroed Out Inventory tab","migration"
"IL-3580","Security","3M UltraS800","60","0","0","C087324265","ZEROED","2026-01-14","2026-01-14","","","","SECURITY|3M ULTRAS800","","","","","SourceSheet=Zeroed Out Inventory; SourceRow=109; DateMethod=back_fill_from_next; ManufacturerSource=keyword_security; RawDescription=3580 - 3M UltraS800 60""","false","","","2026-01-14","Imported from Zeroed Out Inventory tab","migration"
"IL-3581","Security","3M UltraS800","60","0","0","B266324103","ZEROED","2026-01-14","2026-01-14","","","","SECURITY|3M ULTRAS800","","","","","SourceSheet=Zeroed Out Inventory; SourceRow=110; DateMethod=back_fill_from_next; ManufacturerSource=keyword_security; RawDescription=3581 - 3M UltraS800 60""","false","","","2026-01-14","Imported from Zeroed Out Inventory tab","migration"
"IL-3583","Security","3M UltraS800","60","0","0","C083324264","ZEROED","2026-01-14","2026-01-14","","","","SECURITY|3M ULTRAS800","","","","","SourceSheet=Zeroed Out Inventory; SourceRow=111; DateMethod=back_fill_from_next; ManufacturerSource=keyword_security; RawDescription=3583 - 3M UltraS800 60""","false","","","2026-01-14","Imported from Zeroed Out Inventory tab","migration"
"IL-3588","Fasara","3M Milky Crystal SH2MLCRX","50","0","0","","ZEROED","2026-01-14","2026-01-14","","","","FASARA|3M MILKY CRYSTAL SH2MLCRX","","","","","SourceSheet=Zeroed Out Inventory; SourceRow=112; DateMethod=back_fill_from_next; ManufacturerSource=keyword_fasara; RawDescription=3588 - 3M Milky Crystal SH2MLCRX 50""","false","","","2026-01-14","Imported from Zeroed Out Inventory tab","migration"
"IL-3592","Solar Guard","SG Slate 40","48","0","0","5.417970039E9","ZEROED","2026-01-14","2026-01-14","","","","SOLAR GUARD|SG SLATE 40","","","","","SourceSheet=Zeroed Out Inventory; SourceRow=113; DateMethod=back_fill_from_next; ManufacturerSource=lookup_film_width; RawDescription=3592 - SG Slate 40 48""","false","","","2026-01-14","Imported from Zeroed Out Inventory tab","migration"
"IL-3593","Solar Guard","SG Slate 40","48","0","0","5.41797004E9","ZEROED","2026-01-14","2026-01-14","","","","SOLAR GUARD|SG SLATE 40","","","","","SourceSheet=Zeroed Out Inventory; SourceRow=114; DateMethod=back_fill_from_next; ManufacturerSource=lookup_film_width; RawDescription=3593 - SG Slate 40 48""","false","","","2026-01-14","Imported from Zeroed Out Inventory tab","migration"
"IL-3603","3M Solar","3M Blaze","48","0","0","","ZEROED","2026-01-14","2026-01-14","","","","3M SOLAR|3M BLAZE","","","","","SourceSheet=Zeroed Out Inventory; SourceRow=115; DateMethod=back_fill_from_next; ManufacturerSource=keyword_3m_default; RawDescription=3603 - 3M Blaze 48""","false","","","2026-01-14","Imported from Zeroed Out Inventory tab","migration"
"IL-3610","Security","3M UltraS800","60","0","0","C083324264","ZEROED","2026-01-14","2026-01-14","","","","SECURITY|3M ULTRAS800","","","","","SourceSheet=Zeroed Out Inventory; SourceRow=116; DateMethod=back_fill_from_next; ManufacturerSource=keyword_security; RawDescription=3610 - 3M UltraS800 60""","false","","","2026-01-14","Imported from Zeroed Out Inventory tab","migration"
"IL-3623","3M Solar","3M PR 70 Ext","60","0","0","C075324258","ZEROED","2026-01-14","2026-01-14","","","","3M SOLAR|3M PR 70 EXT","","","","","SourceSheet=Zeroed Out Inventory; SourceRow=117; DateMethod=back_fill_from_next; ManufacturerSource=lookup_film_width; RawDescription=3623 - 3M PR 70 Ext 60""","false","","","2026-01-14","Imported from Zeroed Out Inventory tab","migration"
"IL-3624","3M Solar","3M PR 70 Ext","60","0","0","C075324258","ZEROED","2026-01-14","2026-01-14","","","","3M SOLAR|3M PR 70 EXT","","","","","SourceSheet=Zeroed Out Inventory; SourceRow=118; DateMethod=back_fill_from_next; ManufacturerSource=lookup_film_width; RawDescription=3624 - 3M PR 70 Ext 60""","false","","","2026-01-14","Imported from Zeroed Out Inventory tab","migration"
"IL-3632","Solar Guard","SG TrueVue 5","72","0","0","","ZEROED","2026-01-14","2026-01-14","","","","SOLAR GUARD|SG TRUEVUE 5","","","","","SourceSheet=Zeroed Out Inventory; SourceRow=120; DateMethod=back_fill_from_next; ManufacturerSource=keyword_solar_guard; RawDescription=3632 - SG TrueVue 5 72""","false","","","2026-01-14","Imported from Zeroed Out Inventory tab","migration"
"IL-3636","Security","3M Safety S40 4MIL","60","0","0","","ZEROED","2026-01-14","2026-01-14","","","","SECURITY|3M SAFETY S40 4MIL","","","","","SourceSheet=Zeroed Out Inventory; SourceRow=121; DateMethod=back_fill_from_next; ManufacturerSource=keyword_security; RawDescription=3636 - 3M Safety S40 4MIL 60""","false","","","2026-01-14","Imported from Zeroed Out Inventory tab","migration"
"IL-3643","Fasara","3M SH2-MAMM San Marino Milky Milky","60","0","0","","ZEROED","2026-01-14","2026-01-14","","","","FASARA|3M SH2-MAMM SAN MARINO MILKY MILKY","","","","","SourceSheet=Zeroed Out Inventory; SourceRow=122; DateMethod=back_fill_from_next; ManufacturerSource=keyword_fasara; RawDescription=3643 - 3M SH2-MAMM San Marino Milky Milky 60""","false","","","2026-01-14","Imported from Zeroed Out Inventory tab","migration"
"IL-3654","Solar Guard","SG TrueVue 5","48","0","0","","ZEROED","2026-01-14","2026-01-14","","","","SOLAR GUARD|SG TRUEVUE 5","","","","","SourceSheet=Zeroed Out Inventory; SourceRow=124; DateMethod=back_fill_from_next; ManufacturerSource=keyword_solar_guard; RawDescription=3654 - SG TrueVue 5 48""","false","","","2026-01-14","Imported from Zeroed Out Inventory tab","migration"
"IL-3679","3M Solar","PR 70 Ext","36","0","0","","ZEROED","2026-01-14","2026-01-14","","","","3M SOLAR|PR 70 EXT","","","","","SourceSheet=Zeroed Out Inventory; SourceRow=125; DateMethod=back_fill_from_next; ManufacturerSource=default_vinyl; RawDescription=3679 - PR 70 Ext 36""; ManufacturerReview=auto_high_confidence; ManufacturerBefore=Vinyl; ManufacturerAfter=3M Solar","false","","","2026-01-14","Imported from Zeroed Out Inventory tab","migration"
"IL-3695","3M Solar","3M PR 70 Ext","60","0","0","","ZEROED","2026-01-14","2026-01-14","","","","3M SOLAR|3M PR 70 EXT","","","","","SourceSheet=Zeroed Out Inventory; SourceRow=126; DateMethod=back_fill_from_next; ManufacturerSource=lookup_film_width; RawDescription=3695 - 3M PR 70 Ext 60""","false","","","2026-01-14","Imported from Zeroed Out Inventory tab","migration"
"IL-3744","Avery Dennison","AD R Silver 20X Poly","60","0","0","","ZEROED","2026-01-14","2026-01-14","","","","AVERY DENNISON|AD R SILVER 20X POLY","","","","","SourceSheet=Zeroed Out Inventory; SourceRow=127; DateMethod=back_fill_from_next; ManufacturerSource=lookup_film_width; RawDescription=3744 - AD R Silver 20X Poly 60""","false","","","2026-01-14","Imported from Zeroed Out Inventory tab","migration"
"IL-8089","Security","3M 4 mil","60","0","0","","ZEROED","2026-01-14","2026-01-14","","","","SECURITY|3M 4 MIL","","","","","SourceSheet=Zeroed Out Inventory; SourceRow=128; DateMethod=back_fill_from_next; ManufacturerSource=keyword_security; RawDescription=8089-  3M 4 mil 60""","false","","","2026-01-14","Imported from Zeroed Out Inventory tab","migration"
"IL-9059","3M Solar","PR 50","72","0","0","","ZEROED","2026-01-14","2026-01-14","","","","3M SOLAR|PR 50","","","","","SourceSheet=Zeroed Out Inventory; SourceRow=129; DateMethod=back_fill_from_next; ManufacturerSource=default_vinyl; RawDescription=9059 - PR 50 72""; ManufacturerReview=auto_high_confidence; ManufacturerBefore=Vinyl; ManufacturerAfter=3M Solar","false","","","2026-01-14","Imported from Zeroed Out Inventory tab","migration"
"IL-3687","3M Solar","3M NV 25","72","0","0","","ZEROED","2026-01-14","2026-01-14","","","","3M SOLAR|3M NV 25","","","","","SourceSheet=Zeroed Out Inventory; SourceRow=131; DateMethod=back_fill_from_next; ManufacturerSource=lookup_film; RawDescription=3687 - 3M NV 25 72""","false","","","2026-01-14","Imported from Zeroed Out Inventory tab","migration"
"IL-3686","3M Solar","3M NV 15","48","0","0","","ZEROED","2026-01-14","2026-01-14","","","","3M SOLAR|3M NV 15","","","","","SourceSheet=Zeroed Out Inventory; SourceRow=132; DateMethod=back_fill_from_next; ManufacturerSource=lookup_film; RawDescription=3686 - 3M NV 15 48""","false","","","2026-01-14","Imported from Zeroed Out Inventory tab","migration"
"IL-3737","3M Solar","3M PRX 70 Ext","72","0","0","B326324175","ZEROED","2026-01-14","2026-01-14","","","","3M SOLAR|3M PRX 70 EXT","","","","","SourceSheet=Zeroed Out Inventory; SourceRow=133; DateMethod=back_fill_from_next; ManufacturerSource=keyword_3m_solar; RawDescription=3737 - 3M PRX 70 Ext 72""","false","","","2026-01-14","Imported from Zeroed Out Inventory tab","migration"
"IL-3759","Solyx","SXWF-BO-60 Black Out","60","0","0","","ZEROED","2026-01-14","2026-01-14","","","","SOLYX|SXWF-BO-60 BLACK OUT","","","","","SourceSheet=Zeroed Out Inventory; SourceRow=135; DateMethod=back_fill_from_next; ManufacturerSource=keyword_solyx; RawDescription=3759- SXWF-BO-60 Black Out","false","","","2026-01-14","Imported from Zeroed Out Inventory tab","migration"
"IL-3443","Solar Guard","SG DR TRUEVUE 05","36","0","0","","ZEROED","2026-01-14","2026-01-14","","","","SOLAR GUARD|SG DR TRUEVUE 05","","","","","SourceSheet=Zeroed Out Inventory; SourceRow=136; DateMethod=back_fill_from_next; ManufacturerSource=keyword_solar_guard; RawDescription=3443 - SG DR TRUEVUE 05 36""","false","","","2026-01-14","Imported from Zeroed Out Inventory tab","migration"
"IL-3652","Solar Guard","SG TrueVue 5","60","0","0","","ZEROED","2026-01-14","2026-01-14","","","","SOLAR GUARD|SG TRUEVUE 5","","","","","SourceSheet=Zeroed Out Inventory; SourceRow=137; DateMethod=back_fill_from_next; ManufacturerSource=keyword_solar_guard; RawDescription=3652 - SG TrueVue 5 60""","false","","","2026-01-14","Imported from Zeroed Out Inventory tab","migration"
"IL-3697","Security","3M S-140 SH14CLARL 14 MIL","60","0","0","","ZEROED","2026-01-14","2026-01-14","","","","SECURITY|3M S-140 SH14CLARL 14 MIL","","","","","SourceSheet=Zeroed Out Inventory; SourceRow=138; DateMethod=back_fill_from_next; ManufacturerSource=keyword_security; RawDescription=3697 - 3M S-140 SH14CLARL 14 MIL 60""","false","","","2026-01-14","Imported from Zeroed Out Inventory tab","migration"
"IL-8107","Security","Madico 14 MIL","72","0","0","","ZEROED","2026-01-14","2026-01-14","","","","SECURITY|MADICO 14 MIL","","","","","SourceSheet=Zeroed Out Inventory; SourceRow=139; DateMethod=back_fill_from_next; ManufacturerSource=keyword_security; RawDescription=8107 - Madico 14 MIL 72""","false","","","2026-01-14","Imported from Zeroed Out Inventory tab","migration"
"IL-3620","Security","3M UltraS800","60","0","0","","ZEROED","2026-01-14","2026-01-14","","","","SECURITY|3M ULTRAS800","","","","","SourceSheet=Zeroed Out Inventory; SourceRow=140; DateMethod=back_fill_from_next; ManufacturerSource=keyword_security; RawDescription=3620 - 3M UltraS800 60""","false","","","2026-01-14","Imported from Zeroed Out Inventory tab","migration"
"IL-3582","Security","3M UltraS800","60","0","0","B266324103","ZEROED","2026-01-14","2026-01-14","","","","SECURITY|3M ULTRAS800","","","","","SourceSheet=Zeroed Out Inventory; SourceRow=141; DateMethod=back_fill_from_next; ManufacturerSource=keyword_security; RawDescription=3582 - 3M UltraS800 60""","false","","","2026-01-14","Imported from Zeroed Out Inventory tab","migration"
"IL-3576","Security","3M UltraS800","72","0","0","C083324264","ZEROED","2026-01-14","2026-01-14","","","","SECURITY|3M ULTRAS800","","","","","SourceSheet=Zeroed Out Inventory; SourceRow=142; DateMethod=back_fill_from_next; ManufacturerSource=keyword_security; RawDescription=3576 - 3M UltraS800 72""","false","","","2026-01-14","Imported from Zeroed Out Inventory tab","migration"
"IL-3087","3M Solar","3M Ultra800","72","0","0","B131323955","ZEROED","2026-01-14","2026-01-14","","","","3M SOLAR|3M ULTRA800","","","","","SourceSheet=Zeroed Out Inventory; SourceRow=143; DateMethod=back_fill_from_next; ManufacturerSource=keyword_3m_default; RawDescription=3087-3M Ultra800 72""","false","","","2026-01-14","Imported from Zeroed Out Inventory tab","migration"
"IL-3618","Security","3M UltraS800","60","0","0","C083324264","ZEROED","2026-01-14","2026-01-14","","","","SECURITY|3M ULTRAS800","","","","","SourceSheet=Zeroed Out Inventory; SourceRow=144; DateMethod=back_fill_from_next; ManufacturerSource=keyword_security; RawDescription=3618 - 3M UltraS800 60""","false","","","2026-01-14","Imported from Zeroed Out Inventory tab","migration"
"IL-3772","Security","Madico Safetyshield 1500 Clear 15 MIL","60","0","0","","ZEROED","2026-01-14","2026-01-14","","","","SECURITY|MADICO SAFETYSHIELD 1500 CLEAR 15 MIL","","","","","SourceSheet=Zeroed Out Inventory; SourceRow=145; DateMethod=back_fill_from_next; ManufacturerSource=keyword_security; RawDescription=3772 - Madico Safetyshield 1500 Clear 15 MIL 60""","false","","","2026-01-14","Imported from Zeroed Out Inventory tab","migration"
"IL-3773","Security","Madico Safetyshield 1500 Clear 15 MIL","60","0","0","","ZEROED","2026-01-14","2026-01-14","","","","SECURITY|MADICO SAFETYSHIELD 1500 CLEAR 15 MIL","","","","","SourceSheet=Zeroed Out Inventory; SourceRow=146; DateMethod=back_fill_from_next; ManufacturerSource=keyword_security; RawDescription=3773 - Madico Safetyshield 1500 Clear 15 MIL 60""","false","","","2026-01-14","Imported from Zeroed Out Inventory tab","migration"
"IL-3602","Security","Madico Safetyshield 1500 (15 MIL)","72","0","0","","ZEROED","2026-01-14","2026-01-14","","","","SECURITY|MADICO SAFETYSHIELD 1500 (15 MIL)","","","","","SourceSheet=Zeroed Out Inventory; SourceRow=147; DateMethod=back_fill_from_next; ManufacturerSource=keyword_security; RawDescription=3602 - Madico Safetyshield 1500 (15 MIL) 72""","false","","","2026-01-14","Imported from Zeroed Out Inventory tab","migration"
"IL-3244","Llumar","LLUMAR FROST NRM PS2","60","0","0","","ZEROED","2026-01-14","2026-01-14","","","","LLUMAR|LLUMAR FROST NRM PS2","","","","","SourceSheet=Zeroed Out Inventory; SourceRow=148; DateMethod=back_fill_from_next; ManufacturerSource=lookup_film_width; RawDescription=3244- LLUMAR FROST NRM PS2 60""","false","","","2026-01-14","Imported from Zeroed Out Inventory tab","migration"
"IL-2959","Security","AV AG-4 (4 MIL)","60","0","0","200824.0","ZEROED","2026-01-14","2026-01-14","","","","SECURITY|AV AG-4 (4 MIL)","","","","","SourceSheet=Zeroed Out Inventory; SourceRow=149; DateMethod=back_fill_from_next; ManufacturerSource=keyword_security; RawDescription=2959 - AV AG-4 (4 MIL) 60""","false","","","2026-01-14","Imported from Zeroed Out Inventory tab","migration"
"IL-3334","Security","UltraS800","72","0","0","","ZEROED","2026-01-14","2026-01-14","","","","SECURITY|ULTRAS800","","","","","SourceSheet=Zeroed Out Inventory; SourceRow=150; DateMethod=back_fill_from_next; ManufacturerSource=keyword_security; RawDescription=3334 - UltraS800 72""","false","","","2026-01-14","Imported from Zeroed Out Inventory tab","migration"
"IL-3297","Security","3M 14 MIL","60","0","0","212E","ZEROED","2026-01-14","2026-01-14","","","","SECURITY|3M 14 MIL","","","","","SourceSheet=Zeroed Out Inventory; SourceRow=151; DateMethod=back_fill_from_next; ManufacturerSource=keyword_security; RawDescription=3297 - 3M 14 MIL 60""","false","","","2026-01-14","Imported from Zeroed Out Inventory tab","migration"
"IL-1272","Security","3M 14 MIL SH14CLARL","60","0","0","","ZEROED","2026-01-14","2026-01-14","","","","SECURITY|3M 14 MIL SH14CLARL","","","","","SourceSheet=Zeroed Out Inventory; SourceRow=152; DateMethod=back_fill_from_next; ManufacturerSource=keyword_security; RawDescription=1272 - 3M 14 MIL SH14CLARL 60""","false","","","2026-01-14","Imported from Zeroed Out Inventory tab","migration"
"IL-3164","Security","Safetyshield Madico Clear 8MIL","48","0","0","2.110533037E9","ZEROED","2026-01-14","2026-01-14","","","","SECURITY|SAFETYSHIELD MADICO CLEAR 8MIL","","","","","SourceSheet=Zeroed Out Inventory; SourceRow=153; DateMethod=back_fill_from_next; ManufacturerSource=keyword_security; RawDescription=3164 - Safetyshield Madico Clear 8MIL 48""","false","","","2026-01-14","Imported from Zeroed Out Inventory tab","migration"
"IL-3175","Solar Guard","Panaroma Slate 30","36","0","0","5.408619049E9","ZEROED","2026-01-14","2026-01-14","","","","SOLAR GUARD|PANAROMA SLATE 30","","","","","SourceSheet=Zeroed Out Inventory; SourceRow=154; DateMethod=back_fill_from_next; ManufacturerSource=keyword_solar_guard; RawDescription=3175 - Panaroma Slate 30 36""","false","","","2026-01-14","Imported from Zeroed Out Inventory tab","migration"
"IL-3448","3M Solar","PR 50","48","0","0","","ZEROED","2026-01-14","2026-01-14","","","","3M SOLAR|PR 50","","","","","SourceSheet=Zeroed Out Inventory; SourceRow=155; DateMethod=back_fill_from_next; ManufacturerSource=default_vinyl; RawDescription=3448 - PR 50 48""; ManufacturerReview=auto_high_confidence; ManufacturerBefore=Vinyl; ManufacturerAfter=3M Solar","false","","","2026-01-14","Imported from Zeroed Out Inventory tab","migration"
"IL-3668","3M Solar","3M PR 50","72","0","0","","ZEROED","2026-01-14","2026-01-14","","","","3M SOLAR|3M PR 50","","","","","SourceSheet=Zeroed Out Inventory; SourceRow=156; DateMethod=back_fill_from_next; ManufacturerSource=lookup_film; RawDescription=3668 - 3M PR 50 72""","false","","","2026-01-14","Imported from Zeroed Out Inventory tab","migration"
"IL-3707","Security","Madico Safetyshield 1500","60","0","0","","ZEROED","2026-01-14","2026-01-14","","","","SECURITY|MADICO SAFETYSHIELD 1500","","","","","SourceSheet=Zeroed Out Inventory; SourceRow=157; DateMethod=back_fill_from_next; ManufacturerSource=lookup_film_width; RawDescription=3707 - Madico Safetyshield 1500 60""","false","","","2026-01-14","Imported from Zeroed Out Inventory tab","migration"
"IL-3698","3M Solar","3M S-800","36","0","0","","ZEROED","2026-01-14","2026-01-14","","","","3M SOLAR|3M S-800","","","","","SourceSheet=Zeroed Out Inventory; SourceRow=158; DateMethod=back_fill_from_next; ManufacturerSource=keyword_3m_default; RawDescription=3698 - 3M S-800 36""","false","","","2026-01-14","Imported from Zeroed Out Inventory tab","migration"
"IL-3703","Security","3M UltraS800","72","0","0","","ZEROED","2026-01-14","2026-01-14","","","","SECURITY|3M ULTRAS800","","","","","SourceSheet=Zeroed Out Inventory; SourceRow=159; DateMethod=back_fill_from_next; ManufacturerSource=keyword_security; RawDescription=3703 - 3M UltraS800 72""","false","","","2026-01-14","Imported from Zeroed Out Inventory tab","migration"
"IL-3748","3M Solar","3M PR 70","60","0","0","","ZEROED","2026-01-14","2026-01-14","","","","3M SOLAR|3M PR 70","","","","","SourceSheet=Zeroed Out Inventory; SourceRow=160; DateMethod=back_fill_from_next; ManufacturerSource=lookup_film_width; RawDescription=3748 - 3M PR 70 60""","false","","","2026-01-14","Imported from Zeroed Out Inventory tab","migration"
"IL-3568","3M Solar","3M PR 50","48","0","0","","ZEROED","2026-01-14","2026-01-14","","","","3M SOLAR|3M PR 50","","","","","SourceSheet=Zeroed Out Inventory; SourceRow=161; DateMethod=back_fill_from_next; ManufacturerSource=lookup_film; RawDescription=3568 - 3M PR 50 48""","false","","","2026-01-14","Imported from Zeroed Out Inventory tab","migration"
"IL-3751","Solar Guard","SG Sentinel Plus Silver 20 Ext.","48","0","0","5.417498009E9","ZEROED","2026-01-14","2026-01-14","","","","SOLAR GUARD|SG SENTINEL PLUS SILVER 20 EXT.","","","","","SourceSheet=Zeroed Out Inventory; SourceRow=162; DateMethod=back_fill_from_next; ManufacturerSource=lookup_film_width; RawDescription=3751 - SG Sentinel Plus Silver 20 Ext. 48""","false","","","2026-01-14","Imported from Zeroed Out Inventory tab","migration"
"IL-3747","3M Solar","3M PR 70","48","0","0","C010324203","ZEROED","2026-01-14","2026-01-14","","","","3M SOLAR|3M PR 70","","","","","SourceSheet=Zeroed Out Inventory; SourceRow=163; DateMethod=back_fill_from_next; ManufacturerSource=lookup_film_width; RawDescription=3747 - 3M PR 70 48""","false","","","2026-01-14","Imported from Zeroed Out Inventory tab","migration"
"IL-3676","3M Solar","PRX 20 Ext","72","0","0","","ZEROED","2026-01-14","2026-01-14","","","","3M SOLAR|PRX 20 EXT","","","","","SourceSheet=Zeroed Out Inventory; SourceRow=164; DateMethod=back_fill_from_next; ManufacturerSource=default_vinyl; RawDescription=3676 - PRX 20 Ext 72""; ManufacturerReview=auto_high_confidence; ManufacturerBefore=Vinyl; ManufacturerAfter=3M Solar","false","","","2026-01-14","Imported from Zeroed Out Inventory tab","migration"
"IL-3671","3M Solar","PRX 20 Ext","36","0","0","","ZEROED","2026-01-14","2026-01-14","","","","3M SOLAR|PRX 20 EXT","","","","","SourceSheet=Zeroed Out Inventory; SourceRow=165; DateMethod=back_fill_from_next; ManufacturerSource=default_vinyl; RawDescription=3671 - PRX 20 Ext 36""; ManufacturerReview=auto_high_confidence; ManufacturerBefore=Vinyl; ManufacturerAfter=3M Solar","false","","","2026-01-14","Imported from Zeroed Out Inventory tab","migration"
"IL-3572","3M Solar","3M PRX 20 Ext","60","0","0","C082324263","ZEROED","2026-01-14","2026-01-14","","","","3M SOLAR|3M PRX 20 EXT","","","","","SourceSheet=Zeroed Out Inventory; SourceRow=166; DateMethod=back_fill_from_next; ManufacturerSource=keyword_3m_solar; RawDescription=3572 - 3M PRX 20 Ext 60""","false","","","2026-01-14","Imported from Zeroed Out Inventory tab","migration"
"IL-3825","3M Solar","3M PR 20 Ext","72","0","0","C177324339","ZEROED","2026-01-14","2026-01-14","","","","3M SOLAR|3M PR 20 EXT","","","","","SourceSheet=Zeroed Out Inventory; SourceRow=167; DateMethod=back_fill_from_next; ManufacturerSource=lookup_film_width; RawDescription=3825 - 3M PR 20 Ext 72""","false","","","2026-01-14","Imported from Zeroed Out Inventory tab","migration"
"IL-3268","Solar Guard","Sterling 70","72","0","0","5.405879013E9","ZEROED","2026-01-14","2026-01-14","","","","SOLAR GUARD|STERLING 70","","","","","SourceSheet=Zeroed Out Inventory; SourceRow=168; DateMethod=back_fill_from_next; ManufacturerSource=keyword_solar_guard; RawDescription=3268 - Sterling 70 72""","false","","","2026-01-14","Imported from Zeroed Out Inventory tab","migration"
"IL-3788","3M Solar","3M PR 20 Ext","36","0","0","","ZEROED","2026-01-14","2026-01-14","","","","3M SOLAR|3M PR 20 EXT","","","","","SourceSheet=Zeroed Out Inventory; SourceRow=169; DateMethod=back_fill_from_next; ManufacturerSource=lookup_film_width; RawDescription=3788 - 3M PR 20 Ext 36""","false","","","2026-01-14","Imported from Zeroed Out Inventory tab","migration"
"IL-3789","3M Solar","3M PR 20 Ext","36","0","0","","ZEROED","2026-01-14","2026-01-14","","","","3M SOLAR|3M PR 20 EXT","","","","","SourceSheet=Zeroed Out Inventory; SourceRow=170; DateMethod=back_fill_from_next; ManufacturerSource=lookup_film_width; RawDescription=3789 - 3M PR 20 Ext 36""","false","","","2026-01-14","Imported from Zeroed Out Inventory tab","migration"
"IL-3790","3M Solar","3M PR 20 Ext","36","0","0","","ZEROED","2026-01-14","2026-01-14","","","","3M SOLAR|3M PR 20 EXT","","","","","SourceSheet=Zeroed Out Inventory; SourceRow=171; DateMethod=back_fill_from_next; ManufacturerSource=lookup_film_width; RawDescription=3790 - 3M PR 20 Ext 36""","false","","","2026-01-14","Imported from Zeroed Out Inventory tab","migration"
"IL-3791","3M Solar","3M PR 20 Ext","36","0","0","","ZEROED","2026-01-14","2026-01-14","","","","3M SOLAR|3M PR 20 EXT","","","","","SourceSheet=Zeroed Out Inventory; SourceRow=172; DateMethod=back_fill_from_next; ManufacturerSource=lookup_film_width; RawDescription=3791 - 3M PR 20 Ext 36""","false","","","2026-01-14","Imported from Zeroed Out Inventory tab","migration"
"IL-3243","Llumar","LLUMAR FROST","48","0","0","451C134","ZEROED","2026-01-14","2026-01-14","","","","LLUMAR|LLUMAR FROST","","","","","SourceSheet=Zeroed Out Inventory; SourceRow=173; DateMethod=back_fill_from_next; ManufacturerSource=keyword_llumar; RawDescription=3243 - LLUMAR FROST 48""","false","","","2026-01-14","Imported from Zeroed Out Inventory tab","migration"
"IL-3700","Security","3M S70 72"" TUNNELED","72","0","0","","ZEROED","2026-01-14","2026-01-14","","","","SECURITY|3M S70 72"" TUNNELED","","","","","SourceSheet=Zeroed Out Inventory; SourceRow=174; DateMethod=back_fill_from_next; ManufacturerSource=keyword_security; RawDescription=3700 - 3M S70 72""  TUNNELED-","false","","","2026-01-14","Imported from Zeroed Out Inventory tab","migration"
"IL-3354","Security","3M S80 (SH8SCLARL)","60","0","0","212D6314A","ZEROED","2026-01-14","2026-01-14","","","","SECURITY|3M S80 (SH8SCLARL)","","","","","SourceSheet=Zeroed Out Inventory; SourceRow=175; DateMethod=back_fill_from_next; ManufacturerSource=keyword_security; RawDescription=3354 - 3M S80 (SH8SCLARL) 60""","false","","","2026-01-14","Imported from Zeroed Out Inventory tab","migration"
"IL-2346","Solyx","SOL SXWF-BO","60","0","0","","ZEROED","2026-01-14","2026-01-14","","","","SOLYX|SOL SXWF-BO","","","","","SourceSheet=Zeroed Out Inventory; SourceRow=177; DateMethod=back_fill_from_next; ManufacturerSource=keyword_solyx; RawDescription=2346 - SOL SXWF-BO 60""","false","","","2026-01-14","Imported from Zeroed Out Inventory tab","migration"
"IL-3760","Solyx","SXWF-BO-60 Black Out","60","0","0","","ZEROED","2026-01-14","2026-01-14","","","","SOLYX|SXWF-BO-60 BLACK OUT","","","","","SourceSheet=Zeroed Out Inventory; SourceRow=178; DateMethod=back_fill_from_next; ManufacturerSource=keyword_solyx; RawDescription=3760- SXWF-BO-60 Black Out","false","","","2026-01-14","Imported from Zeroed Out Inventory tab","migration"
"IL-3810","Solyx","Solyx White Sand Matte SX1409","48","0","0","","ZEROED","2026-01-14","2026-01-14","","","","SOLYX|SOLYX WHITE SAND MATTE SX1409","","","","","SourceSheet=Zeroed Out Inventory; SourceRow=179; DateMethod=back_fill_from_next; ManufacturerSource=lookup_film_width; RawDescription=3810 - Solyx White Sand Matte SX1409 48""","false","","","2026-01-14","Imported from Zeroed Out Inventory tab","migration"
"IL-3735","3M Solar","3M NV 15","60","0","0","C032324221","ZEROED","2026-01-14","2026-01-14","","","","3M SOLAR|3M NV 15","","","","","SourceSheet=Zeroed Out Inventory; SourceRow=180; DateMethod=back_fill_from_next; ManufacturerSource=lookup_film_width; RawDescription=3735 - 3M NV 15 60""","false","","","2026-01-14","Imported from Zeroed Out Inventory tab","migration"
"IL-3350","3M Solar","3M NV 15","72","0","0","B261324096","ZEROED","2026-01-14","2026-01-14","","","","3M SOLAR|3M NV 15","","","","","SourceSheet=Zeroed Out Inventory; SourceRow=181; DateMethod=back_fill_from_next; ManufacturerSource=lookup_film_width; RawDescription=3350- 3M NV 15 72""","false","","","2026-01-14","Imported from Zeroed Out Inventory tab","migration"
"IL-3522","Fasara","3M Matte Crystal SH2MACR1","50","0","0","","ZEROED","2026-01-14","2026-01-14","","","","FASARA|3M MATTE CRYSTAL SH2MACR1","","","","","SourceSheet=Zeroed Out Inventory; SourceRow=182; DateMethod=back_fill_from_next; ManufacturerSource=lookup_film_width; RawDescription=3522 - 3M Matte Crystal SH2MACR1 50""","false","","","2026-01-14","Imported from Zeroed Out Inventory tab","migration"
"IL-3797","Security","3M UltraS800","36","0","0","C087324265","ZEROED","2026-01-14","2026-01-14","","","","SECURITY|3M ULTRAS800","","","","","SourceSheet=Zeroed Out Inventory; SourceRow=183; DateMethod=back_fill_from_next; ManufacturerSource=keyword_security; RawDescription=3797 - 3M UltraS800 36""","false","","","2026-01-14","Imported from Zeroed Out Inventory tab","migration"
"IL-3541","Security","3M UltraS800","72","0","0","","ZEROED","2026-01-14","2026-01-14","","","","SECURITY|3M ULTRAS800","","","","","SourceSheet=Zeroed Out Inventory; SourceRow=184; DateMethod=back_fill_from_next; ManufacturerSource=keyword_security; RawDescription=3541 - 3M UltraS800 72""","false","","","2026-01-14","Imported from Zeroed Out Inventory tab","migration"
"IL-3741","Fasara","3M Emboss Cross Hairline Matte Light Gray SH2CHMAL","48","0","0","TP-25C023","ZEROED","2026-01-14","2026-01-14","","","","FASARA|3M EMBOSS CROSS HAIRLINE MATTE LIGHT GRAY SH2CHMAL","","","","","SourceSheet=Zeroed Out Inventory; SourceRow=186; DateMethod=back_fill_from_next; ManufacturerSource=keyword_fasara; RawDescription=3741 - 3M Emboss Cross Hairline Matte Light Gray SH2CHMAL 48""","false","","","2026-01-14","Imported from Zeroed Out Inventory tab","migration"
"IL-2871","Security","Safetyshield 800","72","0","0","2.022233003E9","ZEROED","2026-01-14","2026-01-14","","","","SECURITY|SAFETYSHIELD 800","","","","","SourceSheet=Zeroed Out Inventory; SourceRow=187; DateMethod=back_fill_from_next; ManufacturerSource=keyword_security; RawDescription=2871 - Safetyshield 800 72""","false","","","2026-01-14","Imported from Zeroed Out Inventory tab","migration"
"IL-3525","Security","Madico Clear 8MIL Safetyshield 800","72","0","0","2.207530406E9","ZEROED","2026-01-14","2026-01-14","","","","SECURITY|MADICO CLEAR 8MIL SAFETYSHIELD 800","","","","","SourceSheet=Zeroed Out Inventory; SourceRow=188; DateMethod=back_fill_from_next; ManufacturerSource=keyword_security; RawDescription=3525 - Madico Clear 8MIL Safetyshield 800 72""","false","","","2026-01-14","Imported from Zeroed Out Inventory tab","migration"
"IL-3775","Security","3M UltraS800","60","0","0","0.0","ZEROED","2026-01-14","2026-01-14","","","","SECURITY|3M ULTRAS800","","","","","SourceSheet=Zeroed Out Inventory; SourceRow=189; DateMethod=back_fill_from_next; ManufacturerSource=keyword_security; RawDescription=3775 - 3M UltraS800 60""","false","","","2026-01-14","Imported from Zeroed Out Inventory tab","migration"
"IL-3777","Security","3M UltraS800","60","0","0","","ZEROED","2026-01-14","2026-01-14","","","","SECURITY|3M ULTRAS800","","","","","SourceSheet=Zeroed Out Inventory; SourceRow=190; DateMethod=back_fill_from_next; ManufacturerSource=keyword_security; RawDescription=3777 - 3M UltraS800 60""","false","","","2026-01-14","Imported from Zeroed Out Inventory tab","migration"
"IL-3778","Security","3M UltraS800","60","0","0","","ZEROED","2026-01-14","2026-01-14","","","","SECURITY|3M ULTRAS800","","","","","SourceSheet=Zeroed Out Inventory; SourceRow=191; DateMethod=back_fill_from_next; ManufacturerSource=keyword_security; RawDescription=3778 - 3M UltraS800 60""","false","","","2026-01-14","Imported from Zeroed Out Inventory tab","migration"
"IL-3669","3M Solar","3M PR 70","48","0","0","","ZEROED","2026-01-14","2026-01-14","","","","3M SOLAR|3M PR 70","","","","","SourceSheet=Zeroed Out Inventory; SourceRow=192; DateMethod=back_fill_from_next; ManufacturerSource=lookup_film_width; RawDescription=3669 - 3M PR 70 48""","false","","","2026-01-14","Imported from Zeroed Out Inventory tab","migration"
"IL-3666","3M Solar","3M PR 70","48","0","0","","ZEROED","2026-01-14","2026-01-14","","","","3M SOLAR|3M PR 70","","","","","SourceSheet=Zeroed Out Inventory; SourceRow=193; DateMethod=back_fill_from_next; ManufacturerSource=lookup_film_width; RawDescription=3666 - 3M PR 70 48""","false","","","2026-01-14","Imported from Zeroed Out Inventory tab","migration"
"IL-3781","3M Solar","3M NV 15","48","0","0","C168324328","ZEROED","2026-01-14","2026-01-14","","","","3M SOLAR|3M NV 15","","","","","SourceSheet=Zeroed Out Inventory; SourceRow=194; DateMethod=back_fill_from_next; ManufacturerSource=lookup_film; RawDescription=3781 - 3M NV 15 48""","false","","","2026-01-14","Imported from Zeroed Out Inventory tab","migration"
"IL-3683","3M Solar","3M NV 15","72","0","0","B09432131","ZEROED","2026-01-14","2026-01-14","","","","3M SOLAR|3M NV 15","","","","","SourceSheet=Zeroed Out Inventory; SourceRow=195; DateMethod=back_fill_from_next; ManufacturerSource=lookup_film_width; RawDescription=3683 - 3M NV 15 72""","false","","","2026-01-14","Imported from Zeroed Out Inventory tab","migration"
"IL-3769","3M Solar","3M NV 15","36","0","0","B19934019","ZEROED","2026-01-14","2026-01-14","","","","3M SOLAR|3M NV 15","","","","","SourceSheet=Zeroed Out Inventory; SourceRow=196; DateMethod=back_fill_from_next; ManufacturerSource=lookup_film_width; RawDescription=3769 - 3M NV 15 36""","false","","","2026-01-14","Imported from Zeroed Out Inventory tab","migration"
"IL-3684","3M Solar","3M NV 15","60","0","0","B199324019","ZEROED","2026-01-14","2026-01-14","","","","3M SOLAR|3M NV 15","","","","","SourceSheet=Zeroed Out Inventory; SourceRow=197; DateMethod=back_fill_from_next; ManufacturerSource=lookup_film_width; RawDescription=3684 - 3M NV 15 60""","false","","","2026-01-14","Imported from Zeroed Out Inventory tab","migration"
"IL-3820","3M Solar","3M NV 15","60","0","0","","ZEROED","2026-01-14","2026-01-14","","","","3M SOLAR|3M NV 15","","","","","SourceSheet=Zeroed Out Inventory; SourceRow=198; DateMethod=back_fill_from_next; ManufacturerSource=lookup_film_width; RawDescription=3820 - 3M NV 15 60""","false","","","2026-01-14","Imported from Zeroed Out Inventory tab","migration"
"IL-3819","3M Solar","3M NV 15","60","0","0","","ZEROED","2026-01-14","2026-01-14","","","","3M SOLAR|3M NV 15","","","","","SourceSheet=Zeroed Out Inventory; SourceRow=199; DateMethod=back_fill_from_next; ManufacturerSource=lookup_film_width; RawDescription=3819 - 3M NV 15 60""","false","","","2026-01-14","Imported from Zeroed Out Inventory tab","migration"
"IL-3486","3M Solar","3M NV 15","60","0","0","C0332324221","ZEROED","2026-01-14","2026-01-14","","","","3M SOLAR|3M NV 15","","","","","SourceSheet=Zeroed Out Inventory; SourceRow=200; DateMethod=back_fill_from_next; ManufacturerSource=lookup_film_width; RawDescription=3486 - 3M NV 15 60""","false","","","2026-01-14","Imported from Zeroed Out Inventory tab","migration"
"IL-3658","Solar Guard","SG Panorama Slate 10","48","0","0","5.397677055E9","ZEROED","2026-01-14","2026-01-14","","","","SOLAR GUARD|SG PANORAMA SLATE 10","","","","","SourceSheet=Zeroed Out Inventory; SourceRow=201; DateMethod=back_fill_from_next; ManufacturerSource=keyword_solar_guard; RawDescription=3658 - SG Panorama Slate 10 48""","false","","","2026-01-14","Imported from Zeroed Out Inventory tab","migration"
"IL-3466","3M Solar","PR 40","72","0","0","C017324208","ZEROED","2026-01-14","2026-01-14","","","","3M SOLAR|PR 40","","","","","SourceSheet=Zeroed Out Inventory; SourceRow=202; DateMethod=back_fill_from_next; ManufacturerSource=default_vinyl; RawDescription=3466- PR 40  72""; ManufacturerReview=auto_high_confidence; ManufacturerBefore=Vinyl; ManufacturerAfter=3M Solar","false","","","2026-01-14","Imported from Zeroed Out Inventory tab","migration"
"IL-3207","Fasara","3M Milano SH2MAML","60","0","0","","ZEROED","2026-01-14","2026-01-14","","","","FASARA|3M MILANO SH2MAML","","","","","SourceSheet=Zeroed Out Inventory; SourceRow=203; DateMethod=back_fill_from_next; ManufacturerSource=keyword_fasara; RawDescription=3207 - 3M Milano SH2MAML 60""","false","","","2026-01-14","Imported from Zeroed Out Inventory tab","migration"
"IL-2917","Security","Safetyshield 800 SRS 220","60","0","0","2.021832028E9","ZEROED","2026-01-14","2026-01-14","","","","SECURITY|SAFETYSHIELD 800 SRS 220","","","","","SourceSheet=Zeroed Out Inventory; SourceRow=204; DateMethod=back_fill_from_next; ManufacturerSource=keyword_security; RawDescription=2917 - Safetyshield 800 SRS 220 60""","false","","","2026-01-14","Imported from Zeroed Out Inventory tab","migration"
"IL-3828","Llumar","Llumar Vista 58 (V58)","48","0","0","","ZEROED","2026-01-14","2026-01-14","","","","LLUMAR|LLUMAR VISTA 58 (V58)","","","","","SourceSheet=Zeroed Out Inventory; SourceRow=205; DateMethod=back_fill_from_next; ManufacturerSource=lookup_film_width; RawDescription=3828 - Llumar Vista 58 (V58) 48""","false","","","2026-01-14","Imported from Zeroed Out Inventory tab","migration"
"IL-3829","Llumar","Llumar Vista 58 (V58)","48","0","0","","ZEROED","2026-01-14","2026-01-14","","","","LLUMAR|LLUMAR VISTA 58 (V58)","","","","","SourceSheet=Zeroed Out Inventory; SourceRow=206; DateMethod=back_fill_from_next; ManufacturerSource=lookup_film_width; RawDescription=3829 - Llumar Vista 58 (V58) 48""","false","","","2026-01-14","Imported from Zeroed Out Inventory tab","migration"
"IL-3832","Llumar","Llumar Vista 58 (V58)","48","0","0","","ZEROED","2026-01-14","2026-01-14","","","","LLUMAR|LLUMAR VISTA 58 (V58)","","","","","SourceSheet=Zeroed Out Inventory; SourceRow=207; DateMethod=back_fill_from_next; ManufacturerSource=lookup_film_width; RawDescription=3832 - Llumar Vista 58 (V58) 48""","false","","","2026-01-14","Imported from Zeroed Out Inventory tab","migration"
"IL-3836","Llumar","Llumar Vista 58 (V58)","48","0","0","","ZEROED","2026-01-14","2026-01-14","","","","LLUMAR|LLUMAR VISTA 58 (V58)","","","","","SourceSheet=Zeroed Out Inventory; SourceRow=208; DateMethod=back_fill_from_next; ManufacturerSource=lookup_film_width; RawDescription=3836 - Llumar Vista 58 (V58) 48""","false","","","2026-01-14","Imported from Zeroed Out Inventory tab","migration"
"IL-3837","Llumar","Llumar Vista 58 (V58)","48","0","0","","ZEROED","2026-01-14","2026-01-14","","","","LLUMAR|LLUMAR VISTA 58 (V58)","","","","","SourceSheet=Zeroed Out Inventory; SourceRow=209; DateMethod=back_fill_from_next; ManufacturerSource=lookup_film_width; RawDescription=3837 - Llumar Vista 58 (V58) 48""","false","","","2026-01-14","Imported from Zeroed Out Inventory tab","migration"
"IL-3090","Solar Guard","SG SLATE 40 36"" MISSING","36","0","0","","ZEROED","2026-01-14","2026-01-14","","","","SOLAR GUARD|SG SLATE 40 36"" MISSING","","","","","SourceSheet=Zeroed Out Inventory; SourceRow=237; DateMethod=back_fill_from_next; ManufacturerSource=keyword_solar_guard; RawDescription=3090 - SG SLATE 40 36""     MISSING","false","","","2026-01-14","Imported from Zeroed Out Inventory tab","migration"
"IL-3133","Solar Guard","SG SX 50","48","0","0","5.402883093E9","ZEROED","2026-01-14","2026-01-14","","","","SOLAR GUARD|SG SX 50","","","","","SourceSheet=Zeroed Out Inventory; SourceRow=241; DateMethod=back_fill_from_next; ManufacturerSource=lookup_film; RawDescription=3133 - SG SX 50 48""","false","","","2026-01-14","Imported from Zeroed Out Inventory tab","migration"
"IL-3156","Solar Guard","Panaroma Slate 40","72","0","0","5.396790048E9","ZEROED","2026-01-14","2026-01-14","","","","SOLAR GUARD|PANAROMA SLATE 40","","","","","SourceSheet=Zeroed Out Inventory; SourceRow=244; DateMethod=back_fill_from_next; ManufacturerSource=keyword_solar_guard; RawDescription=3156 - Panaroma Slate 40 72""","false","","","2026-01-14","Imported from Zeroed Out Inventory tab","migration"
"IL-3662","Solar Guard","SG TrueVue 40","72","0","0","5.398733059E9","ZEROED","2026-01-14","2026-01-14","","","","SOLAR GUARD|SG TRUEVUE 40","","","","","SourceSheet=Zeroed Out Inventory; SourceRow=251; DateMethod=back_fill_from_next; ManufacturerSource=lookup_film_width; RawDescription=3662 - SG TrueVue 40 72""","false","","","2026-01-14","Imported from Zeroed Out Inventory tab","migration"
"IL-3511","Solar Guard","Sterling 70","48","0","0","5.141400004E10","ZEROED","2026-01-14","2026-01-14","","","","SOLAR GUARD|STERLING 70","","","","","SourceSheet=Zeroed Out Inventory; SourceRow=253; DateMethod=back_fill_from_next; ManufacturerSource=keyword_solar_guard; RawDescription=3511-Sterling 70 48""","false","","","2026-01-14","Imported from Zeroed Out Inventory tab","migration"
"IL-3633","Solar Guard","SG TrueVue 40","48","0","0","5.416617055E9","ZEROED","2026-01-14","2026-01-14","","","","SOLAR GUARD|SG TRUEVUE 40","","","","","SourceSheet=Zeroed Out Inventory; SourceRow=255; DateMethod=back_fill_from_next; ManufacturerSource=lookup_film_width; RawDescription=3633 - SG TrueVue 40 48""","false","","","2026-01-14","Imported from Zeroed Out Inventory tab","migration"
"IL-1757","ASWFVKOOL","ASWF Blackout","60","0","0","6029S","ZEROED","2026-01-14","2026-01-14","","","","ASWFVKOOL|ASWF BLACKOUT","","","","","SourceSheet=Zeroed Out Inventory; SourceRow=256; DateMethod=back_fill_from_next; ManufacturerSource=keyword_aswfvkool; RawDescription=1757- ASWF Blackout 60""","false","","","2026-01-14","Imported from Zeroed Out Inventory tab","migration"
"IL-3782","Solar Guard","SG Slate 30 (Panorama)","72","0","0","","ZEROED","2026-01-14","2026-01-14","","","","SOLAR GUARD|SG SLATE 30 (PANORAMA)","","","","","SourceSheet=Zeroed Out Inventory; SourceRow=257; DateMethod=back_fill_from_next; ManufacturerSource=keyword_solar_guard; RawDescription=3782 - SG Slate 30 (Panorama) 72""","false","","","2026-01-14","Imported from Zeroed Out Inventory tab","migration"
"IL-3155","Solar Guard","Panaroma Slate 40","60","0","0","5.409600017E9","ZEROED","2026-01-14","2026-01-14","","","","SOLAR GUARD|PANAROMA SLATE 40","","","","","SourceSheet=Zeroed Out Inventory; SourceRow=258; DateMethod=back_fill_from_next; ManufacturerSource=keyword_solar_guard; RawDescription=3155 - Panaroma Slate 40 60""","false","","","2026-01-14","Imported from Zeroed Out Inventory tab","migration"
"IL-3851","Fasara","3M Fabric-Sensai Linen Champagne Gold SH2CSSEC","50","0","0","","ZEROED","2026-01-14","2026-01-14","","","","FASARA|3M FABRIC-SENSAI LINEN CHAMPAGNE GOLD SH2CSSEC","","","","","SourceSheet=Zeroed Out Inventory; SourceRow=260; DateMethod=back_fill_from_next; ManufacturerSource=lookup_film_width; RawDescription=3851 - 3M Fabric-Sensai Linen Champagne Gold SH2CSSEC 50""","false","","","2026-01-14","Imported from Zeroed Out Inventory tab","migration"
"IL-3692","3M Solar","3M Affinity 30","72","0","0","","ZEROED","2026-01-14","2026-01-14","","","","3M SOLAR|3M AFFINITY 30","","","","","SourceSheet=Zeroed Out Inventory; SourceRow=261; DateMethod=back_fill_from_next; ManufacturerSource=lookup_film; RawDescription=3692 - 3M Affinity 30 72""","false","","","2026-01-14","Imported from Zeroed Out Inventory tab","migration"
"IL-2068","3M Solar","3M Affinity 30","50","0","0","70-0063-4482-7","ZEROED","2026-01-14","2026-01-14","","","","3M SOLAR|3M AFFINITY 30","","","","","SourceSheet=Zeroed Out Inventory; SourceRow=262; DateMethod=back_fill_from_next; ManufacturerSource=lookup_film; RawDescription=2068 - 3M Affinity 30 50""","false","","","2026-01-14","Imported from Zeroed Out Inventory tab","migration"
"IL-3733","Llumar","Llumar Frost NRM PS2","60","0","0","","ZEROED","2026-01-14","2026-01-14","","","","LLUMAR|LLUMAR FROST NRM PS2","","","","","SourceSheet=Zeroed Out Inventory; SourceRow=264; DateMethod=back_fill_from_next; ManufacturerSource=lookup_film_width; RawDescription=3733 - Llumar Frost NRM PS2 60""","false","","","2026-01-14","Imported from Zeroed Out Inventory tab","migration"
"IL-1761","3M Solar","Ceramic 50","72","0","0","313093-07235","ZEROED","2026-01-14","2026-01-14","","","","3M SOLAR|CERAMIC 50","","","","","SourceSheet=Zeroed Out Inventory; SourceRow=266; DateMethod=back_fill_from_next; ManufacturerSource=default_vinyl; RawDescription=1761 - Ceramic 50 72""; ManufacturerReview=auto_high_confidence; ManufacturerBefore=Vinyl; ManufacturerAfter=3M Solar","false","","","2026-01-14","Imported from Zeroed Out Inventory tab","migration"
"IL-3455","3M Solar","3M NV 25","72","0","0","B260324095","ZEROED","2026-01-14","2026-01-14","","","","3M SOLAR|3M NV 25","","","","","SourceSheet=Zeroed Out Inventory; SourceRow=267; DateMethod=back_fill_from_next; ManufacturerSource=lookup_film; RawDescription=3455 - 3M NV 25 72""","false","","","2026-01-14","Imported from Zeroed Out Inventory tab","migration"
"IL-3131","Solar Guard","Panaroma Slate 20","60","0","0","5.409510019E9","ZEROED","2026-01-14","2026-01-14","","","","SOLAR GUARD|PANAROMA SLATE 20","","","","","SourceSheet=Zeroed Out Inventory; SourceRow=268; DateMethod=back_fill_from_next; ManufacturerSource=lookup_film; RawDescription=3131 - Panaroma Slate 20 60""","false","","","2026-01-14","Imported from Zeroed Out Inventory tab","migration"
"IL-3742","Solar Guard","SG (Panorama) Slate 30","60","0","0","5.41739203E9","ZEROED","2026-01-14","2026-01-14","","","","SOLAR GUARD|SG (PANORAMA) SLATE 30","","","","","SourceSheet=Zeroed Out Inventory; SourceRow=269; DateMethod=back_fill_from_next; ManufacturerSource=lookup_film; RawDescription=3742 - SG (Panorama) Slate 30 60""","false","","","2026-01-14","Imported from Zeroed Out Inventory tab","migration"
"IL-3670","3M Solar","3M PR 60","48","0","0","A297323793","ZEROED","2026-01-14","2026-01-14","","","","3M SOLAR|3M PR 60","","","","","SourceSheet=Zeroed Out Inventory; SourceRow=270; DateMethod=back_fill_from_next; ManufacturerSource=lookup_film_width; RawDescription=3670 - 3M PR 60 48""","false","","","2026-01-14","Imported from Zeroed Out Inventory tab","migration"
"IL-3824","3M Solar","3M PR 20 Ext","72","0","0","C177324339","ZEROED","2026-01-14","2026-01-14","","","","3M SOLAR|3M PR 20 EXT","","","","","SourceSheet=Zeroed Out Inventory; SourceRow=271; DateMethod=back_fill_from_next; ManufacturerSource=lookup_film_width; RawDescription=3824 - 3M PR 20 Ext 72""","false","","","2026-01-14","Imported from Zeroed Out Inventory tab","migration"
"IL-3665","3M Solar","3M PR 70","72","0","0","460D015P27","ZEROED","2026-01-14","2026-01-14","","","","3M SOLAR|3M PR 70","","","","","SourceSheet=Zeroed Out Inventory; SourceRow=272; DateMethod=back_fill_from_next; ManufacturerSource=lookup_film_width; RawDescription=3665 - 3M PR 70 72""","false","","","2026-01-14","Imported from Zeroed Out Inventory tab","migration"
"IL-3601","3M Solar","PR 70","72","0","0","C091324269","ZEROED","2026-01-14","2026-01-14","","","","3M SOLAR|PR 70","","","","","SourceSheet=Zeroed Out Inventory; SourceRow=273; DateMethod=back_fill_from_next; ManufacturerSource=default_vinyl; RawDescription=3601 - PR 70 72""; ManufacturerReview=auto_high_confidence; ManufacturerBefore=Vinyl; ManufacturerAfter=3M Solar","false","","","2026-01-14","Imported from Zeroed Out Inventory tab","migration"
"IL-3766","Fasara","3M Fabric-Sensai Linen (Champagne Gold) SH2CSSEC","50","0","0","1.04248859E8","ZEROED","2026-01-14","2026-01-14","","","","FASARA|3M FABRIC-SENSAI LINEN (CHAMPAGNE GOLD) SH2CSSEC","","","","","SourceSheet=Zeroed Out Inventory; SourceRow=274; DateMethod=back_fill_from_next; ManufacturerSource=lookup_film_width; RawDescription=3766 - 3M Fabric-Sensai Linen (Champagne Gold) SH2CSSEC 50""","false","","","2026-01-14","Imported from Zeroed Out Inventory tab","migration"
"IL-8078","Fasara","CHAMONIX SH2EMCH","50","0","0","","ZEROED","2026-01-14","2026-01-14","","","","FASARA|CHAMONIX SH2EMCH","","","","","SourceSheet=Zeroed Out Inventory; SourceRow=275; DateMethod=back_fill_from_next; ManufacturerSource=keyword_fasara; RawDescription=8078- CHAMONIX SH2EMCH  50""","false","","","2026-01-14","Imported from Zeroed Out Inventory tab","migration"
"IL-3893B","Di-Noc","3M Di-Noc Wood Grain Ext. WG1044EX","48","0","0","922387.0","ZEROED","2026-01-14","2026-01-14","","","","DI-NOC|3M DI-NOC WOOD GRAIN EXT. WG1044EX","","","","","SourceSheet=Zeroed Out Inventory; SourceRow=276; DateMethod=back_fill_from_next; ManufacturerSource=lookup_film_width; RawDescription=3893B- 3M Di-Noc Wood Grain Ext. WG1044EX 48""","false","","","2026-01-14","Imported from Zeroed Out Inventory tab","migration"
"IL-3054","Llumar","RN 07","48","0","0","451C032","ZEROED","2026-01-14","2026-01-14","","","","LLUMAR|RN 07","","","","","SourceSheet=Zeroed Out Inventory; SourceRow=278; DateMethod=back_fill_from_next; ManufacturerSource=default_vinyl; RawDescription=3054- RN 07 48""; ManufacturerManualReview=move; ManufacturerBefore=Vinyl; ManufacturerAfter=Llumar; DecisionAtUtc=2026-03-14T22:41:55Z","false","","","2026-01-14","Imported from Zeroed Out Inventory tab","migration"
"IL-3719","Llumar","Llumar White Out NRMW PS3","60","0","0","5.0143737E7","ZEROED","2026-01-14","2026-01-14","","","","LLUMAR|LLUMAR WHITE OUT NRMW PS3","","","","","SourceSheet=Zeroed Out Inventory; SourceRow=279; DateMethod=back_fill_from_next; ManufacturerSource=lookup_film_width; RawDescription=3719 - Llumar White Out NRMW PS3 60""","false","","","2026-01-14","Imported from Zeroed Out Inventory tab","migration"
"M214A","Security","Security 3M Ultra S800","48","0","0","B131323955","ZEROED","2026-01-14","2026-01-14","","","","SECURITY|SECURITY 3M ULTRA S800","","","","","SourceSheet=Zeroed Out Inventory; SourceRow=280; DateMethod=back_fill_from_next; ManufacturerSource=keyword_security; RawDescription=M214A - Security 3M Ultra S800 48""","false","","","2026-01-14","Imported from Zeroed Out Inventory tab","migration"
"IL-3871","Security","3M UltraS800","60","0","0","","ZEROED","2026-01-14","2026-01-14","","","","SECURITY|3M ULTRAS800","","","","","SourceSheet=Zeroed Out Inventory; SourceRow=281; DateMethod=back_fill_from_next; ManufacturerSource=keyword_security; RawDescription=3871 - 3M UltraS800 60""","false","","","2026-01-14","Imported from Zeroed Out Inventory tab","migration"
"IL-3855","Security","3M Ultra S800","60","0","0","","ZEROED","2026-01-14","2026-01-14","","","","SECURITY|3M ULTRA S800","","","","","SourceSheet=Zeroed Out Inventory; SourceRow=282; DateMethod=back_fill_from_next; ManufacturerSource=lookup_film_width; RawDescription=3855 - 3M Ultra S800 60""","false","","","2026-01-14","Imported from Zeroed Out Inventory tab","migration"
"IL-3177","Solyx","SOLYX SX-1301 Clear Frost","60","0","0","","ZEROED","2026-01-14","2026-01-14","","","","SOLYX|SOLYX SX-1301 CLEAR FROST","","","","","SourceSheet=Zeroed Out Inventory; SourceRow=283; DateMethod=back_fill_from_next; ManufacturerSource=keyword_solyx; RawDescription=3177 - SOLYX SX-1301 Clear Frost 60""","false","","","2026-01-14","Imported from Zeroed Out Inventory tab","migration"
"IL-3895","Security","3M UltraS800","60","0","0","","ZEROED","2026-01-14","2026-01-14","","","","SECURITY|3M ULTRAS800","","","","","SourceSheet=Zeroed Out Inventory; SourceRow=284; DateMethod=back_fill_from_next; ManufacturerSource=keyword_security; RawDescription=3895 - 3M UltraS800 60""","false","","","2026-01-14","Imported from Zeroed Out Inventory tab","migration"
"IL-3863","Solar Guard","SG TrueVue 15","60","0","0","5.416619051E9","ZEROED","2026-01-14","2026-01-14","","","","SOLAR GUARD|SG TRUEVUE 15","","","","","SourceSheet=Zeroed Out Inventory; SourceRow=285; DateMethod=back_fill_from_next; ManufacturerSource=lookup_film_width; RawDescription=3863 - SG TrueVue 15 60""","false","","","2026-01-14","Imported from Zeroed Out Inventory tab","migration"
"IL-3867","Solar Guard","SG TrueVue 15","60","0","0","5.414940103E9","ZEROED","2026-01-14","2026-01-14","","","","SOLAR GUARD|SG TRUEVUE 15","","","","","SourceSheet=Zeroed Out Inventory; SourceRow=286; DateMethod=back_fill_from_next; ManufacturerSource=lookup_film_width; RawDescription=3867 - SG TrueVue 15 60""","false","","","2026-01-14","Imported from Zeroed Out Inventory tab","migration"
"IL-3865","Solar Guard","SG TrueVue 15","60","0","0","5.417951015E9","ZEROED","2026-01-14","2026-01-14","","","","SOLAR GUARD|SG TRUEVUE 15","","","","","SourceSheet=Zeroed Out Inventory; SourceRow=287; DateMethod=back_fill_from_next; ManufacturerSource=lookup_film_width; RawDescription=3865 - SG TrueVue 15 60""","false","","","2026-01-14","Imported from Zeroed Out Inventory tab","migration"
"IL-3811","3M Solar","3M Black IPA Caulk","60","0","0","0.0","ZEROED","2026-01-14","2026-01-14","","","","3M SOLAR|3M BLACK IPA CAULK","","","","","SourceSheet=Zeroed Out Inventory; SourceRow=288; DateMethod=back_fill_from_next; ManufacturerSource=keyword_3m_default; RawDescription=3811 - 3M Black IPA Caulk","false","","","2026-01-14","Imported from Zeroed Out Inventory tab","migration"
"IL-3823","3M Solar","3M Black IPA Caulk","60","0","0","0.0","ZEROED","2026-01-14","2026-01-14","","","","3M SOLAR|3M BLACK IPA CAULK","","","","","SourceSheet=Zeroed Out Inventory; SourceRow=289; DateMethod=back_fill_from_next; ManufacturerSource=keyword_3m_default; RawDescription=3823 - 3M Black IPA Caulk","false","","","2026-01-14","Imported from Zeroed Out Inventory tab","migration"
"IL-3776","Vinyl","Black Caulk","60","0","0","","ZEROED","2026-01-14","2026-01-14","","","","VINYL|BLACK CAULK","","","","","SourceSheet=Zeroed Out Inventory; SourceRow=290; DateMethod=back_fill_from_next; ManufacturerSource=keyword_vinyl; RawDescription=3776 - Black Caulk","false","","","2026-01-14","Imported from Zeroed Out Inventory tab","migration"
"IL-3779","Vinyl","Coastal Black Caulk","60","0","0","","ZEROED","2026-01-14","2026-01-14","","","","VINYL|COASTAL BLACK CAULK","","","","","SourceSheet=Zeroed Out Inventory; SourceRow=291; DateMethod=back_fill_from_next; ManufacturerSource=keyword_vinyl; RawDescription=3779 - Coastal Black Caulk","false","","","2026-01-14","Imported from Zeroed Out Inventory tab","migration"
"IL-3426","Security","3M SH14CLARL 14 MIL","60","0","0","0.0","ZEROED","2026-01-14","2026-01-14","","","","SECURITY|3M SH14CLARL 14 MIL","","","","","SourceSheet=Zeroed Out Inventory; SourceRow=292; DateMethod=back_fill_from_next; ManufacturerSource=keyword_security; RawDescription=3426 - 3M SH14CLARL 14 MIL 60""","false","","","2026-01-14","Imported from Zeroed Out Inventory tab","migration"
"IL-3460","Security","3M 14 MIL SH14CLARL","60","0","0","","ZEROED","2026-01-14","2026-01-14","","","","SECURITY|3M 14 MIL SH14CLARL","","","","","SourceSheet=Zeroed Out Inventory; SourceRow=293; DateMethod=back_fill_from_next; ManufacturerSource=keyword_security; RawDescription=3460- 3M 14 MIL SH14CLARL 60""","false","","","2026-01-14","Imported from Zeroed Out Inventory tab","migration"
"IL-3617","Security","3M UltraS800","72","0","0","B264324098","ZEROED","2026-01-14","2026-01-14","","","","SECURITY|3M ULTRAS800","","","","","SourceSheet=Zeroed Out Inventory; SourceRow=294; DateMethod=back_fill_from_next; ManufacturerSource=keyword_security; RawDescription=3617 - 3M UltraS800 72""","false","","","2026-01-14","Imported from Zeroed Out Inventory tab","migration"
"IL-2326","3M Solar","3M Silver 20 60"" MISSING","60","0","0","1.191909E7","ZEROED","2026-01-14","2026-01-14","","","","3M SOLAR|3M SILVER 20 60"" MISSING","","","","","SourceSheet=Zeroed Out Inventory; SourceRow=295; DateMethod=back_fill_from_next; ManufacturerSource=keyword_3m_default; RawDescription=2326 - 3M Silver 20 60""                       MISSING","false","","","2026-01-14","Imported from Zeroed Out Inventory tab","migration"
"IL-3902","Llumar","Llumar Bronze 20 N1020B","60","0","0","","ZEROED","2026-01-14","2026-01-14","","","","LLUMAR|LLUMAR BRONZE 20 N1020B","","","","","SourceSheet=Zeroed Out Inventory; SourceRow=296; DateMethod=back_fill_from_next; ManufacturerSource=lookup_film_width; RawDescription=3902 - Llumar Bronze 20 N1020B 60""","false","","","2026-01-14","Imported from Zeroed Out Inventory tab","migration"
"IL-3903","Llumar","Llumar Bronze 20 N1020B","60","0","0","","ZEROED","2026-01-14","2026-01-14","","","","LLUMAR|LLUMAR BRONZE 20 N1020B","","","","","SourceSheet=Zeroed Out Inventory; SourceRow=297; DateMethod=back_fill_from_next; ManufacturerSource=lookup_film_width; RawDescription=3903 - Llumar Bronze 20 N1020B 60""","false","","","2026-01-14","Imported from Zeroed Out Inventory tab","migration"
"IL-3831","Llumar","Llumar Vista 58 (V58)","48","0","0","","ZEROED","2026-01-14","2026-01-14","","","","LLUMAR|LLUMAR VISTA 58 (V58)","","","","","SourceSheet=Zeroed Out Inventory; SourceRow=298; DateMethod=back_fill_from_next; ManufacturerSource=lookup_film_width; RawDescription=3831 - Llumar Vista 58 (V58) 48""","false","","","2026-01-14","Imported from Zeroed Out Inventory tab","migration"
"IL-3833","Llumar","Llumar Vista 58 (V58)","48","0","0","","ZEROED","2026-01-14","2026-01-14","","","","LLUMAR|LLUMAR VISTA 58 (V58)","","","","","SourceSheet=Zeroed Out Inventory; SourceRow=299; DateMethod=back_fill_from_next; ManufacturerSource=lookup_film_width; RawDescription=3833 - Llumar Vista 58 (V58) 48""","false","","","2026-01-14","Imported from Zeroed Out Inventory tab","migration"
"IL-3834","Llumar","Llumar Vista 58 (V58)","48","0","0","","ZEROED","2026-01-14","2026-01-14","","","","LLUMAR|LLUMAR VISTA 58 (V58)","","","","","SourceSheet=Zeroed Out Inventory; SourceRow=300; DateMethod=back_fill_from_next; ManufacturerSource=lookup_film_width; RawDescription=3834 - Llumar Vista 58 (V58) 48""","false","","","2026-01-14","Imported from Zeroed Out Inventory tab","migration"
"IL-3875","Security","3M UltraS800","36","0","0","","ZEROED","2026-01-14","2026-01-14","","","","SECURITY|3M ULTRAS800","","","","","SourceSheet=Zeroed Out Inventory; SourceRow=301; DateMethod=back_fill_from_next; ManufacturerSource=keyword_security; RawDescription=3875 - 3M UltraS800 36""","false","","","2026-01-14","Imported from Zeroed Out Inventory tab","migration"
"IL-3873","Security","3M UltraS800","72","0","0","","ZEROED","2026-01-14","2026-01-14","","","","SECURITY|3M ULTRAS800","","","","","SourceSheet=Zeroed Out Inventory; SourceRow=302; DateMethod=back_fill_from_next; ManufacturerSource=keyword_security; RawDescription=3873 - 3M UltraS800 72""","false","","","2026-01-14","Imported from Zeroed Out Inventory tab","migration"
"IL-8187","Llumar","Llumar DR 15 Safety 9 MIL","72","0","0","","ZEROED","2026-01-14","2026-01-14","","","","LLUMAR|LLUMAR DR 15 SAFETY 9 MIL","","","","","SourceSheet=Zeroed Out Inventory; SourceRow=303; DateMethod=back_fill_from_next; ManufacturerSource=keyword_llumar; RawDescription=8187 - Llumar DR 15 Safety 9 MIL 72""","false","","","2026-01-14","Imported from Zeroed Out Inventory tab","migration"
"IL-3312","3M Solar","NV 25","60","0","0","B197324018","ZEROED","2026-01-14","2026-01-14","","","","3M SOLAR|NV 25","","","","","SourceSheet=Zeroed Out Inventory; SourceRow=304; DateMethod=back_fill_from_next; ManufacturerSource=default_vinyl; RawDescription=3312- NV 25  60""; ManufacturerManualReview=move; ManufacturerBefore=Vinyl; ManufacturerAfter=3M Solar; DecisionAtUtc=2026-03-14T22:40:22Z","false","","","2026-01-14","Imported from Zeroed Out Inventory tab","migration"
"IL-3685","3M Solar","3M NV 25","60","0","0","70-0066--6190-7","ZEROED","2026-01-14","2026-01-14","","","","3M SOLAR|3M NV 25","","","","","SourceSheet=Zeroed Out Inventory; SourceRow=305; DateMethod=back_fill_from_next; ManufacturerSource=lookup_film_width; RawDescription=3685 - 3M NV 25 60""","false","","","2026-01-14","Imported from Zeroed Out Inventory tab","migration"
"IL-3908","3M Solar","3M NV 25","60","0","0","0.0","ZEROED","2026-01-14","2026-01-14","","","","3M SOLAR|3M NV 25","","","","","SourceSheet=Zeroed Out Inventory; SourceRow=306; DateMethod=back_fill_from_next; ManufacturerSource=lookup_film_width; RawDescription=3908 - 3M NV 25 60""","false","","","2026-01-14","Imported from Zeroed Out Inventory tab","migration"
"IL-3907","3M Solar","3M NV 25","60","0","0","0.0","ZEROED","2026-01-14","2026-01-14","","","","3M SOLAR|3M NV 25","","","","","SourceSheet=Zeroed Out Inventory; SourceRow=307; DateMethod=back_fill_from_next; ManufacturerSource=lookup_film_width; RawDescription=3907 - 3M NV 25 60""","false","","","2026-01-14","Imported from Zeroed Out Inventory tab","migration"
"IL-3276","Solar Guard","DR Slate 10","60","0","0","5.410884018E9","ZEROED","2026-01-14","2026-01-14","","","","SOLAR GUARD|DR SLATE 10","","","","","SourceSheet=Zeroed Out Inventory; SourceRow=309; DateMethod=back_fill_from_next; ManufacturerSource=keyword_solar_guard; RawDescription=3276 - DR Slate 10 60""","false","","","2026-01-14","Imported from Zeroed Out Inventory tab","migration"
"IL-3449","3M Solar","3M PR 50","60","0","0","B324324172","ZEROED","2026-01-14","2026-01-14","","","","3M SOLAR|3M PR 50","","","","","SourceSheet=Zeroed Out Inventory; SourceRow=310; DateMethod=back_fill_from_next; ManufacturerSource=lookup_film_width; RawDescription=3449 - 3M PR 50 60""","false","","","2026-01-14","Imported from Zeroed Out Inventory tab","migration"
"IL-3405","3M Solar","PR 50","72","0","0","B140323960","ZEROED","2026-01-14","2026-01-14","","","","3M SOLAR|PR 50","","","","","SourceSheet=Zeroed Out Inventory; SourceRow=311; DateMethod=back_fill_from_next; ManufacturerSource=default_vinyl; RawDescription=3405 - PR 50 72""; ManufacturerReview=auto_high_confidence; ManufacturerBefore=Vinyl; ManufacturerAfter=3M Solar","false","","","2026-01-14","Imported from Zeroed Out Inventory tab","migration"
"IL-3554","3M Solar","3M PR 20","72","0","0","B229324060","ZEROED","2026-01-14","2026-01-14","","","","3M SOLAR|3M PR 20","","","","","SourceSheet=Zeroed Out Inventory; SourceRow=313; DateMethod=back_fill_from_next; ManufacturerSource=lookup_film_width; RawDescription=3554 - 3M PR 20 72""","false","","","2026-01-14","Imported from Zeroed Out Inventory tab","migration"
"IL-3555","3M Solar","3M PR 20","72","0","0","B229324060","ZEROED","2026-01-14","2026-01-14","","","","3M SOLAR|3M PR 20","","","","","SourceSheet=Zeroed Out Inventory; SourceRow=314; DateMethod=back_fill_from_next; ManufacturerSource=lookup_film_width; RawDescription=3555 - 3M PR 20 72""","false","","","2026-01-14","Imported from Zeroed Out Inventory tab","migration"
"IL-3159","3M Solar","3M PRX 70 Ext","60","0","0","","ZEROED","2026-01-14","2026-01-14","","","","3M SOLAR|3M PRX 70 EXT","","","","","SourceSheet=Zeroed Out Inventory; SourceRow=315; DateMethod=back_fill_from_next; ManufacturerSource=keyword_3m_solar; RawDescription=3159 - 3M PRX 70 Ext 60""","false","","","2026-01-14","Imported from Zeroed Out Inventory tab","migration"
"IL-3653","Solar Guard","SG TrueVue 40","48","0","0","5.394051013E9","ZEROED","2026-01-14","2026-01-14","","","","SOLAR GUARD|SG TRUEVUE 40","","","","","SourceSheet=Zeroed Out Inventory; SourceRow=316; DateMethod=back_fill_from_next; ManufacturerSource=lookup_film_width; RawDescription=3653 - SG TrueVue 40 48""","false","","","2026-01-14","Imported from Zeroed Out Inventory tab","migration"
"IL-3192","Llumar","Vista Neutral 45","72","0","0","471D068P11","ZEROED","2026-01-14","2026-01-14","","","","LLUMAR|VISTA NEUTRAL 45","","","","","SourceSheet=Zeroed Out Inventory; SourceRow=317; DateMethod=back_fill_from_next; ManufacturerSource=keyword_llumar; RawDescription=3192-Vista Neutral 45 72""","false","","","2026-01-14","Imported from Zeroed Out Inventory tab","migration"
"IL-3626","Llumar","Llumar Frost NRM PS2","60","0","0","462F038","ZEROED","2026-01-14","2026-01-14","","","","LLUMAR|LLUMAR FROST NRM PS2","","","","","SourceSheet=Zeroed Out Inventory; SourceRow=318; DateMethod=back_fill_from_next; ManufacturerSource=lookup_film_width; RawDescription=3626 - Llumar Frost NRM PS2 60""","false","","","2026-01-14","Imported from Zeroed Out Inventory tab","migration"
"IL-8186","Llumar","Llumar DR 15 Safety 9 MIL","60","0","0","","ZEROED","2026-01-14","2026-01-14","","","","LLUMAR|LLUMAR DR 15 SAFETY 9 MIL","","","","","SourceSheet=Zeroed Out Inventory; SourceRow=320; DateMethod=back_fill_from_next; ManufacturerSource=keyword_llumar; RawDescription=8186 - Llumar DR 15 Safety 9 MIL 60""","false","","","2026-01-14","Imported from Zeroed Out Inventory tab","migration"
"IL-3924","Llumar","Llumar Silver Sparkle","60","0","0","D767418P05","ZEROED","2026-01-14","2026-01-14","","","","LLUMAR|LLUMAR SILVER SPARKLE","","","","","SourceSheet=Zeroed Out Inventory; SourceRow=321; DateMethod=back_fill_from_next; ManufacturerSource=lookup_film_width; RawDescription=3924 - Llumar Silver Sparkle 60""","false","","","2026-01-14","Imported from Zeroed Out Inventory tab","migration"
"IL-3869","Security","3M Ultra S800","36","0","0","","ZEROED","2026-01-14","2026-01-14","","","","SECURITY|3M ULTRA S800","","","","","SourceSheet=Zeroed Out Inventory; SourceRow=322; DateMethod=back_fill_from_next; ManufacturerSource=lookup_film_width; RawDescription=3869 - 3M Ultra S800 36""","false","","","2026-01-14","Imported from Zeroed Out Inventory tab","migration"
"IL-3920","Security","3M UltraS800","72","0","0","C152324318","ZEROED","2026-01-14","2026-01-14","","","","SECURITY|3M ULTRAS800","","","","","SourceSheet=Zeroed Out Inventory; SourceRow=323; DateMethod=back_fill_from_next; ManufacturerSource=keyword_security; RawDescription=3920 - 3M UltraS800 72""","false","","","2026-01-14","Imported from Zeroed Out Inventory tab","migration"
"IL-3929","Solar Guard","SG Silver 20 8MIL","60","0","0","","ZEROED","2026-01-14","2026-01-14","","","","SOLAR GUARD|SG SILVER 20 8MIL","","","","","SourceSheet=Zeroed Out Inventory; SourceRow=324; DateMethod=back_fill_from_next; ManufacturerSource=keyword_solar_guard; RawDescription=3929 - SG Silver 20 8MIL 60""","false","","","2026-01-14","Imported from Zeroed Out Inventory tab","migration"
"IL-3934","Security","3M Ultra S800","36","0","0","","ZEROED","2026-01-14","2026-01-14","","","","SECURITY|3M ULTRA S800","","","","","SourceSheet=Zeroed Out Inventory; SourceRow=325; DateMethod=back_fill_from_next; ManufacturerSource=lookup_film_width; RawDescription=3934 - 3M Ultra S800 36""","false","","","2026-01-14","Imported from Zeroed Out Inventory tab","migration"
"IL-3919","Security","3M UltraS800","36","0","0","C087324265","ZEROED","2026-01-14","2026-01-14","","","","SECURITY|3M ULTRAS800","","","","","SourceSheet=Zeroed Out Inventory; SourceRow=326; DateMethod=back_fill_from_next; ManufacturerSource=keyword_security; RawDescription=3919 - 3M UltraS800 36""","false","","","2026-01-14","Imported from Zeroed Out Inventory tab","migration"
"IL-3932","Security","3M Ultra S800","60","0","0","","ZEROED","2026-01-14","2026-01-14","","","","SECURITY|3M ULTRA S800","","","","","SourceSheet=Zeroed Out Inventory; SourceRow=327; DateMethod=back_fill_from_next; ManufacturerSource=lookup_film_width; RawDescription=3932 - 3M Ultra S800 60""","false","","","2026-01-14","Imported from Zeroed Out Inventory tab","migration"
"IL-3771","3M Solar","3M PR 70","48","0","0","C125324296","ZEROED","2026-01-14","2026-01-14","","","","3M SOLAR|3M PR 70","","","","","SourceSheet=Zeroed Out Inventory; SourceRow=328; DateMethod=back_fill_from_next; ManufacturerSource=lookup_film_width; RawDescription=3771 - 3M PR 70 48""","false","","","2026-01-14","Imported from Zeroed Out Inventory tab","migration"
"IL-3493","3M Solar","3M PR 70","48","0","0","C068324252","ZEROED","2026-01-14","2026-01-14","","","","3M SOLAR|3M PR 70","","","","","SourceSheet=Zeroed Out Inventory; SourceRow=329; DateMethod=back_fill_from_next; ManufacturerSource=lookup_film_width; RawDescription=3493- 3M PR 70 48""","false","","","2026-01-14","Imported from Zeroed Out Inventory tab","migration"
"IL-3925","Solyx","Solyx Clear Frost SX-1301","60","0","0","0.0","ZEROED","2026-01-14","2026-01-14","","","","SOLYX|SOLYX CLEAR FROST SX-1301","","","","","SourceSheet=Zeroed Out Inventory; SourceRow=330; DateMethod=back_fill_from_next; ManufacturerSource=keyword_solyx; RawDescription=3925 - Solyx Clear Frost  SX-1301","false","","","2026-01-14","Imported from Zeroed Out Inventory tab","migration"
"IL-3942","Security","3M Ultra S800","72","0","0","","ZEROED","2026-01-14","2026-01-14","","","","SECURITY|3M ULTRA S800","","","","","SourceSheet=Zeroed Out Inventory; SourceRow=331; DateMethod=back_fill_from_next; ManufacturerSource=lookup_film_width; RawDescription=3942 - 3M Ultra S800 72""","false","","","2026-01-14","Imported from Zeroed Out Inventory tab","migration"
"IL-3876","Vinyl","Coastal Dow 995 Black","60","0","0","","ZEROED","2026-01-14","2026-01-14","","","","VINYL|COASTAL DOW 995 BLACK","","","","","SourceSheet=Zeroed Out Inventory; SourceRow=332; DateMethod=back_fill_from_next; ManufacturerSource=keyword_vinyl; RawDescription=3876 - Coastal Dow 995 Black","false","","","2026-01-14","Imported from Zeroed Out Inventory tab","migration"
"IL-3870","Vinyl","Coastal Dow 995 Black","60","0","0","","ZEROED","2026-01-14","2026-01-14","","","","VINYL|COASTAL DOW 995 BLACK","","","","","SourceSheet=Zeroed Out Inventory; SourceRow=333; DateMethod=back_fill_from_next; ManufacturerSource=keyword_vinyl; RawDescription=3870 - Coastal Dow 995 Black","false","","","2026-01-14","Imported from Zeroed Out Inventory tab","migration"
"IL-3904","Llumar","Llumar Bronze 20 N1020B","60","0","0","","ZEROED","2026-01-14","2026-01-14","","","","LLUMAR|LLUMAR BRONZE 20 N1020B","","","","","SourceSheet=Zeroed Out Inventory; SourceRow=334; DateMethod=back_fill_from_next; ManufacturerSource=lookup_film_width; RawDescription=3904 - Llumar Bronze 20 N1020B 60""","false","","","2026-01-14","Imported from Zeroed Out Inventory tab","migration"
"IL-3717","Llumar","Llumar N1020","72","0","0","","ZEROED","2026-01-14","2026-01-14","","","","LLUMAR|LLUMAR N1020","","","","","SourceSheet=Zeroed Out Inventory; SourceRow=335; DateMethod=back_fill_from_next; ManufacturerSource=lookup_film_width; RawDescription=3717 - Llumar N1020 72""","false","","","2026-01-14","Imported from Zeroed Out Inventory tab","migration"
"IL-2933","Solyx","3M DUSTED CRYSTAL SX-3140-60100","60","0","0","","ZEROED","2026-01-14","2026-01-14","","","","SOLYX|3M DUSTED CRYSTAL SX-3140-60100","","","","","SourceSheet=Zeroed Out Inventory; SourceRow=336; DateMethod=back_fill_from_next; ManufacturerSource=lookup_film_width; RawDescription=2933 - 3M DUSTED CRYSTAL SX-3140-60100 60""","false","","","2026-01-14","Imported from Zeroed Out Inventory tab","migration"
"IL-3251","3M Solar","PRX 20 Ext","72","0","0","B231324063","ZEROED","2026-01-14","2026-01-14","","","","3M SOLAR|PRX 20 EXT","","","","","SourceSheet=Zeroed Out Inventory; SourceRow=337; DateMethod=back_fill_from_next; ManufacturerSource=default_vinyl; RawDescription=3251 - PRX 20 Ext 72""; ManufacturerReview=auto_high_confidence; ManufacturerBefore=Vinyl; ManufacturerAfter=3M Solar","false","","","2026-01-14","Imported from Zeroed Out Inventory tab","migration"
"IL-3812","Vinyl","Dow 995","60","0","0","","ZEROED","2026-01-14","2026-01-14","","","","VINYL|DOW 995","","","","","SourceSheet=Zeroed Out Inventory; SourceRow=338; DateMethod=back_fill_from_next; ManufacturerSource=keyword_vinyl; RawDescription=3812 - Dow 995","false","","","2026-01-14","Imported from Zeroed Out Inventory tab","migration"
"IL-3723","3M Solar","3M Black IPA Caulk","60","0","0","","ZEROED","2026-01-14","2026-01-14","","","","3M SOLAR|3M BLACK IPA CAULK","","","","","SourceSheet=Zeroed Out Inventory; SourceRow=339; DateMethod=back_fill_from_next; ManufacturerSource=keyword_3m_default; RawDescription=3723 - 3M Black IPA Caulk","false","","","2026-01-14","Imported from Zeroed Out Inventory tab","migration"
"IL-3621","3M Solar","3M Black IPA Caulk","60","0","0","","ZEROED","2026-01-14","2026-01-14","","","","3M SOLAR|3M BLACK IPA CAULK","","","","","SourceSheet=Zeroed Out Inventory; SourceRow=341; DateMethod=back_fill_from_next; ManufacturerSource=keyword_3m_default; RawDescription=3621 - 3M Black IPA Caulk","false","","","2026-01-14","Imported from Zeroed Out Inventory tab","migration"
"IL-3612","3M Solar","3M Black IPA Caulk","60","0","0","","ZEROED","2026-01-14","2026-01-14","","","","3M SOLAR|3M BLACK IPA CAULK","","","","","SourceSheet=Zeroed Out Inventory; SourceRow=342; DateMethod=back_fill_from_next; ManufacturerSource=keyword_3m_default; RawDescription=3612 - 3M Black IPA Caulk","false","","","2026-01-14","Imported from Zeroed Out Inventory tab","migration"
"IL-3499","3M Solar","3m Black IPA caulk","60","0","0","","ZEROED","2026-01-14","2026-01-14","","","","3M SOLAR|3M BLACK IPA CAULK","","","","","SourceSheet=Zeroed Out Inventory; SourceRow=345; DateMethod=back_fill_from_next; ManufacturerSource=keyword_3m_default; RawDescription=3499- 3m Black IPA caulk","false","","","2026-01-14","Imported from Zeroed Out Inventory tab","migration"
"IL-3481","3M Solar","3M BLACK IPA CAULK","60","0","0","","ZEROED","2026-01-14","2026-01-14","","","","3M SOLAR|3M BLACK IPA CAULK","","","","","SourceSheet=Zeroed Out Inventory; SourceRow=346; DateMethod=back_fill_from_next; ManufacturerSource=keyword_3m_default; RawDescription=3481- 3M BLACK IPA CAULK","false","","","2026-01-14","Imported from Zeroed Out Inventory tab","migration"
"IL-3462","3M Solar","3M BLACK CAULK","60","0","0","","ZEROED","2026-01-14","2026-01-14","","","","3M SOLAR|3M BLACK CAULK","","","","","SourceSheet=Zeroed Out Inventory; SourceRow=347; DateMethod=back_fill_from_next; ManufacturerSource=keyword_3m_default; RawDescription=3462 - 3M BLACK CAULK","false","","","2026-01-14","Imported from Zeroed Out Inventory tab","migration"
"IL-3454","3M Solar","3M BLACK IPA CAULK","60","0","0","","ZEROED","2026-01-14","2026-01-14","","","","3M SOLAR|3M BLACK IPA CAULK","","","","","SourceSheet=Zeroed Out Inventory; SourceRow=348; DateMethod=back_fill_from_next; ManufacturerSource=keyword_3m_default; RawDescription=3454 - 3M BLACK IPA CAULK","false","","","2026-01-14","Imported from Zeroed Out Inventory tab","migration"
"IL-3252","Vinyl","CAULK BLACK DOW 995","60","0","0","","ZEROED","2026-01-14","2026-01-14","","","","VINYL|CAULK BLACK DOW 995","","","","","SourceSheet=Zeroed Out Inventory; SourceRow=350; DateMethod=back_fill_from_next; ManufacturerSource=keyword_vinyl; RawDescription=3252 - CAULK BLACK DOW 995","false","","","2026-01-14","Imported from Zeroed Out Inventory tab","migration"
"IL-3605","Solyx","Solyx Whiteout SXWF-WO","60","0","0","","ZEROED","2026-01-14","2026-01-14","","","","SOLYX|SOLYX WHITEOUT SXWF-WO","","","","","SourceSheet=Zeroed Out Inventory; SourceRow=351; DateMethod=back_fill_from_next; ManufacturerSource=keyword_solyx; RawDescription=3605 - Solyx Whiteout SXWF-WO 60""","false","","","2026-01-14","Imported from Zeroed Out Inventory tab","migration"
"IL-3607","Solyx","Solyx Whiteout SXWF-WO","60","0","0","","ZEROED","2026-01-14","2026-01-14","","","","SOLYX|SOLYX WHITEOUT SXWF-WO","","","","","SourceSheet=Zeroed Out Inventory; SourceRow=352; DateMethod=back_fill_from_next; ManufacturerSource=keyword_solyx; RawDescription=3607 - Solyx Whiteout SXWF-WO 60""","false","","","2026-01-14","Imported from Zeroed Out Inventory tab","migration"
"IL-3474","Solyx","SOLYX SXWF-WM WHITE MATTE MAX","60","0","0","","ZEROED","2026-01-14","2026-01-14","","","","SOLYX|SOLYX SXWF-WM WHITE MATTE MAX","","","","","SourceSheet=Zeroed Out Inventory; SourceRow=353; DateMethod=back_fill_from_next; ManufacturerSource=keyword_solyx; RawDescription=3474 - SOLYX SXWF-WM WHITE MATTE MAX 60""","false","","","2026-01-14","Imported from Zeroed Out Inventory tab","migration"
"IL-3862","Solar Guard","SG TrueVue 15","60","0","0","5.414940102E9","ZEROED","2026-01-14","2026-01-14","","","","SOLAR GUARD|SG TRUEVUE 15","","","","","SourceSheet=Zeroed Out Inventory; SourceRow=354; DateMethod=back_fill_from_next; ManufacturerSource=lookup_film_width; RawDescription=3862 - SG TrueVue 15 60""","false","","","2026-01-14","Imported from Zeroed Out Inventory tab","migration"
"IL-3857","3M Solar","3M Affinity 30","72","0","0","","ZEROED","2026-01-14","2026-01-14","","","","3M SOLAR|3M AFFINITY 30","","","","","SourceSheet=Zeroed Out Inventory; SourceRow=355; DateMethod=back_fill_from_next; ManufacturerSource=lookup_film; RawDescription=3857 - 3M Affinity 30 72""","false","","","2026-01-14","Imported from Zeroed Out Inventory tab","migration"
"IL-3523","Fasara","3M Matte Crystal SH2MACR1","60","0","0","","ZEROED","2026-01-14","2026-01-14","","","","FASARA|3M MATTE CRYSTAL SH2MACR1","","","","","SourceSheet=Zeroed Out Inventory; SourceRow=357; DateMethod=back_fill_from_next; ManufacturerSource=lookup_film; RawDescription=3523 - 3M Matte Crystal SH2MACR1 60""","false","","","2026-01-14","Imported from Zeroed Out Inventory tab","migration"
"IL-3488","Fasara","3M Fine Crystal SH2FNCR","50","0","0","","ZEROED","2026-01-14","2026-01-14","","","","FASARA|3M FINE CRYSTAL SH2FNCR","","","","","SourceSheet=Zeroed Out Inventory; SourceRow=358; DateMethod=back_fill_from_next; ManufacturerSource=keyword_fasara; RawDescription=3488- 3M Fine Crystal SH2FNCR 50""","false","","","2026-01-14","Imported from Zeroed Out Inventory tab","migration"
"IL-3616","Security","3M Safety S140 Clear 14 MIL","60","0","0","","ZEROED","2026-01-14","2026-01-14","","","","SECURITY|3M SAFETY S140 CLEAR 14 MIL","","","","","SourceSheet=Zeroed Out Inventory; SourceRow=359; DateMethod=back_fill_from_next; ManufacturerSource=keyword_security; RawDescription=3616 - 3M Safety S140 Clear 14 MIL 60""","false","","","2026-01-14","Imported from Zeroed Out Inventory tab","migration"
"IL-3956","Solyx","Solyx Lineage Dual Frosted Gradient SXJ0599","60","0","0","","ZEROED","2026-01-14","2026-01-14","","","","SOLYX|SOLYX LINEAGE DUAL FROSTED GRADIENT SXJ0599","","","","","SourceSheet=Zeroed Out Inventory; SourceRow=361; DateMethod=back_fill_from_next; ManufacturerSource=keyword_solyx; RawDescription=3956 - Solyx Lineage Dual Frosted Gradient SXJ0599 60""","false","","","2026-01-14","Imported from Zeroed Out Inventory tab","migration"
"IL-3877","Security","Madico SafetyShield 1500 15MIL","60","0","0","2.21433004E8","ZEROED","2026-01-14","2026-01-14","","","","SECURITY|MADICO SAFETYSHIELD 1500 15MIL","","","","","SourceSheet=Zeroed Out Inventory; SourceRow=362; DateMethod=back_fill_from_next; ManufacturerSource=keyword_security; RawDescription=3877 - Madico SafetyShield 1500 15MIL 60""","false","","","2026-01-14","Imported from Zeroed Out Inventory tab","migration"
"M217","3M Solar","Security 3M Ultra 800","72","0","0","B20932430","ZEROED","2026-01-14","2026-01-14","","","","3M SOLAR|SECURITY 3M ULTRA 800","","","","","SourceSheet=Zeroed Out Inventory; SourceRow=363; DateMethod=back_fill_from_next; ManufacturerSource=keyword_3m_default; RawDescription=M217 - Security 3M Ultra 800 72""","false","","","2026-01-14","Imported from Zeroed Out Inventory tab","migration"
"IL-3278","Llumar","LLUMAR SILVER 20","60","0","0","","ZEROED","2026-01-14","2026-01-14","","","","LLUMAR|LLUMAR SILVER 20","","","","","SourceSheet=Zeroed Out Inventory; SourceRow=365; DateMethod=back_fill_from_next; ManufacturerSource=keyword_llumar; RawDescription=3278 - LLUMAR SILVER 20 60""","false","","","2026-01-14","Imported from Zeroed Out Inventory tab","migration"
"IL-3943","Security","3M Ultra S800","60","0","0","C125324296","ZEROED","2026-01-14","2026-01-14","","","","SECURITY|3M ULTRA S800","","","","","SourceSheet=Zeroed Out Inventory; SourceRow=366; DateMethod=back_fill_from_next; ManufacturerSource=lookup_film_width; RawDescription=3943 - 3M Ultra S800 60""","false","","","2026-01-14","Imported from Zeroed Out Inventory tab","migration"
"IL-3253","Fasara","3M Matte Crystal SH2MACR","50","0","0","CN-02C009","ZEROED","2026-01-14","2026-01-14","","","","FASARA|3M MATTE CRYSTAL SH2MACR","","","","","SourceSheet=Zeroed Out Inventory; SourceRow=367; DateMethod=back_fill_from_next; ManufacturerSource=keyword_fasara; RawDescription=3253 - 3M Matte Crystal SH2MACR  50""","false","","","2026-01-14","Imported from Zeroed Out Inventory tab","migration"
"IL-2324","Llumar","RN 07","72","0","0","5.0157025E7","ZEROED","2026-01-14","2026-01-14","","","","LLUMAR|RN 07","","","","","SourceSheet=Zeroed Out Inventory; SourceRow=368; DateMethod=back_fill_from_next; ManufacturerSource=default_vinyl; RawDescription=2324- RN 07 72""; ManufacturerManualReview=move; ManufacturerBefore=Vinyl; ManufacturerAfter=Llumar; DecisionAtUtc=2026-03-14T22:43:32Z","false","","","2026-01-14","Imported from Zeroed Out Inventory tab","migration"
"IL-3874","Security","3M UltraS800","60","0","0","","ZEROED","2026-01-14","2026-01-14","","","","SECURITY|3M ULTRAS800","","","","","SourceSheet=Zeroed Out Inventory; SourceRow=372; DateMethod=back_fill_from_next; ManufacturerSource=keyword_security; RawDescription=3874 - 3M UltraS800 60""","false","","","2026-01-14","Imported from Zeroed Out Inventory tab","migration"
"IL-3557","3M Solar","3M PR 70 72"" B223557 - 3M PR 70 72"" B225324055 05324055 0","72","0","0","","ZEROED","2026-01-14","2026-01-14","","","","3M SOLAR|3M PR 70 72"" B223557 - 3M PR 70 72"" B225324055 05324055 0","","","","","SourceSheet=Zeroed Out Inventory; SourceRow=373; DateMethod=back_fill_from_next; ManufacturerSource=keyword_3m_solar; RawDescription=3557 - 3M PR 70 72""	B223557 - 3M PR 70 72""	B225324055	05324055	0","false","","","2026-01-14","Imported from Zeroed Out Inventory tab","migration"
"IL-4004","Solyx","Solyx Black Out SXWF-BO","72","0","0","","ZEROED","2026-01-14","2026-01-14","","","","SOLYX|SOLYX BLACK OUT SXWF-BO","","","","","SourceSheet=Zeroed Out Inventory; SourceRow=375; DateMethod=back_fill_from_next; ManufacturerSource=lookup_film; RawDescription=4004 - Solyx Black Out SXWF-BO 72""","false","","","2026-01-14","Imported from Zeroed Out Inventory tab","migration"
"IL-3953","Solyx","Solyx Dual Feather Gradient SXJ0548","60","0","0","","ZEROED","2026-01-14","2026-01-14","","","","SOLYX|SOLYX DUAL FEATHER GRADIENT SXJ0548","","","","","SourceSheet=Zeroed Out Inventory; SourceRow=376; DateMethod=back_fill_from_next; ManufacturerSource=keyword_solyx; RawDescription=3953 - Solyx Dual Feather Gradient SXJ0548 60""","false","","","2026-01-14","Imported from Zeroed Out Inventory tab","migration"
"IL-3841","Security","Madico Blister Free BL200 PS","60","0","0","missing","ZEROED","2026-01-14","2026-01-14","","","","SECURITY|MADICO BLISTER FREE BL200 PS","","","","","SourceSheet=Zeroed Out Inventory; SourceRow=377; DateMethod=back_fill_from_next; ManufacturerSource=keyword_security; RawDescription=3841 - Madico Blister Free BL200 PS 60""","false","","","2026-01-14","Imported from Zeroed Out Inventory tab","migration"
"M214B","Security","Security 3M Ultra S800","24","0","0","B131323955","ZEROED","2026-01-14","2026-01-14","","","","SECURITY|SECURITY 3M ULTRA S800","","","","","SourceSheet=Zeroed Out Inventory; SourceRow=378; DateMethod=back_fill_from_next; ManufacturerSource=keyword_security; RawDescription=M214B - Security 3M Ultra S800 24""","false","","","2026-01-14","Imported from Zeroed Out Inventory tab","migration"
"IL-3997","3M Solar","3M PR 70","60","0","0","","ZEROED","2026-01-14","2026-01-14","","","","3M SOLAR|3M PR 70","","","","","SourceSheet=Zeroed Out Inventory; SourceRow=380; DateMethod=back_fill_from_next; ManufacturerSource=lookup_film_width; RawDescription=3997 - 3M PR 70 60""","false","","","2026-01-14","Imported from Zeroed Out Inventory tab","migration"
"IL-3964","Solyx","Solyx Grey Frost SX-1303","60","0","0","","ZEROED","2026-01-14","2026-01-14","","","","SOLYX|SOLYX GREY FROST SX-1303","","","","","SourceSheet=Zeroed Out Inventory; SourceRow=382; DateMethod=back_fill_from_next; ManufacturerSource=lookup_film_width; RawDescription=3964 - Solyx Grey Frost SX-1303 60""","false","","","2026-01-14","Imported from Zeroed Out Inventory tab","migration"
"IL-3467","3M Solar","3M NV 25","48","0","0","323302010C","ZEROED","2026-01-14","2026-01-14","","","","3M SOLAR|3M NV 25","","","","","SourceSheet=Zeroed Out Inventory; SourceRow=383; DateMethod=back_fill_from_next; ManufacturerSource=lookup_film; RawDescription=3467- 3M NV 25 48""","false","","","2026-01-14","Imported from Zeroed Out Inventory tab","migration"
"IL-3492","3M Solar","3M NV 25","60","0","0","C032324222","ZEROED","2026-01-14","2026-01-14","","","","3M SOLAR|3M NV 25","","","","","SourceSheet=Zeroed Out Inventory; SourceRow=384; DateMethod=back_fill_from_next; ManufacturerSource=lookup_film_width; RawDescription=3492-3M NV 25 60""","false","","","2026-01-14","Imported from Zeroed Out Inventory tab","migration"
"IL-3734","3M Solar","3M NV 15","72","0","0","","ZEROED","2026-01-14","2026-01-14","","","","3M SOLAR|3M NV 15","","","","","SourceSheet=Zeroed Out Inventory; SourceRow=385; DateMethod=back_fill_from_next; ManufacturerSource=lookup_film_width; RawDescription=3734 - 3M NV 15 72""","false","","","2026-01-14","Imported from Zeroed Out Inventory tab","migration"
"IL-3688","3M Solar","3M NV 15","48","0","0","","ZEROED","2026-01-14","2026-01-14","","","","3M SOLAR|3M NV 15","","","","","SourceSheet=Zeroed Out Inventory; SourceRow=386; DateMethod=back_fill_from_next; ManufacturerSource=lookup_film; RawDescription=3688 - 3M NV 15 48""","false","","","2026-01-14","Imported from Zeroed Out Inventory tab","migration"
"IL-3641","Solyx","SXR - 9829 Glass Frost","54","0","0","","ZEROED","2026-01-14","2026-01-14","","","","SOLYX|SXR - 9829 GLASS FROST","","","","","SourceSheet=Zeroed Out Inventory; SourceRow=387; DateMethod=back_fill_from_next; ManufacturerSource=keyword_solyx; RawDescription=3641 - SXR - 9829 Glass Frost 54""","false","","","2026-01-14","Imported from Zeroed Out Inventory tab","migration"
"IL-4022","Solyx","Solyx Clear Sand Blast SX-1002","36","0","0","","ZEROED","2026-01-14","2026-01-14","","","","SOLYX|SOLYX CLEAR SAND BLAST SX-1002","","","","","SourceSheet=Zeroed Out Inventory; SourceRow=388; DateMethod=back_fill_from_next; ManufacturerSource=lookup_film; RawDescription=4022- Solyx Clear Sand Blast SX-1002 36""","false","","","2026-01-14","Imported from Zeroed Out Inventory tab","migration"
"IL-4023","Solyx","Solyx Clear Sand Blast SX-1002","48","0","0","","ZEROED","2026-01-14","2026-01-14","","","","SOLYX|SOLYX CLEAR SAND BLAST SX-1002","","","","","SourceSheet=Zeroed Out Inventory; SourceRow=389; DateMethod=back_fill_from_next; ManufacturerSource=lookup_film_width; RawDescription=4023- Solyx Clear Sand Blast SX-1002 48""","false","","","2026-01-14","Imported from Zeroed Out Inventory tab","migration"
"IL-4025","Solyx","Solyx Clear Sand Blast SX-1002","60","0","0","","ZEROED","2026-01-14","2026-01-14","","","","SOLYX|SOLYX CLEAR SAND BLAST SX-1002","","","","","SourceSheet=Zeroed Out Inventory; SourceRow=390; DateMethod=back_fill_from_next; ManufacturerSource=lookup_film_width; RawDescription=4025- Solyx Clear Sand Blast SX-1002 60""","false","","","2026-01-14","Imported from Zeroed Out Inventory tab","migration"
"IL-4027","Security","3M S800","72","0","0","Northrup redo 100'","ZEROED","2026-01-14","2026-01-14","","","","SECURITY|3M S800","","","","","SourceSheet=Zeroed Out Inventory; SourceRow=391; DateMethod=back_fill_from_next; ManufacturerSource=keyword_security; RawDescription=4027 - 3M S800 72""","false","","","2026-01-14","Imported from Zeroed Out Inventory tab","migration"
"IL-3882","Security","Madico SafetyShield 1500 15MIL","60","0","0","2.214333004E9","ZEROED","2026-01-14","2026-01-14","","","","SECURITY|MADICO SAFETYSHIELD 1500 15MIL","","","","","SourceSheet=Zeroed Out Inventory; SourceRow=393; DateMethod=back_fill_from_next; ManufacturerSource=keyword_security; RawDescription=3882 - Madico SafetyShield 1500 15MIL 60""","false","","","2026-01-14","Imported from Zeroed Out Inventory tab","migration"
"IL-3880","Security","Madico SafetyShield 1500 15MIL","60","0","0","2.214333004E9","ZEROED","2026-01-14","2026-01-14","","","","SECURITY|MADICO SAFETYSHIELD 1500 15MIL","","","","","SourceSheet=Zeroed Out Inventory; SourceRow=394; DateMethod=back_fill_from_next; ManufacturerSource=keyword_security; RawDescription=3880 - Madico SafetyShield 1500 15MIL 60""","false","","","2026-01-14","Imported from Zeroed Out Inventory tab","migration"
"IL-3926","Security","Madico Safetyshield 1500 15MIL","72","0","0","2.20983306E8","ZEROED","2026-01-14","2026-01-14","","","","SECURITY|MADICO SAFETYSHIELD 1500 15MIL","","","","","SourceSheet=Zeroed Out Inventory; SourceRow=395; DateMethod=back_fill_from_next; ManufacturerSource=keyword_security; RawDescription=3926 - Madico Safetyshield 1500 15MIL 72""","false","","","2026-01-14","Imported from Zeroed Out Inventory tab","migration"
"IL-3856","Security","3M Ultra S800","36","0","0","","ZEROED","2026-01-14","2026-01-14","","","","SECURITY|3M ULTRA S800","","","","","SourceSheet=Zeroed Out Inventory; SourceRow=398; DateMethod=back_fill_from_next; ManufacturerSource=lookup_film_width; RawDescription=3856 - 3M Ultra S800 36""","false","","","2026-01-14","Imported from Zeroed Out Inventory tab","migration"
"IL-4008","3M Solar","3M Frosted Crystal 7725-324","48","0","0","","ZEROED","2026-01-14","2026-01-14","","","","3M SOLAR|3M FROSTED CRYSTAL 7725-324","","","","","SourceSheet=Zeroed Out Inventory; SourceRow=400; DateMethod=back_fill_from_next; ManufacturerSource=keyword_3m_default; RawDescription=4008 - 3M Frosted Crystal 7725-324 48""","false","","","2026-01-14","Imported from Zeroed Out Inventory tab","migration"
"IL-3896","Fasara","3M SH2FGCN Cloud Narrow White","50","0","0","","ZEROED","2026-01-14","2026-01-14","","","","FASARA|3M SH2FGCN CLOUD NARROW WHITE","","","","","SourceSheet=Zeroed Out Inventory; SourceRow=401; DateMethod=back_fill_from_next; ManufacturerSource=keyword_fasara; RawDescription=3896 - 3M SH2FGCN Cloud Narrow White 50""","false","","","2026-01-14","Imported from Zeroed Out Inventory tab","migration"
"IL-3899","Fasara","3M SH2FGCN Cloud Narrow White","50","0","0","","ZEROED","2026-01-14","2026-01-14","","","","FASARA|3M SH2FGCN CLOUD NARROW WHITE","","","","","SourceSheet=Zeroed Out Inventory; SourceRow=402; DateMethod=back_fill_from_next; ManufacturerSource=keyword_fasara; RawDescription=3899 - 3M SH2FGCN Cloud Narrow White 50""","false","","","2026-01-14","Imported from Zeroed Out Inventory tab","migration"
"IL-3900","Fasara","3M SH2FGCN Cloud Narrow White","50","0","0","1.04898642E8","ZEROED","2026-01-14","2026-01-14","","","","FASARA|3M SH2FGCN CLOUD NARROW WHITE","","","","","SourceSheet=Zeroed Out Inventory; SourceRow=403; DateMethod=back_fill_from_next; ManufacturerSource=keyword_fasara; RawDescription=3900 - 3M SH2FGCN Cloud Narrow White 50""","false","","","2026-01-14","Imported from Zeroed Out Inventory tab","migration"
"IL-3949","Solyx","Solyx White Dots 1/8"" SXD-1818","48","0","0","","ZEROED","2026-01-14","2026-01-14","","","","SOLYX|SOLYX WHITE DOTS 1/8"" SXD-1818","","","","","SourceSheet=Zeroed Out Inventory; SourceRow=404; DateMethod=back_fill_from_next; ManufacturerSource=keyword_solyx; RawDescription=3949 - Solyx White Dots 1/8"" SXD-1818 48""","false","","","2026-01-14","Imported from Zeroed Out Inventory tab","migration"
"IL-3950","Solyx","Solyx White Dots 1/8"" SXD-1818","48","0","0","","ZEROED","2026-01-14","2026-01-14","","","","SOLYX|SOLYX WHITE DOTS 1/8"" SXD-1818","","","","","SourceSheet=Zeroed Out Inventory; SourceRow=405; DateMethod=back_fill_from_next; ManufacturerSource=keyword_solyx; RawDescription=3950 - Solyx White Dots 1/8"" SXD-1818 48""","false","","","2026-01-14","Imported from Zeroed Out Inventory tab","migration"
"IL-3681","3M Solar","3M NV 35","72","0","0","B258324094","ZEROED","2026-01-14","2026-01-14","","","","3M SOLAR|3M NV 35","","","","","SourceSheet=Zeroed Out Inventory; SourceRow=406; DateMethod=back_fill_from_next; ManufacturerSource=lookup_film; RawDescription=3681 - 3M NV 35 72""","false","","","2026-01-14","Imported from Zeroed Out Inventory tab","migration"
"IL-3389","Llumar","LLUMAR FROST NRM PS2","48","0","0","5.0148732E7","ZEROED","2026-01-14","2026-01-14","","","","LLUMAR|LLUMAR FROST NRM PS2","","","","","SourceSheet=Zeroed Out Inventory; SourceRow=407; DateMethod=back_fill_from_next; ManufacturerSource=lookup_film_width; RawDescription=3389- LLUMAR FROST NRM PS2 48""","false","","","2026-01-14","Imported from Zeroed Out Inventory tab","migration"
"IL-3569","3M Solar","3M PR 70","60","0","0","","ZEROED","2026-01-14","2026-01-14","","","","3M SOLAR|3M PR 70","","","","","SourceSheet=Zeroed Out Inventory; SourceRow=409; DateMethod=back_fill_from_next; ManufacturerSource=lookup_film_width; RawDescription=3569 - 3M PR 70 60""","false","","","2026-01-14","Imported from Zeroed Out Inventory tab","migration"
"IL-3998","3M Solar","3M PR 70","48","0","0","","ZEROED","2026-01-14","2026-01-14","","","","3M SOLAR|3M PR 70","","","","","SourceSheet=Zeroed Out Inventory; SourceRow=410; DateMethod=back_fill_from_next; ManufacturerSource=lookup_film_width; RawDescription=3998 - 3M PR 70 48""","false","","","2026-01-14","Imported from Zeroed Out Inventory tab","migration"
"IL-2961","Solar Guard","SG Slate 40","60","0","0","5.404055049E9","ZEROED","2026-01-14","2026-01-14","","","","SOLAR GUARD|SG SLATE 40","","","","","SourceSheet=Zeroed Out Inventory; SourceRow=411; DateMethod=back_fill_from_next; ManufacturerSource=lookup_film_width; RawDescription=2961 - SG Slate 40 60""","false","","","2026-01-14","Imported from Zeroed Out Inventory tab","migration"
"IL-3656","Solar Guard","SG Panorama Slate 40","60","0","0","","ZEROED","2026-01-14","2026-01-14","","","","SOLAR GUARD|SG PANORAMA SLATE 40","","","","","SourceSheet=Zeroed Out Inventory; SourceRow=412; DateMethod=back_fill_from_next; ManufacturerSource=keyword_solar_guard; RawDescription=3656 - SG Panorama Slate 40 60""","false","","","2026-01-14","Imported from Zeroed Out Inventory tab","migration"
"IL-3762","Llumar","Llumar Frost NRM PS2","60","0","0","412F026","ZEROED","2026-01-14","2026-01-14","","","","LLUMAR|LLUMAR FROST NRM PS2","","","","","SourceSheet=Zeroed Out Inventory; SourceRow=414; DateMethod=back_fill_from_next; ManufacturerSource=lookup_film_width; RawDescription=3762 - Llumar Frost NRM PS2 60""","false","","","2026-01-14","Imported from Zeroed Out Inventory tab","migration"
"IL-3530","Llumar","Llumar Frost NPM PS2","72","0","0","462F018","ZEROED","2026-01-14","2026-01-14","","","","LLUMAR|LLUMAR FROST NPM PS2","","","","","SourceSheet=Zeroed Out Inventory; SourceRow=415; DateMethod=back_fill_from_next; ManufacturerSource=keyword_llumar; RawDescription=3530 - Llumar Frost NPM PS2 72""","false","","","2026-01-14","Imported from Zeroed Out Inventory tab","migration"
"IL-5400","Fasara","FROSTED CRYSTAL60""","60","0","0","","ZEROED","2026-01-14","2026-01-14","","","","FASARA|FROSTED CRYSTAL60""","","","","","SourceSheet=Zeroed Out Inventory; SourceRow=416; DateMethod=back_fill_from_next; ManufacturerSource=default_vinyl; RawDescription=5400- FROSTED CRYSTAL60""; ManufacturerManualReview=move; ManufacturerBefore=Vinyl; ManufacturerAfter=Fasara; DecisionAtUtc=2026-03-14T22:40:23Z","false","","","2026-01-14","Imported from Zeroed Out Inventory tab","migration"
"IL-1381","Security","Trident Clear 11mil","60","0","0","","ZEROED","2026-01-14","2026-01-14","","","","SECURITY|TRIDENT CLEAR 11MIL","","","","","SourceSheet=Zeroed Out Inventory; SourceRow=418; DateMethod=back_fill_from_next; ManufacturerSource=default_vinyl; RawDescription=1381- Trident Clear 11mil 60""; ManufacturerManualReview=move; ManufacturerBefore=Vinyl; ManufacturerAfter=Security; DecisionAtUtc=2026-03-14T22:40:24Z","false","","","2026-01-14","Imported from Zeroed Out Inventory tab","migration"
"IL-2049","3M Solar","3M PS8","48","0","0","","ZEROED","2026-01-14","2026-01-14","","","","3M SOLAR|3M PS8","","","","","SourceSheet=Zeroed Out Inventory; SourceRow=419; DateMethod=back_fill_from_next; ManufacturerSource=keyword_3m_default; RawDescription=2049- 3M PS8 48""","false","","","2026-01-14","Imported from Zeroed Out Inventory tab","migration"
"IL-2568","Security","Safety Sand Blast","60","0","0","","ZEROED","2026-01-14","2026-01-14","","","","SECURITY|SAFETY SAND BLAST","","","","","SourceSheet=Zeroed Out Inventory; SourceRow=420; DateMethod=back_fill_from_next; ManufacturerSource=keyword_security; RawDescription=2568 - Safety Sand Blast 60""","false","","","2026-01-14","Imported from Zeroed Out Inventory tab","migration"
"IL-3110","Security","15 MIL SAFETYSHIELD CLEAR","60","0","0","","ZEROED","2026-01-14","2026-01-14","","","","SECURITY|15 MIL SAFETYSHIELD CLEAR","","","","","SourceSheet=Zeroed Out Inventory; SourceRow=422; DateMethod=back_fill_from_next; ManufacturerSource=keyword_security; RawDescription=3110- 15 MIL  SAFETYSHIELD CLEAR","false","","","2026-01-14","Imported from Zeroed Out Inventory tab","migration"
"IL-3246","Security","3M SH7 Ext 72""- B","72","0","0","","ZEROED","2026-01-14","2026-01-14","","","","SECURITY|3M SH7 EXT 72""- B","","","","","SourceSheet=Zeroed Out Inventory; SourceRow=425; DateMethod=back_fill_from_next; ManufacturerSource=keyword_security; RawDescription=3246-3M SH7 Ext 72""- B","false","","","2026-01-14","Imported from Zeroed Out Inventory tab","migration"
"IL-3421","Security","3M SH14CLARL 14 MIL","60","0","0","","ZEROED","2026-01-14","2026-01-14","","","","SECURITY|3M SH14CLARL 14 MIL","","","","","SourceSheet=Zeroed Out Inventory; SourceRow=426; DateMethod=back_fill_from_next; ManufacturerSource=keyword_security; RawDescription=3421 - 3M SH14CLARL 14 MIL 60""","false","","","2026-01-14","Imported from Zeroed Out Inventory tab","migration"
"IL-3459","Security","3M SH14CLARL 14 MIL","60","0","0","","ZEROED","2026-01-14","2026-01-14","","","","SECURITY|3M SH14CLARL 14 MIL","","","","","SourceSheet=Zeroed Out Inventory; SourceRow=427; DateMethod=back_fill_from_next; ManufacturerSource=keyword_security; RawDescription=3459 - 3M SH14CLARL 14 MIL 60""","false","","","2026-01-14","Imported from Zeroed Out Inventory tab","migration"
"IL-3637","Security","Madico Safety Clear Ext 7 MIL","72","0","0","","ZEROED","2026-01-14","2026-01-14","","","","SECURITY|MADICO SAFETY CLEAR EXT 7 MIL","","","","","SourceSheet=Zeroed Out Inventory; SourceRow=428; DateMethod=back_fill_from_next; ManufacturerSource=keyword_security; RawDescription=3637 - Madico Safety Clear Ext 7 MIL 72""","false","","","2026-01-14","Imported from Zeroed Out Inventory tab","migration"
"IL-3706","Security","Madico CL800","60","0","0","","ZEROED","2026-01-14","2026-01-14","","","","SECURITY|MADICO CL800","","","","","SourceSheet=Zeroed Out Inventory; SourceRow=429; DateMethod=back_fill_from_next; ManufacturerSource=keyword_security; RawDescription=3706 - Madico CL800 60""","false","","","2026-01-14","Imported from Zeroed Out Inventory tab","migration"
"IL-3763","Security","3M 7 MIL Ext SH7CLARXL","72","0","0","","ZEROED","2026-01-14","2026-01-14","","","","SECURITY|3M 7 MIL EXT SH7CLARXL","","","","","SourceSheet=Zeroed Out Inventory; SourceRow=430; DateMethod=back_fill_from_next; ManufacturerSource=keyword_security; RawDescription=3763 - 3M 7 MIL Ext SH7CLARXL 72""","false","","","2026-01-14","Imported from Zeroed Out Inventory tab","migration"
"IL-3944","Security","3M Ultra S800","72","0","0","","ZEROED","2026-01-14","2026-01-14","","","","SECURITY|3M ULTRA S800","","","","","SourceSheet=Zeroed Out Inventory; SourceRow=431; DateMethod=back_fill_from_next; ManufacturerSource=lookup_film_width; RawDescription=3944 - 3M Ultra S800 72""","false","","","2026-01-14","Imported from Zeroed Out Inventory tab","migration"
"M285","Security","3M S800","72","0","0","","ZEROED","2026-01-14","2026-01-14","","","","SECURITY|3M S800","","","","","SourceSheet=Zeroed Out Inventory; SourceRow=433; DateMethod=back_fill_from_next; ManufacturerSource=keyword_security; RawDescription=M285 - 3M S800  72""","false","","","2026-01-14","Imported from Zeroed Out Inventory tab","migration"
"IL-3978","Security","Madico Safetyshield 1500 15 MIL","72","0","0","","ZEROED","2026-01-14","2026-01-14","","","","SECURITY|MADICO SAFETYSHIELD 1500 15 MIL","","","","","SourceSheet=Zeroed Out Inventory; SourceRow=434; DateMethod=back_fill_from_next; ManufacturerSource=keyword_security; RawDescription=3978 - Madico Safetyshield 1500 15 MIL 72""","false","","","2026-01-14","Imported from Zeroed Out Inventory tab","migration"
"IL-3979","Security","Madico Safetyshield 1500 15 MIL","72","0","0","","ZEROED","2026-01-14","2026-01-14","","","","SECURITY|MADICO SAFETYSHIELD 1500 15 MIL","","","","","SourceSheet=Zeroed Out Inventory; SourceRow=435; DateMethod=back_fill_from_next; ManufacturerSource=keyword_security; RawDescription=3979 - Madico Safetyshield 1500 15 MIL 72""","false","","","2026-01-14","Imported from Zeroed Out Inventory tab","migration"
"IL-3984","Security","3M S800","60","0","0","","ZEROED","2026-01-14","2026-01-14","","","","SECURITY|3M S800","","","","","SourceSheet=Zeroed Out Inventory; SourceRow=436; DateMethod=back_fill_from_next; ManufacturerSource=keyword_security; RawDescription=3984 - 3M S800 60""","false","","","2026-01-14","Imported from Zeroed Out Inventory tab","migration"
"IL-3985","Security","3M S800","36","0","0","","ZEROED","2026-01-14","2026-01-14","","","","SECURITY|3M S800","","","","","SourceSheet=Zeroed Out Inventory; SourceRow=437; DateMethod=back_fill_from_next; ManufacturerSource=keyword_security; RawDescription=3985 - 3M S800 36""","false","","","2026-01-14","Imported from Zeroed Out Inventory tab","migration"
"IL-3988","Security","3M SH14CLARL 14 MIL","60","0","0","","ZEROED","2026-01-14","2026-01-14","","","","SECURITY|3M SH14CLARL 14 MIL","","","","","SourceSheet=Zeroed Out Inventory; SourceRow=438; DateMethod=back_fill_from_next; ManufacturerSource=keyword_security; RawDescription=3988 - 3M SH14CLARL 14 MIL 60""","false","","","2026-01-14","Imported from Zeroed Out Inventory tab","migration"
"IL-4021","Security","Madico SafetyShield 1500","60","0","0","","ZEROED","2026-01-14","2026-01-14","","","","SECURITY|MADICO SAFETYSHIELD 1500","","","","","SourceSheet=Zeroed Out Inventory; SourceRow=439; DateMethod=back_fill_from_next; ManufacturerSource=lookup_film_width; RawDescription=4021 - Madico SafetyShield 1500","false","","","2026-01-14","Imported from Zeroed Out Inventory tab","migration"
"IL-2563","Solyx","White Dusted Crystal Matte Solid 60"" SXJ-0550","60","0","0","","ZEROED","2026-01-14","2026-01-14","","","","SOLYX|WHITE DUSTED CRYSTAL MATTE SOLID 60"" SXJ-0550","","","","","SourceSheet=Zeroed Out Inventory; SourceRow=440; DateMethod=back_fill_from_next; ManufacturerSource=keyword_solyx; RawDescription=2563- White Dusted Crystal Matte Solid 60"" SXJ-0550","false","","","2026-01-14","Imported from Zeroed Out Inventory tab","migration"
"IL-3049","Solyx","SX-1461 CUT GLASS BAMBOO","35","0","0","","ZEROED","2026-01-14","2026-01-14","","","","SOLYX|SX-1461 CUT GLASS BAMBOO","","","","","SourceSheet=Zeroed Out Inventory; SourceRow=441; DateMethod=back_fill_from_next; ManufacturerSource=keyword_solyx; RawDescription=3049 - SX-1461 CUT GLASS BAMBOO 35""","false","","","2026-01-14","Imported from Zeroed Out Inventory tab","migration"
"IL-3062","Solyx","SOL SXWF-WB White/Black Opaque","60","0","0","","ZEROED","2026-01-14","2026-01-14","","","","SOLYX|SOL SXWF-WB WHITE/BLACK OPAQUE","","","","","SourceSheet=Zeroed Out Inventory; SourceRow=442; DateMethod=back_fill_from_next; ManufacturerSource=keyword_solyx; RawDescription=3062- SOL SXWF-WB White/Black Opaque 60""","false","","","2026-01-14","Imported from Zeroed Out Inventory tab","migration"
"IL-3433","Solyx","Solyx SXWF-WM WHite matte","48","0","0","","ZEROED","2026-01-14","2026-01-14","","","","SOLYX|SOLYX SXWF-WM WHITE MATTE","","","","","SourceSheet=Zeroed Out Inventory; SourceRow=443; DateMethod=back_fill_from_next; ManufacturerSource=keyword_solyx; RawDescription=3433- Solyx SXWF-WM WHite matte 48""","false","","","2026-01-14","Imported from Zeroed Out Inventory tab","migration"
"IL-3500","Vinyl","Casper Cloaking Film","48","0","0","","ZEROED","2026-01-14","2026-01-14","","","","VINYL|CASPER CLOAKING FILM","","","","","SourceSheet=Zeroed Out Inventory; SourceRow=444; DateMethod=back_fill_from_next; ManufacturerSource=keyword_vinyl; RawDescription=3500 - Casper Cloaking Film 48""","false","","","2026-01-14","Imported from Zeroed Out Inventory tab","migration"
"IL-3501","Vinyl","Casper Cloaking Film","48","0","0","","ZEROED","2026-01-14","2026-01-14","","","","VINYL|CASPER CLOAKING FILM","","","","","SourceSheet=Zeroed Out Inventory; SourceRow=445; DateMethod=back_fill_from_next; ManufacturerSource=keyword_vinyl; RawDescription=3501 - Casper Cloaking Film 48""","false","","","2026-01-14","Imported from Zeroed Out Inventory tab","migration"
"IL-3727","Solyx","Solyx SXO-025 Brimestome Yellow","48","0","0","","ZEROED","2026-01-14","2026-01-14","","","","SOLYX|SOLYX SXO-025 BRIMESTOME YELLOW","","","","","SourceSheet=Zeroed Out Inventory; SourceRow=446; DateMethod=back_fill_from_next; ManufacturerSource=keyword_solyx; RawDescription=3727 - Solyx SXO-025 Brimestome Yellow 48""","false","","","2026-01-14","Imported from Zeroed Out Inventory tab","migration"
"IL-3728","Solyx","Solyx SXO-034 Orange","48","0","0","","ZEROED","2026-01-14","2026-01-14","","","","SOLYX|SOLYX SXO-034 ORANGE","","","","","SourceSheet=Zeroed Out Inventory; SourceRow=447; DateMethod=back_fill_from_next; ManufacturerSource=keyword_solyx; RawDescription=3728 - Solyx SXO-034 Orange 48""","false","","","2026-01-14","Imported from Zeroed Out Inventory tab","migration"
"IL-3729","Solyx","Solyx SXO-056 Ice Blue","48","0","0","","ZEROED","2026-01-14","2026-01-14","","","","SOLYX|SOLYX SXO-056 ICE BLUE","","","","","SourceSheet=Zeroed Out Inventory; SourceRow=448; DateMethod=back_fill_from_next; ManufacturerSource=keyword_solyx; RawDescription=3729 - Solyx SXO-056 Ice Blue 48""","false","","","2026-01-14","Imported from Zeroed Out Inventory tab","migration"
"IL-3730","Solyx","Solyx SXO-068 Grass Green","48","0","0","","ZEROED","2026-01-14","2026-01-14","","","","SOLYX|SOLYX SXO-068 GRASS GREEN","","","","","SourceSheet=Zeroed Out Inventory; SourceRow=449; DateMethod=back_fill_from_next; ManufacturerSource=keyword_solyx; RawDescription=3730 - Solyx SXO-068 Grass Green 48""","false","","","2026-01-14","Imported from Zeroed Out Inventory tab","migration"
"IL-3731","Solyx","Solyx SXP-020UV Amber","60","0","0","","ZEROED","2026-01-14","2026-01-14","","","","SOLYX|SOLYX SXP-020UV AMBER","","","","","SourceSheet=Zeroed Out Inventory; SourceRow=450; DateMethod=back_fill_from_next; ManufacturerSource=keyword_solyx; RawDescription=3731 - Solyx SXP-020UV Amber 60""","false","","","2026-01-14","Imported from Zeroed Out Inventory tab","migration"
"IL-3745","Solyx","Solyx Fine Crystal Frost SX-1309","60","0","0","","ZEROED","2026-01-14","2026-01-14","","","","SOLYX|SOLYX FINE CRYSTAL FROST SX-1309","","","","","SourceSheet=Zeroed Out Inventory; SourceRow=451; DateMethod=back_fill_from_next; ManufacturerSource=lookup_film_width; RawDescription=3745 - Solyx Fine Crystal Frost SX-1309","false","","","2026-01-14","Imported from Zeroed Out Inventory tab","migration"
"IL-3892","Solyx","Solyx White Stripe Vertical SXHP2411","48","0","0","","ZEROED","2026-01-14","2026-01-14","","","","SOLYX|SOLYX WHITE STRIPE VERTICAL SXHP2411","","","","","SourceSheet=Zeroed Out Inventory; SourceRow=452; DateMethod=back_fill_from_next; ManufacturerSource=keyword_solyx; RawDescription=3892 - Solyx White Stripe Vertical SXHP2411 48""","false","","","2026-01-14","Imported from Zeroed Out Inventory tab","migration"
"IL-3937","Solyx","Solyx Chicago SX9100","60","0","0","","ZEROED","2026-01-14","2026-01-14","","","","SOLYX|SOLYX CHICAGO SX9100","","","","","SourceSheet=Zeroed Out Inventory; SourceRow=453; DateMethod=back_fill_from_next; ManufacturerSource=lookup_film_width; RawDescription=3937 - Solyx Chicago SX9100 60""","false","","","2026-01-14","Imported from Zeroed Out Inventory tab","migration"
"IL-3958","Solyx","Solyx Clear Frost SX1301","48","0","0","","ZEROED","2026-01-14","2026-01-14","","","","SOLYX|SOLYX CLEAR FROST SX1301","","","","","SourceSheet=Zeroed Out Inventory; SourceRow=454; DateMethod=back_fill_from_next; ManufacturerSource=keyword_solyx; RawDescription=3958 - Solyx Clear Frost SX1301 48""","false","","","2026-01-14","Imported from Zeroed Out Inventory tab","migration"
"M376","Solyx","Solyx SXWF_WMAX","60","0","0","","ZEROED","2026-01-14","2026-01-14","","","","SOLYX|SOLYX SXWF_WMAX","","","","","SourceSheet=Zeroed Out Inventory; SourceRow=455; DateMethod=back_fill_from_next; ManufacturerSource=keyword_solyx; RawDescription=M376 - Solyx SXWF_WMAX  60""","false","","","2026-01-14","Imported from Zeroed Out Inventory tab","migration"
"M378","Solyx","Solyx SXWF_WM White Matt","60","0","0","","ZEROED","2026-01-14","2026-01-14","","","","SOLYX|SOLYX SXWF_WM WHITE MATT","","","","","SourceSheet=Zeroed Out Inventory; SourceRow=456; DateMethod=back_fill_from_next; ManufacturerSource=keyword_solyx; RawDescription=M378 - Solyx SXWF_WM  White Matt   60""","false","","","2026-01-14","Imported from Zeroed Out Inventory tab","migration"
"IL-3968","Solyx","Solyx Frosted Stripes SXC3510","60","0","0","","ZEROED","2026-01-14","2026-01-14","","","","SOLYX|SOLYX FROSTED STRIPES SXC3510","","","","","SourceSheet=Zeroed Out Inventory; SourceRow=457; DateMethod=back_fill_from_next; ManufacturerSource=keyword_solyx; RawDescription=3968 - Solyx Frosted Stripes SXC3510 60""","false","","","2026-01-14","Imported from Zeroed Out Inventory tab","migration"
"IL-3113","3M Solar","PR 70","36","0","0","","ZEROED","2026-01-14","2026-01-14","","","","3M SOLAR|PR 70","","","","","SourceSheet=Zeroed Out Inventory; SourceRow=458; DateMethod=back_fill_from_next; ManufacturerSource=default_vinyl; RawDescription=3113 - PR 70 36""; ManufacturerReview=auto_high_confidence; ManufacturerBefore=Vinyl; ManufacturerAfter=3M Solar","false","","","2026-01-14","Imported from Zeroed Out Inventory tab","migration"
"IL-8149","3M Solar","PR 40","60","0","0","","ZEROED","2026-01-14","2026-01-14","","","","3M SOLAR|PR 40","","","","","SourceSheet=Zeroed Out Inventory; SourceRow=460; DateMethod=back_fill_from_next; ManufacturerSource=default_vinyl; RawDescription=8149 - PR  40 60""; ManufacturerReview=auto_high_confidence; ManufacturerBefore=Vinyl; ManufacturerAfter=3M Solar","false","","","2026-01-14","Imported from Zeroed Out Inventory tab","migration"
"IL-9126","3M Solar","NV 35","72","0","0","","ZEROED","2026-01-14","2026-01-14","","","","3M SOLAR|NV 35","","","","","SourceSheet=Zeroed Out Inventory; SourceRow=461; DateMethod=back_fill_from_next; ManufacturerSource=default_vinyl; RawDescription=9126 -NV 35 72""; ManufacturerManualReview=move; ManufacturerBefore=Vinyl; ManufacturerAfter=3M Solar; DecisionAtUtc=2026-03-14T22:40:25Z","false","","","2026-01-14","Imported from Zeroed Out Inventory tab","migration"
"IL-3746","3M Solar","3M PR 70","60","0","0","","ZEROED","2026-01-14","2026-01-14","","","","3M SOLAR|3M PR 70","","","","","SourceSheet=Zeroed Out Inventory; SourceRow=462; DateMethod=back_fill_from_next; ManufacturerSource=lookup_film_width; RawDescription=3746 - 3M PR 70 60""","false","","","2026-01-14","Imported from Zeroed Out Inventory tab","migration"
"IL-3814","3M Solar","3M PR 40","48","0","0","","ZEROED","2026-01-14","2026-01-14","","","","3M SOLAR|3M PR 40","","","","","SourceSheet=Zeroed Out Inventory; SourceRow=464; DateMethod=back_fill_from_next; ManufacturerSource=keyword_3m_solar; RawDescription=3814 - 3M PR 40 48""","false","","","2026-01-14","Imported from Zeroed Out Inventory tab","migration"
"IL-3816","Security","3M S70 7MIL Ext","60","0","0","","ZEROED","2026-01-14","2026-01-14","","","","SECURITY|3M S70 7MIL EXT","","","","","SourceSheet=Zeroed Out Inventory; SourceRow=465; DateMethod=back_fill_from_next; ManufacturerSource=keyword_security; RawDescription=3816 - 3M S70 7MIL Ext 60""","false","","","2026-01-14","Imported from Zeroed Out Inventory tab","migration"
"IL-3821","3M Solar","3M NV 15","72","0","0","","ZEROED","2026-01-14","2026-01-14","","","","3M SOLAR|3M NV 15","","","","","SourceSheet=Zeroed Out Inventory; SourceRow=466; DateMethod=back_fill_from_next; ManufacturerSource=lookup_film_width; RawDescription=3821 - 3M NV 15 72""","false","","","2026-01-14","Imported from Zeroed Out Inventory tab","migration"
"IL-2895","Fasara","SAN MARINO SH2MAMM","60","0","0","","ZEROED","2026-01-14","2026-01-14","","","","FASARA|SAN MARINO SH2MAMM","","","","","SourceSheet=Zeroed Out Inventory; SourceRow=468; DateMethod=back_fill_from_next; ManufacturerSource=keyword_fasara; RawDescription=2895- SAN MARINO SH2MAMM  60""","false","","","2026-01-14","Imported from Zeroed Out Inventory tab","migration"
"IL-3468","Fasara","SAN MARINO SH2MAMM","60","0","0","","ZEROED","2026-01-14","2026-01-14","","","","FASARA|SAN MARINO SH2MAMM","","","","","SourceSheet=Zeroed Out Inventory; SourceRow=470; DateMethod=back_fill_from_next; ManufacturerSource=keyword_fasara; RawDescription=3468- SAN MARINO SH2MAMM  60""","false","","","2026-01-14","Imported from Zeroed Out Inventory tab","migration"
"IL-3596","Fasara","MILANO SH2MAML","50","0","0","","ZEROED","2026-01-14","2026-01-14","","","","FASARA|MILANO SH2MAML","","","","","SourceSheet=Zeroed Out Inventory; SourceRow=471; DateMethod=back_fill_from_next; ManufacturerSource=keyword_fasara; RawDescription=3596 - MILANO SH2MAML 50""","false","","","2026-01-14","Imported from Zeroed Out Inventory tab","migration"
"IL-3646","Fasara","3M Oslo SH-2EMOS","50","0","0","","ZEROED","2026-01-14","2026-01-14","","","","FASARA|3M OSLO SH-2EMOS","","","","","SourceSheet=Zeroed Out Inventory; SourceRow=472; DateMethod=back_fill_from_next; ManufacturerSource=keyword_fasara; RawDescription=3646 - 3M Oslo SH-2EMOS 50""","false","","","2026-01-14","Imported from Zeroed Out Inventory tab","migration"
"IL-3111","Fasara","3M Dusted Crystal","60","0","0","","ZEROED","2026-01-14","2026-01-14","","","","FASARA|3M DUSTED CRYSTAL","","","","","SourceSheet=Zeroed Out Inventory; SourceRow=473; DateMethod=back_fill_from_next; ManufacturerSource=lookup_film; RawDescription=3111 - 3M Dusted Crystal 60""","false","","","2026-01-14","Imported from Zeroed Out Inventory tab","migration"
"IL-3756","Fasara","3M San Marino Milky Milky SH2MAMM","50","0","0","","ZEROED","2026-01-14","2026-01-14","","","","FASARA|3M SAN MARINO MILKY MILKY SH2MAMM","","","","","SourceSheet=Zeroed Out Inventory; SourceRow=474; DateMethod=back_fill_from_next; ManufacturerSource=keyword_fasara; RawDescription=3756 - 3M San Marino Milky Milky SH2MAMM 50""","false","","","2026-01-14","Imported from Zeroed Out Inventory tab","migration"
"IL-3852","Fasara","3M Fabric-Sensai Linen Champagne Gold SH2CSSEC","50","0","0","","ZEROED","2026-01-14","2026-01-14","","","","FASARA|3M FABRIC-SENSAI LINEN CHAMPAGNE GOLD SH2CSSEC","","","","","SourceSheet=Zeroed Out Inventory; SourceRow=476; DateMethod=back_fill_from_next; ManufacturerSource=lookup_film_width; RawDescription=3852 - 3M Fabric-Sensai Linen Champagne Gold SH2CSSEC 50""","false","","","2026-01-14","Imported from Zeroed Out Inventory tab","migration"
"IL-3894","Fasara","3M Gradient Sabrina SH2FGSB","50","0","0","","ZEROED","2026-01-14","2026-01-14","","","","FASARA|3M GRADIENT SABRINA SH2FGSB","","","","","SourceSheet=Zeroed Out Inventory; SourceRow=478; DateMethod=back_fill_from_next; ManufacturerSource=keyword_fasara; RawDescription=3894 - 3M Gradient Sabrina SH2FGSB 50""","false","","","2026-01-14","Imported from Zeroed Out Inventory tab","migration"
"IL-2962","Solar Guard","SG Slate 40 72"" (Box 1 of 2)","72","0","0","","ZEROED","2026-01-14","2026-01-14","","","","SOLAR GUARD|SG SLATE 40 72"" (BOX 1 OF 2)","","","","","SourceSheet=Zeroed Out Inventory; SourceRow=481; DateMethod=back_fill_from_next; ManufacturerSource=keyword_solar_guard; RawDescription=2962 - SG Slate 40 72"" (Box 1 of 2)","false","","","2026-01-14","Imported from Zeroed Out Inventory tab","migration"
"IL-3660","Solar Guard","SG Panorama Slate 10","72","0","0","","ZEROED","2026-01-14","2026-01-14","","","","SOLAR GUARD|SG PANORAMA SLATE 10","","","","","SourceSheet=Zeroed Out Inventory; SourceRow=482; DateMethod=back_fill_from_next; ManufacturerSource=keyword_solar_guard; RawDescription=3660 - SG Panorama Slate 10 72""","false","","","2026-01-14","Imported from Zeroed Out Inventory tab","migration"
"IL-3783","Solar Guard","SG Slate 30 (Panorama)","60","0","0","","ZEROED","2026-01-14","2026-01-14","","","","SOLAR GUARD|SG SLATE 30 (PANORAMA)","","","","","SourceSheet=Zeroed Out Inventory; SourceRow=484; DateMethod=back_fill_from_next; ManufacturerSource=keyword_solar_guard; RawDescription=3783 - SG Slate 30 (Panorama) 60""","false","","","2026-01-14","Imported from Zeroed Out Inventory tab","migration"
"IL-3801","Solar Guard","SG TrueVue 15","48","0","0","","ZEROED","2026-01-14","2026-01-14","","","","SOLAR GUARD|SG TRUEVUE 15","","","","","SourceSheet=Zeroed Out Inventory; SourceRow=485; DateMethod=back_fill_from_next; ManufacturerSource=lookup_film_width; RawDescription=3801 - SG TrueVue 15 48""","false","","","2026-01-14","Imported from Zeroed Out Inventory tab","migration"
"IL-3806","Solar Guard","SG TrueVue 05","48","0","0","","ZEROED","2026-01-14","2026-01-14","","","","SOLAR GUARD|SG TRUEVUE 05","","","","","SourceSheet=Zeroed Out Inventory; SourceRow=487; DateMethod=back_fill_from_next; ManufacturerSource=lookup_film_width; RawDescription=3806 - SG TrueVue 05 48""","false","","","2026-01-14","Imported from Zeroed Out Inventory tab","migration"
"IL-3992","Solar Guard","TrueVue 05","48","0","0","","ZEROED","2026-01-14","2026-01-14","","","","SOLAR GUARD|TRUEVUE 05","","","","","SourceSheet=Zeroed Out Inventory; SourceRow=488; DateMethod=back_fill_from_next; ManufacturerSource=keyword_solar_guard; RawDescription=3992 - TrueVue 05 48""","false","","","2026-01-14","Imported from Zeroed Out Inventory tab","migration"
"IL-3993","Solar Guard","TrueVue 05","48","0","0","","ZEROED","2026-01-14","2026-01-14","","","","SOLAR GUARD|TRUEVUE 05","","","","","SourceSheet=Zeroed Out Inventory; SourceRow=489; DateMethod=back_fill_from_next; ManufacturerSource=keyword_solar_guard; RawDescription=3993 - TrueVue 05 48""","false","","","2026-01-14","Imported from Zeroed Out Inventory tab","migration"
"IL-3994","Solar Guard","TrueVue 05","60","0","0","","ZEROED","2026-01-14","2026-01-14","","","","SOLAR GUARD|TRUEVUE 05","","","","","SourceSheet=Zeroed Out Inventory; SourceRow=490; DateMethod=back_fill_from_next; ManufacturerSource=keyword_solar_guard; RawDescription=3994 - TrueVue 05 60""","false","","","2026-01-14","Imported from Zeroed Out Inventory tab","migration"
"IL-3995","Solar Guard","TrueVue 05","60","0","0","","ZEROED","2026-01-14","2026-01-14","","","","SOLAR GUARD|TRUEVUE 05","","","","","SourceSheet=Zeroed Out Inventory; SourceRow=491; DateMethod=back_fill_from_next; ManufacturerSource=keyword_solar_guard; RawDescription=3995 - TrueVue 05 60""","false","","","2026-01-14","Imported from Zeroed Out Inventory tab","migration"
"IL-2578","Vinyl","651 High Gloss series","60","0","0","","ZEROED","2026-01-14","2026-01-14","","","","VINYL|651 HIGH GLOSS SERIES","","","","","SourceSheet=Zeroed Out Inventory; SourceRow=496; DateMethod=back_fill_from_next; ManufacturerSource=keyword_vinyl; RawDescription=2578- 651 High Gloss series","false","","","2026-01-14","Imported from Zeroed Out Inventory tab","migration"
"IL-3417","3M Solar","3M BLACK BLOCK OUT GLOSSY","60","0","0","","ZEROED","2026-01-14","2026-01-14","","","","3M SOLAR|3M BLACK BLOCK OUT GLOSSY","","","","","SourceSheet=Zeroed Out Inventory; SourceRow=497; DateMethod=back_fill_from_next; ManufacturerSource=keyword_3m_default; RawDescription=3417- 3M BLACK BLOCK OUT GLOSSY 60""","false","","","2026-01-14","Imported from Zeroed Out Inventory tab","migration"
"IL-4031","3M Solar","3M PR 70","60","0","0","","ZEROED","2026-01-14","2026-01-14","","","","3M SOLAR|3M PR 70","","","","","SourceSheet=Zeroed Out Inventory; SourceRow=499; DateMethod=back_fill_from_next; ManufacturerSource=lookup_film_width; RawDescription=4031 - 3M PR 70 60""","false","","","2026-01-14","Imported from Zeroed Out Inventory tab","migration"
"IL-3792","Llumar","Llumar Frost NRM PS2","60","0","0","","ZEROED","2026-01-14","2026-01-14","","","","LLUMAR|LLUMAR FROST NRM PS2","","","","","SourceSheet=Zeroed Out Inventory; SourceRow=501; DateMethod=back_fill_from_next; ManufacturerSource=lookup_film_width; RawDescription=3792 - Llumar Frost NRM PS2 60""","false","","","2026-01-14","Imported from Zeroed Out Inventory tab","migration"
"IL-4041","Llumar","Llumar Frost NPM PS2","60","0","0","","ZEROED","2026-01-14","2026-01-14","","","","LLUMAR|LLUMAR FROST NPM PS2","","","","","SourceSheet=Zeroed Out Inventory; SourceRow=504; DateMethod=back_fill_from_next; ManufacturerSource=keyword_llumar; RawDescription=4041 - Llumar Frost NPM PS2 60""","false","","","2026-01-14","Imported from Zeroed Out Inventory tab","migration"
"IL-4051","Llumar","LLumar Frost PS2","48","0","0","","ZEROED","2026-01-14","2026-01-14","","","","LLUMAR|LLUMAR FROST PS2","","","","","SourceSheet=Zeroed Out Inventory; SourceRow=505; DateMethod=back_fill_from_next; ManufacturerSource=keyword_llumar; RawDescription=4051- LLumar Frost PS2 48""","false","","","2026-01-14","Imported from Zeroed Out Inventory tab","migration"
"IL-3957","Llumar","Llumar Frost NRM PS2","48","0","0","","ZEROED","2026-01-14","2026-01-14","","","","LLUMAR|LLUMAR FROST NRM PS2","","","","","SourceSheet=Zeroed Out Inventory; SourceRow=506; DateMethod=back_fill_from_next; ManufacturerSource=lookup_film_width; RawDescription=3957 - Llumar Frost NRM PS2 48""","false","","","2026-01-14","Imported from Zeroed Out Inventory tab","migration"
"IL-4053","Llumar","LLumar Frost PS2","48","0","0","","ZEROED","2026-01-14","2026-01-14","","","","LLUMAR|LLUMAR FROST PS2","","","","","SourceSheet=Zeroed Out Inventory; SourceRow=507; DateMethod=back_fill_from_next; ManufacturerSource=keyword_llumar; RawDescription=4053 - LLumar Frost PS2 48""","false","","","2026-01-14","Imported from Zeroed Out Inventory tab","migration"
"IL-4054","Llumar","LLumar Frost PS2","48","0","0","","ZEROED","2026-01-14","2026-01-14","","","","LLUMAR|LLUMAR FROST PS2","","","","","SourceSheet=Zeroed Out Inventory; SourceRow=508; DateMethod=back_fill_from_next; ManufacturerSource=keyword_llumar; RawDescription=4054-  LLumar Frost PS2 48""","false","","","2026-01-14","Imported from Zeroed Out Inventory tab","migration"
"IL-4052","Llumar","LLumar Frost PS2","48","0","0","","ZEROED","2026-01-14","2026-01-14","","","","LLUMAR|LLUMAR FROST PS2","","","","","SourceSheet=Zeroed Out Inventory; SourceRow=509; DateMethod=back_fill_from_next; ManufacturerSource=keyword_llumar; RawDescription=4052-  LLumar Frost PS2 48""","false","","","2026-01-14","Imported from Zeroed Out Inventory tab","migration"
"IL-3854","Llumar","Llumar Frost NRM PS2","72","0","0","","ZEROED","2026-01-14","2026-01-14","","","","LLUMAR|LLUMAR FROST NRM PS2","","","","","SourceSheet=Zeroed Out Inventory; SourceRow=510; DateMethod=back_fill_from_next; ManufacturerSource=lookup_film; RawDescription=3854 - Llumar Frost NRM PS2 72""","false","","","2026-01-14","Imported from Zeroed Out Inventory tab","migration"
"IL-2713","Avery Dennison","HT LITE 70","48","0","0","","ZEROED","2026-01-14","2026-01-14","","","","AVERY DENNISON|HT LITE 70","","","","","SourceSheet=Zeroed Out Inventory; SourceRow=511; DateMethod=back_fill_from_next; ManufacturerSource=keyword_avery; RawDescription=2713- HT LITE 70  48""","false","","","2026-01-14","Imported from Zeroed Out Inventory tab","migration"
"IL-3838","Solar Guard","SG TrueVue 05","48","0","0","","ZEROED","2026-01-14","2026-01-14","","","","SOLAR GUARD|SG TRUEVUE 05","","","","","SourceSheet=Zeroed Out Inventory; SourceRow=512; DateMethod=back_fill_from_next; ManufacturerSource=lookup_film_width; RawDescription=3838 - SG TrueVue 05 48""","false","","","2026-01-14","Imported from Zeroed Out Inventory tab","migration"
"IL-3804","Solar Guard","SG TrueVue 05","60","0","0","","ZEROED","2026-01-14","2026-01-14","","","","SOLAR GUARD|SG TRUEVUE 05","","","","","SourceSheet=Zeroed Out Inventory; SourceRow=513; DateMethod=back_fill_from_next; ManufacturerSource=lookup_film_width; RawDescription=3804 - SG TrueVue 05 60""","false","","","2026-01-14","Imported from Zeroed Out Inventory tab","migration"
"IL-3911","Fasara","3M Fasara Milky Crystal SHMLRX 50","60","0","0","","ZEROED","2026-01-14","2026-01-14","","","","FASARA|3M FASARA MILKY CRYSTAL SHMLRX 50","","","","","SourceSheet=Zeroed Out Inventory; SourceRow=514; DateMethod=back_fill_from_next; ManufacturerSource=keyword_fasara; RawDescription=3911 - 3M Fasara Milky Crystal SHMLRX 50","false","","","2026-01-14","Imported from Zeroed Out Inventory tab","migration"
"IL-4076","3M Solar","3M PR 20 EXT.","60","0","0","","ZEROED","2026-01-14","2026-01-14","","","","3M SOLAR|3M PR 20 EXT.","","","","","SourceSheet=Zeroed Out Inventory; SourceRow=515; DateMethod=back_fill_from_next; ManufacturerSource=lookup_film; RawDescription=4076 - 3M PR 20 EXT. 60""","false","","","2026-01-14","Imported from Zeroed Out Inventory tab","migration"
"M286","Security","Security 3M ULTRA S800","72","0","0","B131323955","ZEROED","2026-01-14","2026-01-14","","","","SECURITY|SECURITY 3M ULTRA S800","","","","","SourceSheet=Zeroed Out Inventory; SourceRow=516; DateMethod=back_fill_from_next; ManufacturerSource=keyword_security; RawDescription=M286 - Security 3M ULTRA S800 72""","false","","","2026-01-14","Imported from Zeroed Out Inventory tab","migration"
"IL-4028","Security","3M Ultra S800","72","0","0","C235324385","ZEROED","2026-01-14","2026-01-14","","","","SECURITY|3M ULTRA S800","","","","","SourceSheet=Zeroed Out Inventory; SourceRow=517; DateMethod=back_fill_from_next; ManufacturerSource=lookup_film_width; RawDescription=4028 - 3M Ultra S800 72""","false","","","2026-01-14","Imported from Zeroed Out Inventory tab","migration"
"IL-3945","Security","3M 14 MIL SH14CLARL","60","0","0","212F6197N","ZEROED","2026-01-14","2026-01-14","","","","SECURITY|3M 14 MIL SH14CLARL","","","","","SourceSheet=Zeroed Out Inventory; SourceRow=518; DateMethod=back_fill_from_next; ManufacturerSource=keyword_security; RawDescription=3945 - 3M 14 MIL SH14CLARL 60""","false","","","2026-01-14","Imported from Zeroed Out Inventory tab","migration"
"IL-4078","Security","3M SH14CLARL","60","0","0","212F","ZEROED","2026-01-14","2026-01-14","","","","SECURITY|3M SH14CLARL","","","","","SourceSheet=Zeroed Out Inventory; SourceRow=521; DateMethod=back_fill_from_next; ManufacturerSource=keyword_security; RawDescription=4078 - 3M SH14CLARL 60""","false","","","2026-01-14","Imported from Zeroed Out Inventory tab","migration"
"IL-4079","Security","3M SH14CLARL","60","0","0","212F","ZEROED","2026-01-14","2026-01-14","","","","SECURITY|3M SH14CLARL","","","","","SourceSheet=Zeroed Out Inventory; SourceRow=522; DateMethod=back_fill_from_next; ManufacturerSource=keyword_security; RawDescription=4079 - 3M SH14CLARL 60""","false","","","2026-01-14","Imported from Zeroed Out Inventory tab","migration"
"IL-3938","Llumar","Vista V-33","72","0","0","","ZEROED","2026-01-14","2026-01-14","","","","LLUMAR|VISTA V-33","","","","","SourceSheet=Zeroed Out Inventory; SourceRow=523; DateMethod=back_fill_from_next; ManufacturerSource=keyword_llumar; RawDescription=3938 - Vista V-33 72""","false","","","2026-01-14","Imported from Zeroed Out Inventory tab","migration"
"IL-3800","Solar Guard","SG TrueVue 05","48","0","0","","ZEROED","2026-01-14","2026-01-14","","","","SOLAR GUARD|SG TRUEVUE 05","","","","","SourceSheet=Zeroed Out Inventory; SourceRow=524; DateMethod=back_fill_from_next; ManufacturerSource=lookup_film_width; RawDescription=3800 - SG TrueVue 05 48""","false","","","2026-01-14","Imported from Zeroed Out Inventory tab","migration"
"IL-3103","Security","Madico SS 800","72","0","0","2.110733023E9","ZEROED","2026-01-14","2026-01-14","","","","SECURITY|MADICO SS 800","","","","","SourceSheet=Zeroed Out Inventory; SourceRow=525; DateMethod=back_fill_from_next; ManufacturerSource=lookup_film_width; RawDescription=3103 - Madico SS 800 72""","false","","","2026-01-14","Imported from Zeroed Out Inventory tab","migration"
"IL-5002","Solar Guard","SG Panorama Slate 10","60","0","0","5.423040068E9","ZEROED","2026-01-14","2026-01-14","","","","SOLAR GUARD|SG PANORAMA SLATE 10","","","","","SourceSheet=Zeroed Out Inventory; SourceRow=526; DateMethod=back_fill_from_next; ManufacturerSource=keyword_solar_guard; RawDescription=5002 - SG Panorama Slate 10 60""","false","","","2026-01-14","Imported from Zeroed Out Inventory tab","migration"
"IL-5011","Fasara","3M Fasara Frost Matte Crystal SH2MACR-1","60","0","0","3.4262436E7","ZEROED","2026-01-14","2026-01-14","","","","FASARA|3M FASARA FROST MATTE CRYSTAL SH2MACR-1","","","","","SourceSheet=Zeroed Out Inventory; SourceRow=527; DateMethod=back_fill_from_next; ManufacturerSource=keyword_fasara; RawDescription=5011 - 3M Fasara Frost Matte Crystal SH2MACR-1 60""","false","","","2026-01-14","Imported from Zeroed Out Inventory tab","migration"
"IL-3451","Fasara","FEATHER FRIENDLY HARMONY","36","0","0","","ZEROED","2026-01-14","2026-01-14","","","","FASARA|FEATHER FRIENDLY HARMONY","","","","","SourceSheet=Zeroed Out Inventory; SourceRow=528; DateMethod=back_fill_from_next; ManufacturerSource=lookup_film_width; RawDescription=3451- FEATHER FRIENDLY HARMONY  36""","false","","","2026-01-14","Imported from Zeroed Out Inventory tab","migration"
"IL-5013","Security","3M S140 14MIL SH14CLARL","60","0","0","212F","ZEROED","2026-01-14","2026-01-14","","","","SECURITY|3M S140 14MIL SH14CLARL","","","","","SourceSheet=Zeroed Out Inventory; SourceRow=529; DateMethod=back_fill_from_next; ManufacturerSource=keyword_security; RawDescription=5013 - 3M S140 14MIL SH14CLARL 60""","false","","","2026-01-14","Imported from Zeroed Out Inventory tab","migration"
"IL-5014","Security","3M S140 14MIL SH14CLARL","60","0","0","212F","ZEROED","2026-01-14","2026-01-14","","","","SECURITY|3M S140 14MIL SH14CLARL","","","","","SourceSheet=Zeroed Out Inventory; SourceRow=530; DateMethod=back_fill_from_next; ManufacturerSource=keyword_security; RawDescription=5014 - 3M S140 14MIL SH14CLARL 60""","false","","","2026-01-14","Imported from Zeroed Out Inventory tab","migration"
"IL-5015","Security","3M S140 14MIL SH14CLARL","60","0","0","212F","ZEROED","2026-01-14","2026-01-14","","","","SECURITY|3M S140 14MIL SH14CLARL","","","","","SourceSheet=Zeroed Out Inventory; SourceRow=531; DateMethod=back_fill_from_next; ManufacturerSource=keyword_security; RawDescription=5015 - 3M S140 14MIL SH14CLARL 60""","false","","","2026-01-14","Imported from Zeroed Out Inventory tab","migration"
"IL-5018","Security","3M S140 14MIL SH14CLARL","60","0","0","212F","ZEROED","2026-01-14","2026-01-14","","","","SECURITY|3M S140 14MIL SH14CLARL","","","","","SourceSheet=Zeroed Out Inventory; SourceRow=532; DateMethod=back_fill_from_next; ManufacturerSource=keyword_security; RawDescription=5018 - 3M S140 14MIL SH14CLARL 60""","false","","","2026-01-14","Imported from Zeroed Out Inventory tab","migration"
"IL-5035","Security","3M S140 SH14CLARL","60","0","0","212F","ZEROED","2026-01-14","2026-01-14","","","","SECURITY|3M S140 SH14CLARL","","","","","SourceSheet=Zeroed Out Inventory; SourceRow=533; DateMethod=back_fill_from_next; ManufacturerSource=lookup_film_width; RawDescription=5035 - 3M S140 SH14CLARL 60""","false","","","2026-01-14","Imported from Zeroed Out Inventory tab","migration"
"IL-5036","Security","3M S140 SH14CLARL","60","0","0","212E","ZEROED","2026-01-14","2026-01-14","","","","SECURITY|3M S140 SH14CLARL","","","","","SourceSheet=Zeroed Out Inventory; SourceRow=534; DateMethod=back_fill_from_next; ManufacturerSource=lookup_film_width; RawDescription=5036 - 3M S140 SH14CLARL 60""","false","","","2026-01-14","Imported from Zeroed Out Inventory tab","migration"
"IL-5037","Security","3M S140 SH14CLARL","60","0","0","212E","ZEROED","2026-01-14","2026-01-14","","","","SECURITY|3M S140 SH14CLARL","","","","","SourceSheet=Zeroed Out Inventory; SourceRow=535; DateMethod=back_fill_from_next; ManufacturerSource=lookup_film_width; RawDescription=5037 - 3M S140 SH14CLARL 60""","false","","","2026-01-14","Imported from Zeroed Out Inventory tab","migration"
"IL-3826","Vinyl","Fellers Oracale 651 Black Matte Vinyl","48","0","0","","ZEROED","2026-01-14","2026-01-14","","","","VINYL|FELLERS ORACALE 651 BLACK MATTE VINYL","","","","","SourceSheet=Zeroed Out Inventory; SourceRow=536; DateMethod=back_fill_from_next; ManufacturerSource=keyword_vinyl; RawDescription=3826 - Fellers Oracale 651 Black Matte Vinyl 48""","false","","","2026-01-14","Imported from Zeroed Out Inventory tab","migration"
"IL-2714","Avery Dennison","HT LITE 70","60","0","0","","ZEROED","2026-01-14","2026-01-14","","","","AVERY DENNISON|HT LITE 70","","","","","SourceSheet=Zeroed Out Inventory; SourceRow=537; DateMethod=back_fill_from_next; ManufacturerSource=keyword_avery; RawDescription=2714- HT LITE 70  60""","false","","","2026-01-14","Imported from Zeroed Out Inventory tab","migration"
"IL-3586","Fasara","3M Matte Crystal SH2MACR1","50","0","0","","ZEROED","2026-01-14","2026-01-14","","","","FASARA|3M MATTE CRYSTAL SH2MACR1","","","","","SourceSheet=Zeroed Out Inventory; SourceRow=538; DateMethod=back_fill_from_next; ManufacturerSource=lookup_film_width; RawDescription=3586 - 3M Matte Crystal SH2MACR1 50""","false","","","2026-01-14","Imported from Zeroed Out Inventory tab","migration"
"IL-4006","3M Solar","3M Frosted Crystal 7725-324","48","0","0","","ZEROED","2026-01-14","2026-01-14","","","","3M SOLAR|3M FROSTED CRYSTAL 7725-324","","","","","SourceSheet=Zeroed Out Inventory; SourceRow=539; DateMethod=back_fill_from_next; ManufacturerSource=keyword_3m_default; RawDescription=4006 - 3M Frosted Crystal 7725-324 48""","false","","","2026-01-14","Imported from Zeroed Out Inventory tab","migration"
"IL-3939","3M Solar","3M PR 50","36","0","0","","ZEROED","2026-01-14","2026-01-14","","","","3M SOLAR|3M PR 50","","","","","SourceSheet=Zeroed Out Inventory; SourceRow=540; DateMethod=back_fill_from_next; ManufacturerSource=lookup_film; RawDescription=3939 - 3M PR 50 36""","false","","","2026-01-14","Imported from Zeroed Out Inventory tab","migration"
"IL-5113","Llumar","Llumar 100% Whiteout","60","0","0","","ZEROED","2026-01-14","2026-01-14","","","","LLUMAR|LLUMAR 100% WHITEOUT","","","","","SourceSheet=Zeroed Out Inventory; SourceRow=542; DateMethod=back_fill_from_next; ManufacturerSource=keyword_llumar; RawDescription=5113 - Llumar 100% Whiteout 60""","false","","","2026-01-14","Imported from Zeroed Out Inventory tab","migration"
"M417","Fasara","3M Fasara Milano","50","0","0","","ZEROED","2026-01-14","2026-01-14","","","","FASARA|3M FASARA MILANO","","","","","SourceSheet=Zeroed Out Inventory; SourceRow=543; DateMethod=back_fill_from_next; ManufacturerSource=keyword_fasara; RawDescription=M417 - 3M Fasara Milano 50""","false","","","2026-01-14","Imported from Zeroed Out Inventory tab","migration"
"IL-4064","Llumar","LLumar 100% White Out","60","0","0","","ZEROED","2026-01-14","2026-01-14","","","","LLUMAR|LLUMAR 100% WHITE OUT","","","","","SourceSheet=Zeroed Out Inventory; SourceRow=544; DateMethod=back_fill_from_next; ManufacturerSource=keyword_llumar; RawDescription=4064-  LLumar 100% White Out 60""","false","","","2026-01-14","Imported from Zeroed Out Inventory tab","migration"
"IL-5112","Llumar","Llumar 100% Whiteout","60","0","0","","ZEROED","2026-01-14","2026-01-14","","","","LLUMAR|LLUMAR 100% WHITEOUT","","","","","SourceSheet=Zeroed Out Inventory; SourceRow=545; DateMethod=back_fill_from_next; ManufacturerSource=keyword_llumar; RawDescription=5112 - Llumar 100% Whiteout 60""","false","","","2026-01-14","Imported from Zeroed Out Inventory tab","migration"
"IL-5045","3M Solar","3M PR 50","48","0","0","","ZEROED","2026-01-14","2026-01-14","","","","3M SOLAR|3M PR 50","","","","","SourceSheet=Zeroed Out Inventory; SourceRow=546; DateMethod=back_fill_from_next; ManufacturerSource=lookup_film; RawDescription=5045 - 3M PR 50 48""","false","","","2026-01-14","Imported from Zeroed Out Inventory tab","migration"
"IL-3941","Security","3M Ultra S800","72","0","0","","ZEROED","2026-01-14","2026-01-14","","","","SECURITY|3M ULTRA S800","","","","","SourceSheet=Zeroed Out Inventory; SourceRow=547; DateMethod=back_fill_from_next; ManufacturerSource=lookup_film_width; RawDescription=3941 - 3M Ultra S800 72""","false","","","2026-01-14","Imported from Zeroed Out Inventory tab","migration"
"IL-5031","Security","Madico Safetyshield 800 Optivision 15","72","0","0","","ZEROED","2026-01-14","2026-01-14","","","","SECURITY|MADICO SAFETYSHIELD 800 OPTIVISION 15","","","","","SourceSheet=Zeroed Out Inventory; SourceRow=548; DateMethod=back_fill_from_next; ManufacturerSource=keyword_security; RawDescription=5031 - Madico Safetyshield 800 Optivision 15 72""","false","","","2026-01-14","Imported from Zeroed Out Inventory tab","migration"
"IL-5125","Security","Madico Safetyshield 1500","60","0","0","","ZEROED","2026-01-14","2026-01-14","","","","SECURITY|MADICO SAFETYSHIELD 1500","","","","","SourceSheet=Zeroed Out Inventory; SourceRow=549; DateMethod=back_fill_from_next; ManufacturerSource=lookup_film_width; RawDescription=5125 - Madico Safetyshield 1500 60""","false","","","2026-01-14","Imported from Zeroed Out Inventory tab","migration"
"IL-3349","Solar Guard","SG SLATE 10 (PANORAMA)","36","0","0","","ZEROED","2026-01-14","2026-01-14","","","","SOLAR GUARD|SG SLATE 10 (PANORAMA)","","","","","SourceSheet=Zeroed Out Inventory; SourceRow=550; DateMethod=back_fill_from_next; ManufacturerSource=keyword_solar_guard; RawDescription=3349 - SG SLATE 10 (PANORAMA) 36""","false","","","2026-01-14","Imported from Zeroed Out Inventory tab","migration"
"IL-3080","3M Solar","PR","60","0","0","","ZEROED","2026-01-14","2026-01-14","","","","3M SOLAR|PR","","","","","SourceSheet=Zeroed Out Inventory; SourceRow=551; DateMethod=back_fill_from_next; ManufacturerSource=default_vinyl; RawDescription=3080 - PR 60 60""; ManufacturerReview=auto_high_confidence; ManufacturerBefore=Vinyl; ManufacturerAfter=3M Solar","false","","","2026-01-14","Imported from Zeroed Out Inventory tab","migration"
"IL-3738","3M Solar","3M PR 60","72","0","0","","ZEROED","2026-01-14","2026-01-14","","","","3M SOLAR|3M PR 60","","","","","SourceSheet=Zeroed Out Inventory; SourceRow=552; DateMethod=back_fill_from_next; ManufacturerSource=lookup_film; RawDescription=3738 - 3M PR 60 72""","false","","","2026-01-14","Imported from Zeroed Out Inventory tab","migration"
"IL-3905","3M Solar","3M PR 70 Ext","72","0","0","","ZEROED","2026-01-14","2026-01-14","","","","3M SOLAR|3M PR 70 EXT","","","","","SourceSheet=Zeroed Out Inventory; SourceRow=553; DateMethod=back_fill_from_next; ManufacturerSource=lookup_film_width; RawDescription=3905 - 3M PR 70 Ext 72""","false","","","2026-01-14","Imported from Zeroed Out Inventory tab","migration"
"IL-5131","Solar Guard","SG Truevue 05","48","0","0","","ZEROED","2026-01-14","2026-01-14","","","","SOLAR GUARD|SG TRUEVUE 05","","","","","SourceSheet=Zeroed Out Inventory; SourceRow=554; DateMethod=back_fill_from_next; ManufacturerSource=lookup_film_width; RawDescription=5131 - SG Truevue 05 48""","false","","","2026-01-14","Imported from Zeroed Out Inventory tab","migration"
"IL-5146","Security","3M Ultra NV 25","60","0","0","D114324509","ZEROED","2026-01-14","2026-01-14","","","","SECURITY|3M ULTRA NV 25","","","","","SourceSheet=Zeroed Out Inventory; SourceRow=555; DateMethod=back_fill_from_next; ManufacturerSource=lookup_film_width; RawDescription=5146 - 3M Ultra NV 25 60""","false","","","2026-01-14","Imported from Zeroed Out Inventory tab","migration"
"IL-5062","Security","3M S140 SH14CLARL","60","0","0","232C","ZEROED","2026-01-14","2026-01-14","","","","SECURITY|3M S140 SH14CLARL","","","","","SourceSheet=Zeroed Out Inventory; SourceRow=556; DateMethod=back_fill_from_next; ManufacturerSource=lookup_film_width; RawDescription=5062 - 3M S140 SH14CLARL 60""","false","","","2026-01-14","Imported from Zeroed Out Inventory tab","migration"
"IL-3126","3M Solar","3M Dusted Crystal 48"" (1 of 2)","48","0","0","G2109204","ZEROED","2026-01-14","2026-01-14","","","","3M SOLAR|3M DUSTED CRYSTAL 48"" (1 OF 2)","","","","","SourceSheet=Zeroed Out Inventory; SourceRow=558; DateMethod=back_fill_from_next; ManufacturerSource=keyword_3m_default; RawDescription=3126- 3M Dusted Crystal 48"" (1 of 2)","false","","","2026-01-14","Imported from Zeroed Out Inventory tab","migration"
"IL-5080","3M Solar","3M PR 40 EXT","60","0","0","D037324459","ZEROED","2026-01-14","2026-01-14","","","","3M SOLAR|3M PR 40 EXT","","","","","SourceSheet=Zeroed Out Inventory; SourceRow=560; DateMethod=back_fill_from_next; ManufacturerSource=lookup_film_width; RawDescription=5080 - 3M PR 40 EXT 60""","false","","","2026-01-14","Imported from Zeroed Out Inventory tab","migration"
"IL-5149","Security","3M Ultra S800","72","0","0","D170324550","ZEROED","2026-01-14","2026-01-14","","","","SECURITY|3M ULTRA S800","","","","","SourceSheet=Zeroed Out Inventory; SourceRow=561; DateMethod=back_fill_from_next; ManufacturerSource=lookup_film_width; RawDescription=5149 - 3M Ultra S800 72""","false","","","2026-01-14","Imported from Zeroed Out Inventory tab","migration"
"IL-5150","Security","3M Ultra S800","72","0","0","D170324550","ZEROED","2026-01-14","2026-01-14","","","","SECURITY|3M ULTRA S800","","","","","SourceSheet=Zeroed Out Inventory; SourceRow=562; DateMethod=back_fill_from_next; ManufacturerSource=lookup_film_width; RawDescription=5150 - 3M Ultra S800 72""","false","","","2026-01-14","Imported from Zeroed Out Inventory tab","migration"
"IL-5151","Security","3M Ultra S800","72","0","0","D170324550","ZEROED","2026-01-14","2026-01-14","","","","SECURITY|3M ULTRA S800","","","","","SourceSheet=Zeroed Out Inventory; SourceRow=563; DateMethod=back_fill_from_next; ManufacturerSource=lookup_film_width; RawDescription=5151 - 3M Ultra S800 72""","false","","","2026-01-14","Imported from Zeroed Out Inventory tab","migration"
"IL-5152","Security","3M Ultra S800","72","0","0","D170324550","ZEROED","2026-01-14","2026-01-14","","","","SECURITY|3M ULTRA S800","","","","","SourceSheet=Zeroed Out Inventory; SourceRow=564; DateMethod=back_fill_from_next; ManufacturerSource=lookup_film_width; RawDescription=5152 - 3M Ultra S800 72""","false","","","2026-01-14","Imported from Zeroed Out Inventory tab","migration"
"IL-4069","Security","3M ULTRA S800","72","0","0","C237324387","ZEROED","2026-01-14","2026-01-14","","","","SECURITY|3M ULTRA S800","","","","","SourceSheet=Zeroed Out Inventory; SourceRow=565; DateMethod=back_fill_from_next; ManufacturerSource=lookup_film_width; RawDescription=4069- 3M ULTRA S800 72""","false","","","2026-01-14","Imported from Zeroed Out Inventory tab","migration"
"IL-5166","Security","3M Ultra S800","60","0","0","D167324549","ZEROED","2026-01-14","2026-01-14","","","","SECURITY|3M ULTRA S800","","","","","SourceSheet=Zeroed Out Inventory; SourceRow=566; DateMethod=back_fill_from_next; ManufacturerSource=lookup_film_width; RawDescription=5166 - 3M Ultra S800 60""","false","","","2026-01-14","Imported from Zeroed Out Inventory tab","migration"
"IL-5207","Vinyl","3M 7125 Dark Grey 41","48","0","0","102130.0","ZEROED","2026-01-14","2026-01-14","","","","VINYL|3M 7125 DARK GREY 41","","","","","SourceSheet=Zeroed Out Inventory; SourceRow=567; DateMethod=back_fill_from_next; ManufacturerSource=lookup_film_width; RawDescription=5207 - 3M 7125 Dark Grey 41 48""","false","","","2026-01-14","Imported from Zeroed Out Inventory tab","migration"
"IL-5208","Vinyl","3M 7125 Dark Grey 41","48","0","0","102130.0","ZEROED","2026-01-14","2026-01-14","","","","VINYL|3M 7125 DARK GREY 41","","","","","SourceSheet=Zeroed Out Inventory; SourceRow=568; DateMethod=back_fill_from_next; ManufacturerSource=lookup_film_width; RawDescription=5208 - 3M 7125 Dark Grey 41 48""","false","","","2026-01-14","Imported from Zeroed Out Inventory tab","migration"
"IL-5144","Security","Madico Safetyshield 1500","60","0","0","2.314530132E9","ZEROED","2026-01-14","2026-01-14","","","","SECURITY|MADICO SAFETYSHIELD 1500","","","","","SourceSheet=Zeroed Out Inventory; SourceRow=569; DateMethod=back_fill_from_next; ManufacturerSource=lookup_film_width; RawDescription=5144 - Madico Safetyshield 1500 60""","false","","","2026-01-14","Imported from Zeroed Out Inventory tab","migration"
"IL-5038","Fasara","3M Fasara Frost Opaque White SH2MAOW","50","0","0","104464184A","ZEROED","2026-01-14","2026-01-14","","","","FASARA|3M FASARA FROST OPAQUE WHITE SH2MAOW","","","","","SourceSheet=Zeroed Out Inventory; SourceRow=570; DateMethod=back_fill_from_next; ManufacturerSource=lookup_film_width; RawDescription=5038 - 3M Fasara Frost Opaque White SH2MAOW 50""","false","","","2026-01-14","Imported from Zeroed Out Inventory tab","migration"
"IL-5165","Security","3M Ultra S800","72","0","0","D165324547","ZEROED","2026-01-14","2026-01-14","","","","SECURITY|3M ULTRA S800","","","","","SourceSheet=Zeroed Out Inventory; SourceRow=571; DateMethod=back_fill_from_next; ManufacturerSource=lookup_film_width; RawDescription=5165 - 3M Ultra S800 72""","false","","","2026-01-14","Imported from Zeroed Out Inventory tab","migration"
"IL-2758","Solyx","SXWF-WO Whiteout","72","0","0","","ZEROED","2026-01-14","2026-01-14","","","","SOLYX|SXWF-WO WHITEOUT","","","","","SourceSheet=Zeroed Out Inventory; SourceRow=575; DateMethod=back_fill_from_next; ManufacturerSource=keyword_solyx; RawDescription=2758 - SXWF-WO Whiteout 72""","false","","","2026-01-14","Imported from Zeroed Out Inventory tab","migration"
"IL-3809","Solyx","Solyx White Sand Matte SX1409","48","0","0","","ZEROED","2026-01-14","2026-01-14","","","","SOLYX|SOLYX WHITE SAND MATTE SX1409","","","","","SourceSheet=Zeroed Out Inventory; SourceRow=576; DateMethod=back_fill_from_next; ManufacturerSource=lookup_film_width; RawDescription=3809 - Solyx White Sand Matte SX1409 48""","false","","","2026-01-14","Imported from Zeroed Out Inventory tab","migration"
"IL-4098","Solyx","Solyx SXHP-2411 Vertical Stripes","48","0","0","","ZEROED","2026-01-14","2026-01-14","","","","SOLYX|SOLYX SXHP-2411 VERTICAL STRIPES","","","","","SourceSheet=Zeroed Out Inventory; SourceRow=577; DateMethod=back_fill_from_next; ManufacturerSource=keyword_solyx; RawDescription=4098 - Solyx SXHP-2411 Vertical Stripes 48""","false","","","2026-01-14","Imported from Zeroed Out Inventory tab","migration"
"IL-3585","Solyx","Sol White Sand Matte SX1409","48","0","0","","ZEROED","2026-01-14","2026-01-14","","","","SOLYX|SOL WHITE SAND MATTE SX1409","","","","","SourceSheet=Zeroed Out Inventory; SourceRow=578; DateMethod=back_fill_from_next; ManufacturerSource=keyword_solyx; RawDescription=3585 - Sol White Sand Matte SX1409 48""","false","","","2026-01-14","Imported from Zeroed Out Inventory tab","migration"
"IL-3364","Solyx","SOL TRANSPARENT WHITE MATTE SXWF-TWM","36","0","0","","ZEROED","2026-01-14","2026-01-14","","","","SOLYX|SOL TRANSPARENT WHITE MATTE SXWF-TWM","","","","","SourceSheet=Zeroed Out Inventory; SourceRow=579; DateMethod=back_fill_from_next; ManufacturerSource=keyword_solyx; RawDescription=3364 - SOL TRANSPARENT WHITE MATTE SXWF-TWM 36""","false","","","2026-01-14","Imported from Zeroed Out Inventory tab","migration"
"IL-3983","Llumar","Llumar RN07 Reflective One Way Mirror","48","0","0","","ZEROED","2026-01-14","2026-01-14","","","","LLUMAR|LLUMAR RN07 REFLECTIVE ONE WAY MIRROR","","","","","SourceSheet=Zeroed Out Inventory; SourceRow=580; DateMethod=back_fill_from_next; ManufacturerSource=keyword_llumar; RawDescription=3983 - Llumar RN07 Reflective One Way Mirror 48""","false","","","2026-01-14","Imported from Zeroed Out Inventory tab","migration"
"IL-3795","3M Solar","3M NV 35","60","0","0","","ZEROED","2026-01-14","2026-01-14","","","","3M SOLAR|3M NV 35","","","","","SourceSheet=Zeroed Out Inventory; SourceRow=581; DateMethod=back_fill_from_next; ManufacturerSource=lookup_film_width; RawDescription=3795 - 3M NV 35 60""","false","","","2026-01-14","Imported from Zeroed Out Inventory tab","migration"
"IL-3952","Solyx","Solyx White Dots 1/8"" SXD-1818","48","0","0","","ZEROED","2026-01-14","2026-01-14","","","","SOLYX|SOLYX WHITE DOTS 1/8"" SXD-1818","","","","","SourceSheet=Zeroed Out Inventory; SourceRow=582; DateMethod=back_fill_from_next; ManufacturerSource=keyword_solyx; RawDescription=3952 - Solyx White Dots 1/8"" SXD-1818 48""","false","","","2026-01-14","Imported from Zeroed Out Inventory tab","migration"
"IL-2419","Vinyl","DOW 799 CORNING SILICONE","60","0","0","","ZEROED","2026-01-14","2026-01-14","","","","VINYL|DOW 799 CORNING SILICONE","","","","","SourceSheet=Zeroed Out Inventory; SourceRow=583; DateMethod=back_fill_from_next; ManufacturerSource=keyword_vinyl; RawDescription=2419 - DOW 799 CORNING SILICONE","false","","","2026-01-14","Imported from Zeroed Out Inventory tab","migration"
"IL-5164","Security","3M Ultra S800","72","0","0","D174324554","ZEROED","2026-01-14","2026-01-14","","","","SECURITY|3M ULTRA S800","","","","","SourceSheet=Zeroed Out Inventory; SourceRow=584; DateMethod=back_fill_from_next; ManufacturerSource=lookup_film_width; RawDescription=5164 - 3M Ultra S800 72""","false","","","2026-01-14","Imported from Zeroed Out Inventory tab","migration"
"IL-5171","Security","3M Ultra S800","60","0","0","D167324549","ZEROED","2026-01-14","2026-01-14","","","","SECURITY|3M ULTRA S800","","","","","SourceSheet=Zeroed Out Inventory; SourceRow=585; DateMethod=back_fill_from_next; ManufacturerSource=lookup_film_width; RawDescription=5171 - 3M Ultra S800 60""","false","","","2026-01-14","Imported from Zeroed Out Inventory tab","migration"
"IL-5261","Security","3M Ultra S800","60","0","0","D167324549","ZEROED","2026-01-14","2026-01-14","","","","SECURITY|3M ULTRA S800","","","","","SourceSheet=Zeroed Out Inventory; SourceRow=586; DateMethod=back_fill_from_next; ManufacturerSource=lookup_film_width; RawDescription=5261 - 3M Ultra S800 60""","false","","","2026-01-14","Imported from Zeroed Out Inventory tab","migration"
"IL-3817","3M Solar","3M NV 15","48","0","0","C222324376","ZEROED","2026-01-14","2026-01-14","","","","3M SOLAR|3M NV 15","","","","","SourceSheet=Zeroed Out Inventory; SourceRow=588; DateMethod=back_fill_from_next; ManufacturerSource=lookup_film; RawDescription=3817 - 3M NV 15 48""","false","","","2026-01-14","Imported from Zeroed Out Inventory tab","migration"
"IL-3818","3M Solar","3M NV 15","48","0","0","C224324378","ZEROED","2026-01-14","2026-01-14","","","","3M SOLAR|3M NV 15","","","","","SourceSheet=Zeroed Out Inventory; SourceRow=589; DateMethod=back_fill_from_next; ManufacturerSource=lookup_film; RawDescription=3818 - 3M NV 15 48""","false","","","2026-01-14","Imported from Zeroed Out Inventory tab","migration"
"IL-3590","Llumar","Llumar Frost NRM PS2","60","0","0","41f026","ZEROED","2026-01-14","2026-01-14","","","","LLUMAR|LLUMAR FROST NRM PS2","","","","","SourceSheet=Zeroed Out Inventory; SourceRow=590; DateMethod=back_fill_from_next; ManufacturerSource=lookup_film_width; RawDescription=3590 - Llumar Frost NRM PS2 60""","false","","","2026-01-14","Imported from Zeroed Out Inventory tab","migration"
"IL-2594","Fasara","Opaque White SH2MAOW","60","0","0","","ZEROED","2026-01-14","2026-01-14","","","","FASARA|OPAQUE WHITE SH2MAOW","","","","","SourceSheet=Zeroed Out Inventory; SourceRow=591; DateMethod=back_fill_from_next; ManufacturerSource=keyword_fasara; RawDescription=2594 - Opaque White SH2MAOW","false","","","2026-01-14","Imported from Zeroed Out Inventory tab","migration"
"IL-3521","Fasara","3M Matte Crystal SH2MACR1","50","0","0","","ZEROED","2026-01-14","2026-01-14","","","","FASARA|3M MATTE CRYSTAL SH2MACR1","","","","","SourceSheet=Zeroed Out Inventory; SourceRow=592; DateMethod=back_fill_from_next; ManufacturerSource=lookup_film_width; RawDescription=3521 - 3M Matte Crystal SH2MACR1 50""","false","","","2026-01-14","Imported from Zeroed Out Inventory tab","migration"
"IL-3452","Fasara","FEATHER FRIENDLY HARMONY","36","0","0","","ZEROED","2026-01-14","2026-01-14","","","","FASARA|FEATHER FRIENDLY HARMONY","","","","","SourceSheet=Zeroed Out Inventory; SourceRow=593; DateMethod=back_fill_from_next; ManufacturerSource=lookup_film_width; RawDescription=3452- FEATHER FRIENDLY HARMONY 36""","false","","","2026-01-14","Imported from Zeroed Out Inventory tab","migration"
"IL-3547","Fasara","3M Luce SH2FGLU 50"" 1 of 2","50","0","0","1.0420955E7","ZEROED","2026-01-14","2026-01-14","","","","FASARA|3M LUCE SH2FGLU 50"" 1 OF 2","","","","","SourceSheet=Zeroed Out Inventory; SourceRow=594; DateMethod=back_fill_from_next; ManufacturerSource=keyword_fasara; RawDescription=3547 - 3M Luce SH2FGLU 50"" 1 of 2","false","","","2026-01-14","Imported from Zeroed Out Inventory tab","migration"
"IL-5039","Fasara","Feather Friendly Horizon","36","0","0","","ZEROED","2026-01-14","2026-01-14","","","","FASARA|FEATHER FRIENDLY HORIZON","","","","","SourceSheet=Zeroed Out Inventory; SourceRow=595; DateMethod=back_fill_from_next; ManufacturerSource=lookup_film_width; RawDescription=5039 - Feather Friendly Horizon 36""","false","","","2026-01-14","Imported from Zeroed Out Inventory tab","migration"
"IL-5040","Fasara","Feather Friendly Horizon","36","0","0","","ZEROED","2026-01-14","2026-01-14","","","","FASARA|FEATHER FRIENDLY HORIZON","","","","","SourceSheet=Zeroed Out Inventory; SourceRow=596; DateMethod=back_fill_from_next; ManufacturerSource=lookup_film_width; RawDescription=5040 - Feather Friendly Horizon 36""","false","","","2026-01-14","Imported from Zeroed Out Inventory tab","migration"
"IL-5041","Fasara","Feather Friendly Horizon","36","0","0","","ZEROED","2026-01-14","2026-01-14","","","","FASARA|FEATHER FRIENDLY HORIZON","","","","","SourceSheet=Zeroed Out Inventory; SourceRow=597; DateMethod=back_fill_from_next; ManufacturerSource=lookup_film_width; RawDescription=5041 - Feather Friendly Horizon 36""","false","","","2026-01-14","Imported from Zeroed Out Inventory tab","migration"
"IL-3659","Solar Guard","SG Panorama Slate 40","72","0","0","5.397677055E9","ZEROED","2026-01-14","2026-01-14","","","","SOLAR GUARD|SG PANORAMA SLATE 40","","","","","SourceSheet=Zeroed Out Inventory; SourceRow=598; DateMethod=back_fill_from_next; ManufacturerSource=keyword_solar_guard; RawDescription=3659 - SG Panorama Slate 40 72""","false","","","2026-01-14","Imported from Zeroed Out Inventory tab","migration"
"IL-3803","Solar Guard","SG TrueVue 15","60","0","0","","ZEROED","2026-01-14","2026-01-14","","","","SOLAR GUARD|SG TRUEVUE 15","","","","","SourceSheet=Zeroed Out Inventory; SourceRow=599; DateMethod=back_fill_from_next; ManufacturerSource=lookup_film_width; RawDescription=3803 - SG TrueVue 15 60""","false","","","2026-01-14","Imported from Zeroed Out Inventory tab","migration"
"IL-2970","Solyx","Solyx White Matte 24""/36""","24","0","0","","ZEROED","2026-01-14","2026-01-14","","","","SOLYX|SOLYX WHITE MATTE 24""/36""","","","","","SourceSheet=Zeroed Out Inventory; SourceRow=600; DateMethod=back_fill_from_next; ManufacturerSource=keyword_solyx; RawDescription=2970 - Solyx White Matte 24""/36""","false","","","2026-01-14","Imported from Zeroed Out Inventory tab","migration"
"IL-5267","Security","Madico Safetyshield 1500","60","0","0","2.315030061E9","ZEROED","2026-01-14","2026-01-14","","","","SECURITY|MADICO SAFETYSHIELD 1500","","","","","SourceSheet=Zeroed Out Inventory; SourceRow=601; DateMethod=back_fill_from_next; ManufacturerSource=lookup_film_width; RawDescription=5267 - Madico Safetyshield 1500 60""","false","","","2026-01-14","Imported from Zeroed Out Inventory tab","migration"
"IL-5273","Security","Madico Safetyshield 1500","60","0","0","2.315030059E9","ZEROED","2026-01-14","2026-01-14","","","","SECURITY|MADICO SAFETYSHIELD 1500","","","","","SourceSheet=Zeroed Out Inventory; SourceRow=602; DateMethod=back_fill_from_next; ManufacturerSource=lookup_film_width; RawDescription=5273 - Madico Safetyshield 1500 60""","false","","","2026-01-14","Imported from Zeroed Out Inventory tab","migration"
"IL-5270","Security","Madico Safetyshield 1500","60","0","0","2.315030058E9","ZEROED","2026-01-14","2026-01-14","","","","SECURITY|MADICO SAFETYSHIELD 1500","","","","","SourceSheet=Zeroed Out Inventory; SourceRow=603; DateMethod=back_fill_from_next; ManufacturerSource=lookup_film_width; RawDescription=5270 - Madico Safetyshield 1500 60""","false","","","2026-01-14","Imported from Zeroed Out Inventory tab","migration"
"IL-5272","Security","Madico Safetyshield 1500","60","0","0","2.31503006E9","ZEROED","2026-01-14","2026-01-14","","","","SECURITY|MADICO SAFETYSHIELD 1500","","","","","SourceSheet=Zeroed Out Inventory; SourceRow=604; DateMethod=back_fill_from_next; ManufacturerSource=lookup_film_width; RawDescription=5272 - Madico Safetyshield 1500 60""","false","","","2026-01-14","Imported from Zeroed Out Inventory tab","migration"
"IL-5268","Security","Madico Safetyshield 1500","60","0","0","2.315030056E9","ZEROED","2026-01-14","2026-01-14","","","","SECURITY|MADICO SAFETYSHIELD 1500","","","","","SourceSheet=Zeroed Out Inventory; SourceRow=605; DateMethod=back_fill_from_next; ManufacturerSource=lookup_film_width; RawDescription=5268 - Madico Safetyshield 1500 60""","false","","","2026-01-14","Imported from Zeroed Out Inventory tab","migration"
"IL-5274","Security","Madico Safetyshield 1500","60","0","0","2.315030055E9","ZEROED","2026-01-14","2026-01-14","","","","SECURITY|MADICO SAFETYSHIELD 1500","","","","","SourceSheet=Zeroed Out Inventory; SourceRow=606; DateMethod=back_fill_from_next; ManufacturerSource=lookup_film_width; RawDescription=5274 - Madico Safetyshield 1500 60""","false","","","2026-01-14","Imported from Zeroed Out Inventory tab","migration"
"IL-5275","Security","Madico Safetyshield 1500","72","0","0","2.315630316E9","ZEROED","2026-01-14","2026-01-14","","","","SECURITY|MADICO SAFETYSHIELD 1500","","","","","SourceSheet=Zeroed Out Inventory; SourceRow=607; DateMethod=back_fill_from_next; ManufacturerSource=lookup_film_width; RawDescription=5275 - Madico Safetyshield 1500 72""","false","","","2026-01-14","Imported from Zeroed Out Inventory tab","migration"
"IL-3661","Solar Guard","SG TrueVue 30","48","0","0","5.414435003E9","ZEROED","2026-01-14","2026-01-14","","","","SOLAR GUARD|SG TRUEVUE 30","","","","","SourceSheet=Zeroed Out Inventory; SourceRow=608; DateMethod=back_fill_from_next; ManufacturerSource=lookup_film; RawDescription=3661 - SG TrueVue 30 48""","false","","","2026-01-14","Imported from Zeroed Out Inventory tab","migration"
"IL-3174","Fasara","3M Oslo SH2EMOS","50","0","0","SC-10C015","ZEROED","2026-01-14","2026-01-14","","","","FASARA|3M OSLO SH2EMOS","","","","","SourceSheet=Zeroed Out Inventory; SourceRow=609; DateMethod=back_fill_from_next; ManufacturerSource=keyword_fasara; RawDescription=3174 - 3M Oslo SH2EMOS 50""","false","","","2026-01-14","Imported from Zeroed Out Inventory tab","migration"
"IL-4011","Solar Guard","SG TrueVue 05","72","0","0","","ZEROED","2026-01-14","2026-01-14","","","","SOLAR GUARD|SG TRUEVUE 05","","","","","SourceSheet=Zeroed Out Inventory; SourceRow=610; DateMethod=back_fill_from_next; ManufacturerSource=lookup_film_width; RawDescription=4011 - SG TrueVue 05 72""","false","","","2026-01-14","Imported from Zeroed Out Inventory tab","migration"
"IL-5182","Security","Madico Safetyshield 800","60","0","0","2.315033018E9","ZEROED","2026-01-14","2026-01-14","","","","SECURITY|MADICO SAFETYSHIELD 800","","","","","SourceSheet=Zeroed Out Inventory; SourceRow=611; DateMethod=back_fill_from_next; ManufacturerSource=lookup_film_width; RawDescription=5182 - Madico Safetyshield 800 60""","false","","","2026-01-14","Imported from Zeroed Out Inventory tab","migration"
"IL-2869","Security","Safetyshield 800","60","0","0","2.021832028E9","ZEROED","2026-01-14","2026-01-14","","","","SECURITY|SAFETYSHIELD 800","","","","","SourceSheet=Zeroed Out Inventory; SourceRow=613; DateMethod=back_fill_from_next; ManufacturerSource=keyword_security; RawDescription=2869 - Safetyshield 800 60""","false","","","2026-01-14","Imported from Zeroed Out Inventory tab","migration"
"IL-3757","3M Solar","3M PRX 70 EXTERIOR","72","0","0","B326324175","ZEROED","2026-01-14","2026-01-14","","","","3M SOLAR|3M PRX 70 EXTERIOR","","","","","SourceSheet=Zeroed Out Inventory; SourceRow=614; DateMethod=back_fill_from_next; ManufacturerSource=keyword_3m_solar; RawDescription=3757 - 3M PRX 70 EXTERIOR  72""","false","","","2026-01-14","Imported from Zeroed Out Inventory tab","migration"
"IL-3328","Vinyl","SPECTRUM BLACK CAULK","60","0","0","","ZEROED","2026-01-14","2026-01-14","","","","VINYL|SPECTRUM BLACK CAULK","","","","","SourceSheet=Zeroed Out Inventory; SourceRow=615; DateMethod=back_fill_from_next; ManufacturerSource=keyword_vinyl; RawDescription=3328 - SPECTRUM BLACK CAULK","false","","","2026-01-14","Imported from Zeroed Out Inventory tab","migration"
"IL-3408","3M Solar","3M IPA WHITE CAULK","60","0","0","","ZEROED","2026-01-14","2026-01-14","","","","3M SOLAR|3M IPA WHITE CAULK","","","","","SourceSheet=Zeroed Out Inventory; SourceRow=616; DateMethod=back_fill_from_next; ManufacturerSource=keyword_3m_default; RawDescription=3408 - 3M IPA WHITE CAULK","false","","","2026-01-14","Imported from Zeroed Out Inventory tab","migration"
"IL-3503A","3M Solar","3M Bronze Caulk","60","0","0","","ZEROED","2026-01-14","2026-01-14","","","","3M SOLAR|3M BRONZE CAULK","","","","","SourceSheet=Zeroed Out Inventory; SourceRow=618; DateMethod=back_fill_from_next; ManufacturerSource=keyword_3m_default; RawDescription=3503A-   3M  Bronze Caulk","false","","","2026-01-14","Imported from Zeroed Out Inventory tab","migration"
"IL-3505","3M Solar","3M Bronze Caulk","60","0","0","","ZEROED","2026-01-14","2026-01-14","","","","3M SOLAR|3M BRONZE CAULK","","","","","SourceSheet=Zeroed Out Inventory; SourceRow=619; DateMethod=back_fill_from_next; ManufacturerSource=keyword_3m_default; RawDescription=3505-  3M  Bronze Caulk","false","","","2026-01-14","Imported from Zeroed Out Inventory tab","migration"
"IL-3604","3M Solar","3M IPA White Caulk","60","0","0","","ZEROED","2026-01-14","2026-01-14","","","","3M SOLAR|3M IPA WHITE CAULK","","","","","SourceSheet=Zeroed Out Inventory; SourceRow=620; DateMethod=back_fill_from_next; ManufacturerSource=keyword_3m_default; RawDescription=3604 - 3M IPA White Caulk","false","","","2026-01-14","Imported from Zeroed Out Inventory tab","migration"
"IL-3613","3M Solar","3M White IPA Caulk","60","0","0","","ZEROED","2026-01-14","2026-01-14","","","","3M SOLAR|3M WHITE IPA CAULK","","","","","SourceSheet=Zeroed Out Inventory; SourceRow=621; DateMethod=back_fill_from_next; ManufacturerSource=keyword_3m_default; RawDescription=3613 - 3M White IPA Caulk","false","","","2026-01-14","Imported from Zeroed Out Inventory tab","migration"
"IL-3959","Vinyl","Coastal Dow 995 Black","60","0","0","","ZEROED","2026-01-14","2026-01-14","","","","VINYL|COASTAL DOW 995 BLACK","","","","","SourceSheet=Zeroed Out Inventory; SourceRow=622; DateMethod=back_fill_from_next; ManufacturerSource=keyword_vinyl; RawDescription=3959 - Coastal Dow 995 Black","false","","","2026-01-14","Imported from Zeroed Out Inventory tab","migration"
"IL-3960","3M Solar","3M IPA Caulk Black","60","0","0","","ZEROED","2026-01-14","2026-01-14","","","","3M SOLAR|3M IPA CAULK BLACK","","","","","SourceSheet=Zeroed Out Inventory; SourceRow=623; DateMethod=back_fill_from_next; ManufacturerSource=keyword_3m_default; RawDescription=3960 - 3M IPA Caulk Black","false","","","2026-01-14","Imported from Zeroed Out Inventory tab","migration"
"IL-3977","3M Solar","3M Black IPA Caulk","60","0","0","","ZEROED","2026-01-14","2026-01-14","","","","3M SOLAR|3M BLACK IPA CAULK","","","","","SourceSheet=Zeroed Out Inventory; SourceRow=624; DateMethod=back_fill_from_next; ManufacturerSource=keyword_3m_default; RawDescription=3977 - 3M Black IPA Caulk","false","","","2026-01-14","Imported from Zeroed Out Inventory tab","migration"
"IL-3990","3M Solar","3M Black IPA Caulk","60","0","0","","ZEROED","2026-01-14","2026-01-14","","","","3M SOLAR|3M BLACK IPA CAULK","","","","","SourceSheet=Zeroed Out Inventory; SourceRow=625; DateMethod=back_fill_from_next; ManufacturerSource=keyword_3m_default; RawDescription=3990 - 3M Black IPA Caulk","false","","","2026-01-14","Imported from Zeroed Out Inventory tab","migration"
"IL-3947","3M Solar","3M Black IPA Caulk","60","0","0","","ZEROED","2026-01-14","2026-01-14","","","","3M SOLAR|3M BLACK IPA CAULK","","","","","SourceSheet=Zeroed Out Inventory; SourceRow=626; DateMethod=back_fill_from_next; ManufacturerSource=keyword_3m_default; RawDescription=3947 - 3M Black IPA Caulk","false","","","2026-01-14","Imported from Zeroed Out Inventory tab","migration"
"IL-5017","Vinyl","DOW 795 Black","60","0","0","","ZEROED","2026-01-14","2026-01-14","","","","VINYL|DOW 795 BLACK","","","","","SourceSheet=Zeroed Out Inventory; SourceRow=627; DateMethod=back_fill_from_next; ManufacturerSource=keyword_vinyl; RawDescription=5017 - DOW 795 Black","false","","","2026-01-14","Imported from Zeroed Out Inventory tab","migration"
"IL-5266","3M Solar","3M IPA Black","60","0","0","","ZEROED","2026-01-14","2026-01-14","","","","3M SOLAR|3M IPA BLACK","","","","","SourceSheet=Zeroed Out Inventory; SourceRow=628; DateMethod=back_fill_from_next; ManufacturerSource=keyword_3m_default; RawDescription=5266 - 3M IPA Black","false","","","2026-01-14","Imported from Zeroed Out Inventory tab","migration"
"IL-5292","Vinyl","Oracal 751 Silver Metallic","48","0","0","","ZEROED","2026-01-14","2026-01-14","","","","VINYL|ORACAL 751 SILVER METALLIC","","","","","SourceSheet=Zeroed Out Inventory; SourceRow=629; DateMethod=back_fill_from_next; ManufacturerSource=keyword_vinyl; RawDescription=5292 - Oracal 751 Silver Metallic 48""","false","","","2026-01-14","Imported from Zeroed Out Inventory tab","migration"
"IL-3936","Solyx","Solyx White Dusted Matt Solid SXJ0550","60","0","0","","ZEROED","2026-01-14","2026-01-14","","","","SOLYX|SOLYX WHITE DUSTED MATT SOLID SXJ0550","","","","","SourceSheet=Zeroed Out Inventory; SourceRow=630; DateMethod=back_fill_from_next; ManufacturerSource=keyword_solyx; RawDescription=3936 - Solyx White Dusted Matt Solid SXJ0550 60""","false","","","2026-01-14","Imported from Zeroed Out Inventory tab","migration"
"IL-5173","Security","Madico Safetyshield 800","48","0","0","2.315033027E9","ZEROED","2026-01-14","2026-01-14","","","","SECURITY|MADICO SAFETYSHIELD 800","","","","","SourceSheet=Zeroed Out Inventory; SourceRow=631; DateMethod=back_fill_from_next; ManufacturerSource=lookup_film_width; RawDescription=5173 - Madico Safetyshield 800 48""","false","","","2026-01-14","Imported from Zeroed Out Inventory tab","migration"
"IL-5250","Security","3M Ultra S800","72","0","0","D165324547","ZEROED","2026-01-14","2026-01-14","","","","SECURITY|3M ULTRA S800","","","","","SourceSheet=Zeroed Out Inventory; SourceRow=632; DateMethod=back_fill_from_next; ManufacturerSource=lookup_film_width; RawDescription=5250 - 3M Ultra S800 72""","false","","","2026-01-14","Imported from Zeroed Out Inventory tab","migration"
"IL-5248","Security","3M Ultra S800","72","0","0","D165324547","ZEROED","2026-01-14","2026-01-14","","","","SECURITY|3M ULTRA S800","","","","","SourceSheet=Zeroed Out Inventory; SourceRow=633; DateMethod=back_fill_from_next; ManufacturerSource=lookup_film_width; RawDescription=5248 - 3M Ultra S800 72""","false","","","2026-01-14","Imported from Zeroed Out Inventory tab","migration"
"IL-3414","Solyx","SXL-1017 FINE BRUSHED","60","0","0","","ZEROED","2026-01-14","2026-01-14","","","","SOLYX|SXL-1017 FINE BRUSHED","","","","","SourceSheet=Zeroed Out Inventory; SourceRow=634; DateMethod=back_fill_from_next; ManufacturerSource=keyword_solyx; RawDescription=3414- SXL-1017 FINE BRUSHED 60""","false","","","2026-01-14","Imported from Zeroed Out Inventory tab","migration"
"IL-4082","Llumar","Llumar RN 07 Refl. One Way Mirror","60","0","0","463C018","ZEROED","2026-01-14","2026-01-14","","","","LLUMAR|LLUMAR RN 07 REFL. ONE WAY MIRROR","","","","","SourceSheet=Zeroed Out Inventory; SourceRow=635; DateMethod=back_fill_from_next; ManufacturerSource=keyword_llumar; RawDescription=4082 - Llumar RN 07 Refl. One Way Mirror 60""","false","","","2026-01-14","Imported from Zeroed Out Inventory tab","migration"
"IL-5307","Security","3M Ultra S800","60","0","0","D167324549","ZEROED","2026-01-14","2026-01-14","","","","SECURITY|3M ULTRA S800","","","","","SourceSheet=Zeroed Out Inventory; SourceRow=636; DateMethod=back_fill_from_next; ManufacturerSource=lookup_film_width; RawDescription=5307 - 3M Ultra S800 60""","false","","","2026-01-14","Imported from Zeroed Out Inventory tab","migration"
"IL-2343","Solyx","SOL SXGF-0500 Clear Frosted Safety Film","54","0","0","","ZEROED","2026-01-14","2026-01-14","","","","SOLYX|SOL SXGF-0500 CLEAR FROSTED SAFETY FILM","","","","","SourceSheet=Zeroed Out Inventory; SourceRow=637; DateMethod=back_fill_from_next; ManufacturerSource=keyword_solyx; RawDescription=2343 - SOL SXGF-0500 Clear Frosted Safety Film 54""","false","","","2026-01-14","Imported from Zeroed Out Inventory tab","migration"
"IL-3503","Solyx","Solyx SXGF-0500","54","0","0","","ZEROED","2026-01-14","2026-01-14","","","","SOLYX|SOLYX SXGF-0500","","","","","SourceSheet=Zeroed Out Inventory; SourceRow=638; DateMethod=back_fill_from_next; ManufacturerSource=keyword_solyx; RawDescription=3503 - Solyx SXGF-0500 54""","false","","","2026-01-14","Imported from Zeroed Out Inventory tab","migration"
"IL-5335","Vinyl","Oracal 751 Silver Metallic","48","0","0","","ZEROED","2026-01-14","2026-01-14","","","","VINYL|ORACAL 751 SILVER METALLIC","","","","","SourceSheet=Zeroed Out Inventory; SourceRow=639; DateMethod=back_fill_from_next; ManufacturerSource=keyword_vinyl; RawDescription=5335 - Oracal 751 Silver Metallic 48""","false","","","2026-01-14","Imported from Zeroed Out Inventory tab","migration"
"IL-3069","Solyx","SXJ-0546 ORGANIC COTTON GRASS 71"" GRADIANT","71","0","0","","ZEROED","2026-01-14","2026-01-14","","","","SOLYX|SXJ-0546 ORGANIC COTTON GRASS 71"" GRADIANT","","","","","SourceSheet=Zeroed Out Inventory; SourceRow=640; DateMethod=back_fill_from_next; ManufacturerSource=keyword_solyx; RawDescription=3069 - SXJ-0546 ORGANIC COTTON GRASS 71""  GRADIANT","false","","","2026-01-14","Imported from Zeroed Out Inventory tab","migration"
"IL-5012","Solyx","Solyx Organic Cotton Gradient SXJ0546","71","0","0","","ZEROED","2026-01-14","2026-01-14","","","","SOLYX|SOLYX ORGANIC COTTON GRADIENT SXJ0546","","","","","SourceSheet=Zeroed Out Inventory; SourceRow=641; DateMethod=back_fill_from_next; ManufacturerSource=keyword_solyx; RawDescription=5012 - Solyx Organic Cotton Gradient SXJ0546 71""","false","","","2026-01-14","Imported from Zeroed Out Inventory tab","migration"
"IL-5178","Security","Madico Clear 7 Mil EXT CL700E","60","0","0","2.31653405E9","ZEROED","2026-01-14","2026-01-14","","","","SECURITY|MADICO CLEAR 7 MIL EXT CL700E","","","","","SourceSheet=Zeroed Out Inventory; SourceRow=642; DateMethod=back_fill_from_next; ManufacturerSource=keyword_security; RawDescription=5178 - Madico Clear 7 Mil EXT CL700E 60""","false","","","2026-01-14","Imported from Zeroed Out Inventory tab","migration"
"IL-5353","Security","Madico Safetyshield 1500","72","0","0","2.315730115E9","ZEROED","2026-01-14","2026-01-14","","","","SECURITY|MADICO SAFETYSHIELD 1500","","","","","SourceSheet=Zeroed Out Inventory; SourceRow=643; DateMethod=back_fill_from_next; ManufacturerSource=lookup_film_width; RawDescription=5353 - Madico Safetyshield 1500 72""","false","","","2026-01-14","Imported from Zeroed Out Inventory tab","migration"
"IL-3839","Solar Guard","SG Slate 30","60","0","0","","ZEROED","2026-01-14","2026-01-14","","","","SOLAR GUARD|SG SLATE 30","","","","","SourceSheet=Zeroed Out Inventory; SourceRow=644; DateMethod=back_fill_from_next; ManufacturerSource=lookup_film_width; RawDescription=3839 - SG Slate 30 60""","false","","","2026-01-14","Imported from Zeroed Out Inventory tab","migration"
"IL-5377","Security","Madico Safetyshield 800","60","0","0","2.315033025E9","ZEROED","2026-01-14","2026-01-14","","","","SECURITY|MADICO SAFETYSHIELD 800","","","","","SourceSheet=Zeroed Out Inventory; SourceRow=645; DateMethod=back_fill_from_next; ManufacturerSource=lookup_film_width; RawDescription=5377 - Madico Safetyshield 800 60""","false","","","2026-01-14","Imported from Zeroed Out Inventory tab","migration"
"IL-5286","Security","Madico Safetyshield 800","60","0","0","2.315033023E9","ZEROED","2026-01-14","2026-01-14","","","","SECURITY|MADICO SAFETYSHIELD 800","","","","","SourceSheet=Zeroed Out Inventory; SourceRow=646; DateMethod=back_fill_from_next; ManufacturerSource=lookup_film_width; RawDescription=5286 - Madico Safetyshield 800 60""","false","","","2026-01-14","Imported from Zeroed Out Inventory tab","migration"
"IL-5423","3M Solar","3M PR 50","48","0","0","D143324531","ZEROED","2026-01-14","2026-01-14","","","","3M SOLAR|3M PR 50","","","","","SourceSheet=Zeroed Out Inventory; SourceRow=647; DateMethod=back_fill_from_next; ManufacturerSource=lookup_film; RawDescription=5423 - 3M PR 50 48""","false","","","2026-01-14","Imported from Zeroed Out Inventory tab","migration"
"IL-5375","Fasara","3M Fasara Luce SH2FGLU","50","0","0","105527736B","ZEROED","2026-01-14","2026-01-14","","","","FASARA|3M FASARA LUCE SH2FGLU","","","","","SourceSheet=Zeroed Out Inventory; SourceRow=648; DateMethod=back_fill_from_next; ManufacturerSource=lookup_film_width; RawDescription=5375 - 3M Fasara Luce SH2FGLU 50""","false","","","2026-01-14","Imported from Zeroed Out Inventory tab","migration"
"IL-5406","Llumar","Llumar White NRMW PS3","60","0","0","462H002P18","ZEROED","2026-01-14","2026-01-14","","","","LLUMAR|LLUMAR WHITE NRMW PS3","","","","","SourceSheet=Zeroed Out Inventory; SourceRow=649; DateMethod=back_fill_from_next; ManufacturerSource=keyword_llumar; RawDescription=5406 - Llumar White NRMW PS3 60""","false","","","2026-01-14","Imported from Zeroed Out Inventory tab","migration"
"IL-5126","Security","Madico Safetyshield 1500","72","0","0","","ZEROED","2026-01-14","2026-01-14","","","","SECURITY|MADICO SAFETYSHIELD 1500","","","","","SourceSheet=Zeroed Out Inventory; SourceRow=650; DateMethod=back_fill_from_next; ManufacturerSource=lookup_film_width; RawDescription=5126 - Madico Safetyshield 1500 72""","false","","","2026-01-14","Imported from Zeroed Out Inventory tab","migration"
"IL-5145","Security","Madico Safetyshield 1500","72","0","0","2.315630378E9","ZEROED","2026-01-14","2026-01-14","","","","SECURITY|MADICO SAFETYSHIELD 1500","","","","","SourceSheet=Zeroed Out Inventory; SourceRow=651; DateMethod=back_fill_from_next; ManufacturerSource=lookup_film_width; RawDescription=5145 - Madico Safetyshield 1500 72""","false","","","2026-01-14","Imported from Zeroed Out Inventory tab","migration"
"IL-5364","Solar Guard","SG Truevue 05","72","0","0","5.423310002E9","ZEROED","2026-01-14","2026-01-14","","","","SOLAR GUARD|SG TRUEVUE 05","","","","","SourceSheet=Zeroed Out Inventory; SourceRow=652; DateMethod=back_fill_from_next; ManufacturerSource=lookup_film_width; RawDescription=5364 - SG Truevue 05 72""","false","","","2026-01-14","Imported from Zeroed Out Inventory tab","migration"
"IL-5361","Solar Guard","SG Truevue 05","60","0","0","5.42571104E9","ZEROED","2026-01-14","2026-01-14","","","","SOLAR GUARD|SG TRUEVUE 05","","","","","SourceSheet=Zeroed Out Inventory; SourceRow=653; DateMethod=back_fill_from_next; ManufacturerSource=lookup_film_width; RawDescription=5361 - SG Truevue 05 60""","false","","","2026-01-14","Imported from Zeroed Out Inventory tab","migration"
"IL-5116","Fasara","3M Fasara Frost Fine Crystal SH2FNCR","50","0","0","1.0487725E8","ZEROED","2026-01-14","2026-01-14","","","","FASARA|3M FASARA FROST FINE CRYSTAL SH2FNCR","","","","","SourceSheet=Zeroed Out Inventory; SourceRow=654; DateMethod=back_fill_from_next; ManufacturerSource=keyword_fasara; RawDescription=5116 - 3M Fasara Frost Fine Crystal SH2FNCR 50""","false","","","2026-01-14","Imported from Zeroed Out Inventory tab","migration"
"IL-5157","3M Solar","3M PR 70","60","0","0","324453.0","ZEROED","2026-01-14","2026-01-14","","","","3M SOLAR|3M PR 70","","","","","SourceSheet=Zeroed Out Inventory; SourceRow=655; DateMethod=back_fill_from_next; ManufacturerSource=lookup_film_width; RawDescription=5157 - 3M PR 70 60""","false","","","2026-01-14","Imported from Zeroed Out Inventory tab","migration"
"IL-5276","3M Solar","3M PR 70","60","0","0","D139324529","ZEROED","2026-01-14","2026-01-14","","","","3M SOLAR|3M PR 70","","","","","SourceSheet=Zeroed Out Inventory; SourceRow=656; DateMethod=back_fill_from_next; ManufacturerSource=lookup_film_width; RawDescription=5276 - 3M PR 70 60""","false","","","2026-01-14","Imported from Zeroed Out Inventory tab","migration"
"IL-5083","Security","Madico 12 Mil Frost Matte","60","0","0","2.314239015E9","ZEROED","2026-01-14","2026-01-14","","","","SECURITY|MADICO 12 MIL FROST MATTE","","","","","SourceSheet=Zeroed Out Inventory; SourceRow=657; DateMethod=back_fill_from_next; ManufacturerSource=lookup_film_width; RawDescription=5083 - Madico 12 Mil Frost Matte 60""","false","","","2026-01-14","Imported from Zeroed Out Inventory tab","migration"
"IL-5418","Solar Guard","SG Slate 40","60","0","0","5.427153038E9","ZEROED","2026-01-14","2026-01-14","","","","SOLAR GUARD|SG SLATE 40","","","","","SourceSheet=Zeroed Out Inventory; SourceRow=658; DateMethod=back_fill_from_next; ManufacturerSource=lookup_film_width; RawDescription=5418 - SG Slate 40 60""","false","","","2026-01-14","Imported from Zeroed Out Inventory tab","migration"
"IL-5179","Security","Madico Clear 7 Mil EXT CL700E","72","0","0","2.316534053E9","ZEROED","2026-01-14","2026-01-14","","","","SECURITY|MADICO CLEAR 7 MIL EXT CL700E","","","","","SourceSheet=Zeroed Out Inventory; SourceRow=659; DateMethod=back_fill_from_next; ManufacturerSource=keyword_security; RawDescription=5179 - Madico Clear 7 Mil EXT CL700E 72""","false","","","2026-01-14","Imported from Zeroed Out Inventory tab","migration"
"IL-5034","Security","Madico Clear EXT. 7MIL CL700E","72","0","0","2.236234015E9","ZEROED","2026-01-14","2026-01-14","","","","SECURITY|MADICO CLEAR EXT. 7MIL CL700E","","","","","SourceSheet=Zeroed Out Inventory; SourceRow=660; DateMethod=back_fill_from_next; ManufacturerSource=keyword_security; RawDescription=5034 - Madico Clear EXT. 7MIL CL700E 72""","false","","","2026-01-14","Imported from Zeroed Out Inventory tab","migration"
"IL-5127","Security","Madico Safetyshield 1500","60","0","0","2.314530018E9","ZEROED","2026-01-14","2026-01-14","","","","SECURITY|MADICO SAFETYSHIELD 1500","","","","","SourceSheet=Zeroed Out Inventory; SourceRow=661; DateMethod=back_fill_from_next; ManufacturerSource=lookup_film_width; RawDescription=5127 - Madico Safetyshield 1500 60""","false","","","2026-01-14","Imported from Zeroed Out Inventory tab","migration"
"IL-5051","Security","Madico Safetyshield 1500","72","0","0","2.308234039E9","ZEROED","2026-01-14","2026-01-14","","","","SECURITY|MADICO SAFETYSHIELD 1500","","","","","SourceSheet=Zeroed Out Inventory; SourceRow=662; DateMethod=back_fill_from_next; ManufacturerSource=lookup_film_width; RawDescription=5051 - Madico Safetyshield 1500 72""","false","","","2026-01-14","Imported from Zeroed Out Inventory tab","migration"
"IL-5337","Fasara","3M Fasara Black Blockout Matte 3635-22B","48","0","0","M2322403","ZEROED","2026-01-14","2026-01-14","","","","FASARA|3M FASARA BLACK BLOCKOUT MATTE 3635-22B","","","","","SourceSheet=Zeroed Out Inventory; SourceRow=663; DateMethod=back_fill_from_next; ManufacturerSource=keyword_fasara; RawDescription=5337 - 3M Fasara Black Blockout Matte 3635-22B 48""","false","","","2026-01-14","Imported from Zeroed Out Inventory tab","migration"
"IL-5443","Fasara","3M Fasara Black Blockout Matte 3635-22B","48","0","0","M2317803","ZEROED","2026-01-14","2026-01-14","","","","FASARA|3M FASARA BLACK BLOCKOUT MATTE 3635-22B","","","","","SourceSheet=Zeroed Out Inventory; SourceRow=664; DateMethod=back_fill_from_next; ManufacturerSource=keyword_fasara; RawDescription=5443 - 3M Fasara Black Blockout Matte 3635-22B 48""","false","","","2026-01-14","Imported from Zeroed Out Inventory tab","migration"
"IL-5444","Fasara","3M Fasara Black Blockout Matte 3635-22B","48","0","0","M2306702","ZEROED","2026-01-14","2026-01-14","","","","FASARA|3M FASARA BLACK BLOCKOUT MATTE 3635-22B","","","","","SourceSheet=Zeroed Out Inventory; SourceRow=665; DateMethod=back_fill_from_next; ManufacturerSource=keyword_fasara; RawDescription=5444 - 3M Fasara Black Blockout Matte 3635-22B 48""","false","","","2026-01-14","Imported from Zeroed Out Inventory tab","migration"
"IL-5348","Fasara","3M Fasara Black Blockout Matte 3635-22B","48","0","0","","ZEROED","2026-01-14","2026-01-14","","","","FASARA|3M FASARA BLACK BLOCKOUT MATTE 3635-22B","","","","","SourceSheet=Zeroed Out Inventory; SourceRow=666; DateMethod=back_fill_from_next; ManufacturerSource=keyword_fasara; RawDescription=5348 - 3M Fasara Black Blockout Matte 3635-22B 48""","false","","","2026-01-14","Imported from Zeroed Out Inventory tab","migration"
"IL-5019","3M Solar","3M PR 20 EXT.","60","0","0","","ZEROED","2026-01-14","2026-01-14","","","","3M SOLAR|3M PR 20 EXT.","","","","","SourceSheet=Zeroed Out Inventory; SourceRow=667; DateMethod=back_fill_from_next; ManufacturerSource=lookup_film; RawDescription=5019 - 3M PR 20 EXT. 60""","false","","","2026-01-14","Imported from Zeroed Out Inventory tab","migration"
"IL-5290","3M Solar","3M NV 15","72","0","0","D199324571","ZEROED","2026-01-14","2026-01-14","","","","3M SOLAR|3M NV 15","","","","","SourceSheet=Zeroed Out Inventory; SourceRow=668; DateMethod=back_fill_from_next; ManufacturerSource=lookup_film_width; RawDescription=5290 - 3M NV 15 72""","false","","","2026-01-14","Imported from Zeroed Out Inventory tab","migration"
"IL-5109","3M Solar","3M NV 15","72","0","0","D108324505","ZEROED","2026-01-14","2026-01-14","","","","3M SOLAR|3M NV 15","","","","","SourceSheet=Zeroed Out Inventory; SourceRow=669; DateMethod=back_fill_from_next; ManufacturerSource=lookup_film_width; RawDescription=5109 - 3M NV 15 72""","false","","","2026-01-14","Imported from Zeroed Out Inventory tab","migration"
"IL-5092","3M Solar","3M PR 50","60","0","0","D032324456","ZEROED","2026-01-14","2026-01-14","","","","3M SOLAR|3M PR 50","","","","","SourceSheet=Zeroed Out Inventory; SourceRow=670; DateMethod=back_fill_from_next; ManufacturerSource=lookup_film_width; RawDescription=5092 - 3M PR 50 60""","false","","","2026-01-14","Imported from Zeroed Out Inventory tab","migration"
"IL-5678","Solyx","Solar Graphics Amber 2400","60","0","0","","ZEROED","2026-01-14","2026-01-14","","","","SOLYX|SOLAR GRAPHICS AMBER 2400","","","","","SourceSheet=Zeroed Out Inventory; SourceRow=671; DateMethod=back_fill_from_next; ManufacturerSource=lookup_film_width; RawDescription=5678 - Solar Graphics Amber 2400 60""","false","","","2026-01-14","Imported from Zeroed Out Inventory tab","migration"
"IL-5066","Security","3M S140 SH14CLARL","60","0","0","232C","ZEROED","2026-01-14","2026-01-14","","","","SECURITY|3M S140 SH14CLARL","","","","","SourceSheet=Zeroed Out Inventory; SourceRow=672; DateMethod=back_fill_from_next; ManufacturerSource=lookup_film_width; RawDescription=5066 - 3M S140 SH14CLARL 60""","false","","","2026-01-14","Imported from Zeroed Out Inventory tab","migration"
"IL-5365","Fasara","3M Fasara Frosted Crystal 7725-324","48","0","0","","ZEROED","2026-01-14","2026-01-14","","","","FASARA|3M FASARA FROSTED CRYSTAL 7725-324","","","","","SourceSheet=Zeroed Out Inventory; SourceRow=673; DateMethod=back_fill_from_next; ManufacturerSource=lookup_film_width; RawDescription=5365 - 3M Fasara Frosted Crystal 7725-324 48""","false","","","2026-01-14","Imported from Zeroed Out Inventory tab","migration"
"IL-5449","Fasara","3M Fasara Frosted Crystal 7725-324","48","0","0","127290.0","ZEROED","2026-01-14","2026-01-14","","","","FASARA|3M FASARA FROSTED CRYSTAL 7725-324","","","","","SourceSheet=Zeroed Out Inventory; SourceRow=674; DateMethod=back_fill_from_next; ManufacturerSource=lookup_film_width; RawDescription=5449 - 3M Fasara Frosted Crystal 7725-324 48""","false","","","2026-01-14","Imported from Zeroed Out Inventory tab","migration"
"IL-5672","Fasara","3M Fasara Frosted Crystal 7725-324","48","0","0","127290.0","ZEROED","2026-01-14","2026-01-14","","","","FASARA|3M FASARA FROSTED CRYSTAL 7725-324","","","","","SourceSheet=Zeroed Out Inventory; SourceRow=675; DateMethod=back_fill_from_next; ManufacturerSource=lookup_film_width; RawDescription=5672 - 3M Fasara Frosted Crystal 7725-324 48""","false","","","2026-01-14","Imported from Zeroed Out Inventory tab","migration"
"IL-3444","3M Solar","PRX 40 EXT","72","0","0","","ZEROED","2026-01-14","2026-01-14","","","","3M SOLAR|PRX 40 EXT","","","","","SourceSheet=Zeroed Out Inventory; SourceRow=676; DateMethod=back_fill_from_next; ManufacturerSource=default_vinyl; RawDescription=3444 - PRX 40 EXT 72""; ManufacturerReview=auto_high_confidence; ManufacturerBefore=Vinyl; ManufacturerAfter=3M Solar","false","","","2026-01-14","Imported from Zeroed Out Inventory tab","migration"
"IL-5415","Security","Madico Safetyshield 800","60","0","0","","ZEROED","2026-01-14","2026-01-14","","","","SECURITY|MADICO SAFETYSHIELD 800","","","","","SourceSheet=Zeroed Out Inventory; SourceRow=677; DateMethod=back_fill_from_next; ManufacturerSource=lookup_film_width; RawDescription=5415 - Madico Safetyshield 800 60""","false","","","2026-01-14","Imported from Zeroed Out Inventory tab","migration"
"IL-4044","Security","3M Anti Graffiti AG-4","60","0","0","","ZEROED","2026-01-14","2026-01-14","","","","SECURITY|3M ANTI GRAFFITI AG-4","","","","","SourceSheet=Zeroed Out Inventory; SourceRow=678; DateMethod=back_fill_from_next; ManufacturerSource=keyword_security; RawDescription=4044 - 3M Anti Graffiti AG-4 60""","false","","","2026-01-14","Imported from Zeroed Out Inventory tab","migration"
"IL-5411","Solyx","Solar Graphics Amber 2400","60","0","0","","ZEROED","2026-01-14","2026-01-14","","","","SOLYX|SOLAR GRAPHICS AMBER 2400","","","","","SourceSheet=Zeroed Out Inventory; SourceRow=679; DateMethod=back_fill_from_next; ManufacturerSource=lookup_film_width; RawDescription=5411 - Solar Graphics Amber 2400 60""","false","","","2026-01-14","Imported from Zeroed Out Inventory tab","migration"
"IL-3147","Security","3M Anti Graffiti-4","60","0","0","200821.0","ZEROED","2026-01-14","2026-01-14","","","","SECURITY|3M ANTI GRAFFITI-4","","","","","SourceSheet=Zeroed Out Inventory; SourceRow=680; DateMethod=back_fill_from_next; ManufacturerSource=keyword_security; RawDescription=3147 - 3M Anti Graffiti-4 60""","false","","","2026-01-14","Imported from Zeroed Out Inventory tab","migration"
"IL-5446","Fasara","3M Fasara Border Paracell Horizontal SH2FGPR","50","0","0","NO17C034","ZEROED","2026-01-14","2026-01-14","","","","FASARA|3M FASARA BORDER PARACELL HORIZONTAL SH2FGPR","","","","","SourceSheet=Zeroed Out Inventory; SourceRow=681; DateMethod=back_fill_from_next; ManufacturerSource=lookup_film_width; RawDescription=5446 - 3M Fasara Border Paracell Horizontal SH2FGPR 50""","false","","","2026-01-14","Imported from Zeroed Out Inventory tab","migration"
"IL-5350","Security","Madico Safetyshield 1500","72","0","0","2.315730118E9","ZEROED","2026-01-14","2026-01-14","","","","SECURITY|MADICO SAFETYSHIELD 1500","","","","","SourceSheet=Zeroed Out Inventory; SourceRow=682; DateMethod=back_fill_from_next; ManufacturerSource=lookup_film_width; RawDescription=5350 - Madico Safetyshield 1500 72""","false","","","2026-01-14","Imported from Zeroed Out Inventory tab","migration"
"IL-5352","Security","Madico Safetyshield 1500","72","0","0","2.315730116E9","ZEROED","2026-01-14","2026-01-14","","","","SECURITY|MADICO SAFETYSHIELD 1500","","","","","SourceSheet=Zeroed Out Inventory; SourceRow=683; DateMethod=back_fill_from_next; ManufacturerSource=lookup_film_width; RawDescription=5352 - Madico Safetyshield 1500 72""","false","","","2026-01-14","Imported from Zeroed Out Inventory tab","migration"
"IL-5283","Security","Madico Clear 7 Mil EXT CL700E","60","0","0","2.31653405E9","ZEROED","2026-01-14","2026-01-14","","","","SECURITY|MADICO CLEAR 7 MIL EXT CL700E","","","","","SourceSheet=Zeroed Out Inventory; SourceRow=684; DateMethod=back_fill_from_next; ManufacturerSource=keyword_security; RawDescription=5283 - Madico Clear 7 Mil EXT CL700E 60""","false","","","2026-01-14","Imported from Zeroed Out Inventory tab","migration"
"IL-5148","Security","3M Ultra S800","60","0","0","D074324481","ZEROED","2026-01-14","2026-01-14","","","","SECURITY|3M ULTRA S800","","","","","SourceSheet=Zeroed Out Inventory; SourceRow=685; DateMethod=back_fill_from_next; ManufacturerSource=lookup_film_width; RawDescription=5148 - 3M Ultra S800 60""","false","","","2026-01-14","Imported from Zeroed Out Inventory tab","migration"
"IL-5129","Security","Madico Safetyshield 800","48","0","0","2.315033024E9","ZEROED","2026-01-14","2026-01-14","","","","SECURITY|MADICO SAFETYSHIELD 800","","","","","SourceSheet=Zeroed Out Inventory; SourceRow=686; DateMethod=back_fill_from_next; ManufacturerSource=lookup_film_width; RawDescription=5129 - Madico Safetyshield 800 48""","false","","","2026-01-14","Imported from Zeroed Out Inventory tab","migration"
"IL-5138","Security","Madico Safetyshield 800","48","0","0","2.315033024E9","ZEROED","2026-01-14","2026-01-14","","","","SECURITY|MADICO SAFETYSHIELD 800","","","","","SourceSheet=Zeroed Out Inventory; SourceRow=687; DateMethod=back_fill_from_next; ManufacturerSource=lookup_film_width; RawDescription=5138 - Madico Safetyshield 800 48""","false","","","2026-01-14","Imported from Zeroed Out Inventory tab","migration"
"IL-3445","3M Solar","PR 40 EXT","72","0","0","B231324062","ZEROED","2026-01-14","2026-01-14","","","","3M SOLAR|PR 40 EXT","","","","","SourceSheet=Zeroed Out Inventory; SourceRow=688; DateMethod=back_fill_from_next; ManufacturerSource=default_vinyl; RawDescription=3445 - PR 40 EXT 72""; ManufacturerReview=auto_high_confidence; ManufacturerBefore=Vinyl; ManufacturerAfter=3M Solar","false","","","2026-01-14","Imported from Zeroed Out Inventory tab","migration"
"IL-5033","Security","Madico Safetyshield 1500","72","0","0","2.309330225E9","ZEROED","2026-01-14","2026-01-14","","","","SECURITY|MADICO SAFETYSHIELD 1500","","","","","SourceSheet=Zeroed Out Inventory; SourceRow=689; DateMethod=back_fill_from_next; ManufacturerSource=lookup_film_width; RawDescription=5033 - Madico Safetyshield 1500 72""","false","","","2026-01-14","Imported from Zeroed Out Inventory tab","migration"
"IL-5723","Llumar","Llumar Frost NRM PS2","72","0","0","453L053","ZEROED","2026-01-14","2026-01-14","","","","LLUMAR|LLUMAR FROST NRM PS2","","","","","SourceSheet=Zeroed Out Inventory; SourceRow=690; DateMethod=back_fill_from_next; ManufacturerSource=lookup_film; RawDescription=5723 - Llumar Frost NRM PS2 72""","false","","","2026-01-14","Imported from Zeroed Out Inventory tab","migration"
"IL-5724","Llumar","Llumar Frost NRM PS2","72","0","0","453L053","ZEROED","2026-01-14","2026-01-14","","","","LLUMAR|LLUMAR FROST NRM PS2","","","","","SourceSheet=Zeroed Out Inventory; SourceRow=691; DateMethod=back_fill_from_next; ManufacturerSource=lookup_film; RawDescription=5724 - Llumar Frost NRM PS2 72""","false","","","2026-01-14","Imported from Zeroed Out Inventory tab","migration"
"IL-5727","Llumar","Llumar Frost NRM PS2","72","0","0","453L053","ZEROED","2026-01-14","2026-01-14","","","","LLUMAR|LLUMAR FROST NRM PS2","","","","","SourceSheet=Zeroed Out Inventory; SourceRow=692; DateMethod=back_fill_from_next; ManufacturerSource=lookup_film; RawDescription=5727 - Llumar Frost NRM PS2 72""","false","","","2026-01-14","Imported from Zeroed Out Inventory tab","migration"
"IL-5671","3M Solar","3M PR 50","60","0","0","D143324531","ZEROED","2026-01-14","2026-01-14","","","","3M SOLAR|3M PR 50","","","","","SourceSheet=Zeroed Out Inventory; SourceRow=693; DateMethod=back_fill_from_next; ManufacturerSource=lookup_film_width; RawDescription=5671 - 3M PR 50 60""","false","","","2026-01-14","Imported from Zeroed Out Inventory tab","migration"
"IL-5309","Security","3M Ultra S800","72","0","0","D164324546","ZEROED","2026-01-14","2026-01-14","","","","SECURITY|3M ULTRA S800","","","","","SourceSheet=Zeroed Out Inventory; SourceRow=694; DateMethod=back_fill_from_next; ManufacturerSource=lookup_film_width; RawDescription=5309 - 3M Ultra S800 72""","false","","","2026-01-14","Imported from Zeroed Out Inventory tab","migration"
"IL-5168","Security","3M Ultra S800","72","0","0","D166324548","ZEROED","2026-01-14","2026-01-14","","","","SECURITY|3M ULTRA S800","","","","","SourceSheet=Zeroed Out Inventory; SourceRow=695; DateMethod=back_fill_from_next; ManufacturerSource=lookup_film_width; RawDescription=5168 - 3M Ultra S800 72""","false","","","2026-01-14","Imported from Zeroed Out Inventory tab","migration"
"IL-5374","3M Solar","3M PR 50","72","0","0","","ZEROED","2026-01-14","2026-01-14","","","","3M SOLAR|3M PR 50","","","","","SourceSheet=Zeroed Out Inventory; SourceRow=696; DateMethod=back_fill_from_next; ManufacturerSource=lookup_film; RawDescription=5374 - 3M PR 50 72""","false","","","2026-01-14","Imported from Zeroed Out Inventory tab","migration"
"IL-5779","Solar Guard","SG Truevue 15","72","0","0","5.428811032E9","ZEROED","2026-01-14","2026-01-14","","","","SOLAR GUARD|SG TRUEVUE 15","","","","","SourceSheet=Zeroed Out Inventory; SourceRow=698; DateMethod=back_fill_from_next; ManufacturerSource=lookup_film_width; RawDescription=5779 - SG Truevue 15 72""","false","","","2026-01-14","Imported from Zeroed Out Inventory tab","migration"
"IL-5279","Llumar","Llumar DR 15 9 Mil","72","0","0","D778915P08","ZEROED","2026-01-14","2026-01-14","","","","LLUMAR|LLUMAR DR 15 9 MIL","","","","","SourceSheet=Zeroed Out Inventory; SourceRow=699; DateMethod=back_fill_from_next; ManufacturerSource=keyword_llumar; RawDescription=5279 - Llumar DR 15 9 Mil 72""","false","","","2026-01-14","Imported from Zeroed Out Inventory tab","migration"
"IL-5696","Fasara","3M Black Electrocut 7725-12","48","0","0","125022.0","ZEROED","2026-01-14","2026-01-14","","","","FASARA|3M BLACK ELECTROCUT 7725-12","","","","","SourceSheet=Zeroed Out Inventory; SourceRow=700; DateMethod=back_fill_from_next; ManufacturerSource=lookup_film_width; RawDescription=5696 - 3M Black Electrocut 7725-12 48""","false","","","2026-01-14","Imported from Zeroed Out Inventory tab","migration"
"IL-5777","Security","3M Anti Graffiti AG-6","60","0","0","220810E08","ZEROED","2026-01-14","2026-01-14","","","","SECURITY|3M ANTI GRAFFITI AG-6","","","","","SourceSheet=Zeroed Out Inventory; SourceRow=701; DateMethod=back_fill_from_next; ManufacturerSource=lookup_film_width; RawDescription=5777 - 3M Anti Graffiti AG-6 60""","false","","","2026-01-14","Imported from Zeroed Out Inventory tab","migration"
"IL-5728","Security","3M S140 SH14CLARL","60","0","0","232G","ZEROED","2026-01-14","2026-01-14","","","","SECURITY|3M S140 SH14CLARL","","","","","SourceSheet=Zeroed Out Inventory; SourceRow=702; DateMethod=back_fill_from_next; ManufacturerSource=lookup_film_width; RawDescription=5728 - 3M S140 SH14CLARL 60""","false","","","2026-01-14","Imported from Zeroed Out Inventory tab","migration"
"IL-5729","Security","3M S140 SH14CLARL","60","0","0","232G","ZEROED","2026-01-14","2026-01-14","","","","SECURITY|3M S140 SH14CLARL","","","","","SourceSheet=Zeroed Out Inventory; SourceRow=703; DateMethod=back_fill_from_next; ManufacturerSource=lookup_film_width; RawDescription=5729 - 3M S140 SH14CLARL 60""","false","","","2026-01-14","Imported from Zeroed Out Inventory tab","migration"
"IL-5343","Security","3M S140 SH14CLARL","60","0","0","232G","ZEROED","2026-01-14","2026-01-14","","","","SECURITY|3M S140 SH14CLARL","","","","","SourceSheet=Zeroed Out Inventory; SourceRow=704; DateMethod=back_fill_from_next; ManufacturerSource=lookup_film_width; RawDescription=5343 - 3M S140 SH14CLARL 60""","false","","","2026-01-14","Imported from Zeroed Out Inventory tab","migration"
"IL-5346","Security","3M S140 SH14CLARL","60","0","0","232G","ZEROED","2026-01-14","2026-01-14","","","","SECURITY|3M S140 SH14CLARL","","","","","SourceSheet=Zeroed Out Inventory; SourceRow=705; DateMethod=back_fill_from_next; ManufacturerSource=lookup_film_width; RawDescription=5346 - 3M S140 SH14CLARL 60""","false","","","2026-01-14","Imported from Zeroed Out Inventory tab","migration"
"IL-5341","Security","3M S140 SH14CLARL","60","0","0","232G","ZEROED","2026-01-14","2026-01-14","","","","SECURITY|3M S140 SH14CLARL","","","","","SourceSheet=Zeroed Out Inventory; SourceRow=706; DateMethod=back_fill_from_next; ManufacturerSource=lookup_film_width; RawDescription=5341 - 3M S140 SH14CLARL 60""","false","","","2026-01-14","Imported from Zeroed Out Inventory tab","migration"
"IL-5342","Security","3M S140 SH14CLARL","60","0","0","232G","ZEROED","2026-01-14","2026-01-14","","","","SECURITY|3M S140 SH14CLARL","","","","","SourceSheet=Zeroed Out Inventory; SourceRow=707; DateMethod=back_fill_from_next; ManufacturerSource=lookup_film_width; RawDescription=5342 - 3M S140 SH14CLARL 60""","false","","","2026-01-14","Imported from Zeroed Out Inventory tab","migration"
"IL-5344","Security","3M S140 SH14CLARL","60","0","0","232G","ZEROED","2026-01-14","2026-01-14","","","","SECURITY|3M S140 SH14CLARL","","","","","SourceSheet=Zeroed Out Inventory; SourceRow=708; DateMethod=back_fill_from_next; ManufacturerSource=lookup_film_width; RawDescription=5344 - 3M S140 SH14CLARL 60""","false","","","2026-01-14","Imported from Zeroed Out Inventory tab","migration"
"IL-5345","Security","3M S140 SH14CLARL","60","0","0","232G","ZEROED","2026-01-14","2026-01-14","","","","SECURITY|3M S140 SH14CLARL","","","","","SourceSheet=Zeroed Out Inventory; SourceRow=709; DateMethod=back_fill_from_next; ManufacturerSource=lookup_film_width; RawDescription=5345 - 3M S140 SH14CLARL 60""","false","","","2026-01-14","Imported from Zeroed Out Inventory tab","migration"
"IL-5347","Security","3M S140 SH14CLARL","60","0","0","232G","ZEROED","2026-01-14","2026-01-14","","","","SECURITY|3M S140 SH14CLARL","","","","","SourceSheet=Zeroed Out Inventory; SourceRow=710; DateMethod=back_fill_from_next; ManufacturerSource=lookup_film_width; RawDescription=5347 - 3M S140 SH14CLARL 60""","false","","","2026-01-14","Imported from Zeroed Out Inventory tab","migration"
"IL-5262","Security","3M Ultra S800","60","0","0","D167324549","ZEROED","2026-01-14","2026-01-14","","","","SECURITY|3M ULTRA S800","","","","","SourceSheet=Zeroed Out Inventory; SourceRow=711; DateMethod=back_fill_from_next; ManufacturerSource=lookup_film_width; RawDescription=5262 - 3M Ultra S800 60""","false","","","2026-01-14","Imported from Zeroed Out Inventory tab","migration"
"IL-5265","Security","3M Ultra S800","60","0","0","D167324549","ZEROED","2026-01-14","2026-01-14","","","","SECURITY|3M ULTRA S800","","","","","SourceSheet=Zeroed Out Inventory; SourceRow=712; DateMethod=back_fill_from_next; ManufacturerSource=lookup_film_width; RawDescription=5265 - 3M Ultra S800 60""","false","","","2026-01-14","Imported from Zeroed Out Inventory tab","migration"
"IL-5210","Security","Madico Safetyshield 1500","60","0","0","2.315030062E9","ZEROED","2026-01-14","2026-01-14","","","","SECURITY|MADICO SAFETYSHIELD 1500","","","","","SourceSheet=Zeroed Out Inventory; SourceRow=713; DateMethod=back_fill_from_next; ManufacturerSource=lookup_film_width; RawDescription=5210 - Madico Safetyshield 1500 60""","false","","","2026-01-14","Imported from Zeroed Out Inventory tab","migration"
"IL-5680","Security","3M S70 EXT","60","0","0","D100324499","ZEROED","2026-01-14","2026-01-14","","","","SECURITY|3M S70 EXT","","","","","SourceSheet=Zeroed Out Inventory; SourceRow=714; DateMethod=back_fill_from_next; ManufacturerSource=lookup_film_width; RawDescription=5680 - 3M S70 EXT 60""","false","","","2026-01-14","Imported from Zeroed Out Inventory tab","migration"
"IL-5682","Security","3M S70 EXT","72","0","0","D135324525","ZEROED","2026-01-14","2026-01-14","","","","SECURITY|3M S70 EXT","","","","","SourceSheet=Zeroed Out Inventory; SourceRow=715; DateMethod=back_fill_from_next; ManufacturerSource=lookup_film_width; RawDescription=5682 - 3M S70 EXT 72""","false","","","2026-01-14","Imported from Zeroed Out Inventory tab","migration"
"IL-5685","Security","3M S70 EXT","72","0","0","D135324525","ZEROED","2026-01-14","2026-01-14","","","","SECURITY|3M S70 EXT","","","","","SourceSheet=Zeroed Out Inventory; SourceRow=716; DateMethod=back_fill_from_next; ManufacturerSource=lookup_film_width; RawDescription=5685 - 3M S70 EXT 72""","false","","","2026-01-14","Imported from Zeroed Out Inventory tab","migration"
"IL-5703","Security","3M S70 EXT","72","0","0","D135324525","ZEROED","2026-01-14","2026-01-14","","","","SECURITY|3M S70 EXT","","","","","SourceSheet=Zeroed Out Inventory; SourceRow=717; DateMethod=back_fill_from_next; ManufacturerSource=lookup_film_width; RawDescription=5703 - 3M S70 EXT 72""","false","","","2026-01-14","Imported from Zeroed Out Inventory tab","migration"
"IL-5351","Security","Madico Safetyshield 1500","72","0","0","2.315730117E9","ZEROED","2026-01-14","2026-01-14","","","","SECURITY|MADICO SAFETYSHIELD 1500","","","","","SourceSheet=Zeroed Out Inventory; SourceRow=718; DateMethod=back_fill_from_next; ManufacturerSource=lookup_film_width; RawDescription=5351 - Madico Safetyshield 1500 72""","false","","","2026-01-14","Imported from Zeroed Out Inventory tab","migration"
"IL-5754","Security","Madico Safetyshield 1500","60","0","0","2.33333014E9","ZEROED","2026-01-14","2026-01-14","","","","SECURITY|MADICO SAFETYSHIELD 1500","","","","","SourceSheet=Zeroed Out Inventory; SourceRow=719; DateMethod=back_fill_from_next; ManufacturerSource=lookup_film_width; RawDescription=5754 - Madico Safetyshield 1500 60""","false","","","2026-01-14","Imported from Zeroed Out Inventory tab","migration"
"IL-5788","Security","Madico Safetyshield 1500","60","0","0","2.334730329E9","ZEROED","2026-01-14","2026-01-14","","","","SECURITY|MADICO SAFETYSHIELD 1500","","","","","SourceSheet=Zeroed Out Inventory; SourceRow=720; DateMethod=back_fill_from_next; ManufacturerSource=lookup_film_width; RawDescription=5788 - Madico Safetyshield 1500 60""","false","","","2026-01-14","Imported from Zeroed Out Inventory tab","migration"
"IL-5451","Fasara","3M Fasara Dusted Crystal 7725-314","48","0","0","G2321401","ZEROED","2026-01-14","2026-01-14","","","","FASARA|3M FASARA DUSTED CRYSTAL 7725-314","","","","","SourceSheet=Zeroed Out Inventory; SourceRow=721; DateMethod=back_fill_from_next; ManufacturerSource=lookup_film_width; RawDescription=5451 - 3M Fasara Dusted Crystal 7725-314 48""","false","","","2026-01-14","Imported from Zeroed Out Inventory tab","migration"
"IL-3840","Fasara","3M San Marino SH2MAMM","60","0","0","","ZEROED","2026-01-14","2026-01-14","","","","FASARA|3M SAN MARINO SH2MAMM","","","","","SourceSheet=Zeroed Out Inventory; SourceRow=722; DateMethod=back_fill_from_next; ManufacturerSource=lookup_film_width; RawDescription=3840 - 3M San Marino SH2MAMM 60""","false","","","2026-01-14","Imported from Zeroed Out Inventory tab","migration"
"IL-5386","3M Solar","3M PR 40 EXT","72","0","0","D060324475","ZEROED","2026-01-14","2026-01-14","","","","3M SOLAR|3M PR 40 EXT","","","","","SourceSheet=Zeroed Out Inventory; SourceRow=723; DateMethod=back_fill_from_next; ManufacturerSource=lookup_film_width; RawDescription=5386 - 3M PR 40 EXT 72""","false","","","2026-01-14","Imported from Zeroed Out Inventory tab","migration"
"IL-5384","3M Solar","3M PR 40 EXT","72","0","0","D060324475","ZEROED","2026-01-14","2026-01-14","","","","3M SOLAR|3M PR 40 EXT","","","","","SourceSheet=Zeroed Out Inventory; SourceRow=724; DateMethod=back_fill_from_next; ManufacturerSource=lookup_film_width; RawDescription=5384 - 3M PR 40 EXT 72""","false","","","2026-01-14","Imported from Zeroed Out Inventory tab","migration"
"IL-5245","3M Solar","3M PR 40 EXT","60","0","0","D088324490","ZEROED","2026-01-14","2026-01-14","","","","3M SOLAR|3M PR 40 EXT","","","","","SourceSheet=Zeroed Out Inventory; SourceRow=725; DateMethod=back_fill_from_next; ManufacturerSource=lookup_film_width; RawDescription=5245 - 3M PR 40 EXT 60""","false","","","2026-01-14","Imported from Zeroed Out Inventory tab","migration"
"IL-5407","Security","Madico Safety Clear 4 Mil CL400","48","0","0","2.321434055E9","ZEROED","2026-01-14","2026-01-14","","","","SECURITY|MADICO SAFETY CLEAR 4 MIL CL400","","","","","SourceSheet=Zeroed Out Inventory; SourceRow=726; DateMethod=back_fill_from_next; ManufacturerSource=lookup_film_width; RawDescription=5407 - Madico Safety Clear 4 Mil CL400 48""","false","","","2026-01-14","Imported from Zeroed Out Inventory tab","migration"
"IL-5408","Security","Madico Safety Clear 4 Mil CL400","48","0","0","2.321434055E9","ZEROED","2026-01-14","2026-01-14","","","","SECURITY|MADICO SAFETY CLEAR 4 MIL CL400","","","","","SourceSheet=Zeroed Out Inventory; SourceRow=727; DateMethod=back_fill_from_next; ManufacturerSource=lookup_film_width; RawDescription=5408 - Madico Safety Clear 4 Mil CL400 48""","false","","","2026-01-14","Imported from Zeroed Out Inventory tab","migration"
"IL-5409","Security","Madico Safety Clear 4 Mil CL400","60","0","0","2.236134019E9","ZEROED","2026-01-14","2026-01-14","","","","SECURITY|MADICO SAFETY CLEAR 4 MIL CL400","","","","","SourceSheet=Zeroed Out Inventory; SourceRow=728; DateMethod=back_fill_from_next; ManufacturerSource=lookup_film; RawDescription=5409 - Madico Safety Clear 4 Mil CL400 60""","false","","","2026-01-14","Imported from Zeroed Out Inventory tab","migration"
"IL-5410","Security","Madico Safety Clear 4 Mil CL400","60","0","0","2.236134019E9","ZEROED","2026-01-14","2026-01-14","","","","SECURITY|MADICO SAFETY CLEAR 4 MIL CL400","","","","","SourceSheet=Zeroed Out Inventory; SourceRow=729; DateMethod=back_fill_from_next; ManufacturerSource=lookup_film; RawDescription=5410 - Madico Safety Clear 4 Mil CL400 60""","false","","","2026-01-14","Imported from Zeroed Out Inventory tab","migration"
"IL-5681","Security","3M S70 EXT","60","0","0","D100324499","ZEROED","2026-01-14","2026-01-14","","","","SECURITY|3M S70 EXT","","","","","SourceSheet=Zeroed Out Inventory; SourceRow=730; DateMethod=back_fill_from_next; ManufacturerSource=lookup_film_width; RawDescription=5681 - 3M S70 EXT 60""","false","","","2026-01-14","Imported from Zeroed Out Inventory tab","migration"
"IL-3611","Security","3M UltraS800","72","0","0","B207324026","ZEROED","2026-01-14","2026-01-14","","","","SECURITY|3M ULTRAS800","","","","","SourceSheet=Zeroed Out Inventory; SourceRow=731; DateMethod=back_fill_from_next; ManufacturerSource=keyword_security; RawDescription=3611 - 3M UltraS800 72""","false","","","2026-01-14","Imported from Zeroed Out Inventory tab","migration"
"IL-5686","Security","3M S140 SH14CLARL","60","0","0","232G","ZEROED","2026-01-14","2026-01-14","","","","SECURITY|3M S140 SH14CLARL","","","","","SourceSheet=Zeroed Out Inventory; SourceRow=734; DateMethod=back_fill_from_next; ManufacturerSource=lookup_film_width; RawDescription=5686 - 3M S140 SH14CLARL 60""","false","","","2026-01-14","Imported from Zeroed Out Inventory tab","migration"
"IL-5796","Fasara","3M Black Electrocut 7725-12","48","0","0","143682.0","ZEROED","2026-01-14","2026-01-14","","","","FASARA|3M BLACK ELECTROCUT 7725-12","","","","","SourceSheet=Zeroed Out Inventory; SourceRow=735; DateMethod=back_fill_from_next; ManufacturerSource=lookup_film_width; RawDescription=5796 - 3M Black Electrocut 7725-12 48""","false","","","2026-01-14","Imported from Zeroed Out Inventory tab","migration"
"IL-5731","Security","3M Ultra S800","60","0","0","D174324554","ZEROED","2026-01-14","2026-01-14","","","","SECURITY|3M ULTRA S800","","","","","SourceSheet=Zeroed Out Inventory; SourceRow=736; DateMethod=back_fill_from_next; ManufacturerSource=lookup_film_width; RawDescription=5731 - 3M Ultra S800 60""","false","","","2026-01-14","Imported from Zeroed Out Inventory tab","migration"
"IL-5768","Security","Madico Graffitti Free 6Mil 600PS","60","0","0","2.332530351E9","ZEROED","2026-01-14","2026-01-14","","","","SECURITY|MADICO GRAFFITTI FREE 6MIL 600PS","","","","","SourceSheet=Zeroed Out Inventory; SourceRow=737; DateMethod=back_fill_from_next; ManufacturerSource=keyword_security; RawDescription=5768 - Madico Graffitti Free 6Mil 600PS 60""","false","","","2026-01-14","Imported from Zeroed Out Inventory tab","migration"
"IL-5769","Security","Madico Graffitti Free 6Mil 600PS","60","0","0","2.332530343E9","ZEROED","2026-01-14","2026-01-14","","","","SECURITY|MADICO GRAFFITTI FREE 6MIL 600PS","","","","","SourceSheet=Zeroed Out Inventory; SourceRow=738; DateMethod=back_fill_from_next; ManufacturerSource=keyword_security; RawDescription=5769 - Madico Graffitti Free 6Mil 600PS 60""","false","","","2026-01-14","Imported from Zeroed Out Inventory tab","migration"
"IL-2061","3M Solar","3M Tram Duranod IL","48","0","0","","ZEROED","2026-01-14","2026-01-14","","","","3M SOLAR|3M TRAM DURANOD IL","","","","","SourceSheet=Zeroed Out Inventory; SourceRow=739; DateMethod=back_fill_from_next; ManufacturerSource=keyword_3m_default; RawDescription=2061 - 3M Tram Duranod IL 48""","false","","","2026-01-14","Imported from Zeroed Out Inventory tab","migration"
"IL-5690","3M Solar","3M NV 35","36","0","0","C262324407","ZEROED","2026-01-14","2026-01-14","","","","3M SOLAR|3M NV 35","","","","","SourceSheet=Zeroed Out Inventory; SourceRow=740; DateMethod=back_fill_from_next; ManufacturerSource=lookup_film; RawDescription=5690 - 3M NV 35 36""","false","","","2026-01-14","Imported from Zeroed Out Inventory tab","migration"
"IL-5699","3M Solar","3M NV 35","48","0","0","C219324374","ZEROED","2026-01-14","2026-01-14","","","","3M SOLAR|3M NV 35","","","","","SourceSheet=Zeroed Out Inventory; SourceRow=741; DateMethod=back_fill_from_next; ManufacturerSource=lookup_film; RawDescription=5699 - 3M NV 35 48""","false","","","2026-01-14","Imported from Zeroed Out Inventory tab","migration"
"IL-5197","3M Solar","3M NV 35","60","0","0","D115324510","ZEROED","2026-01-14","2026-01-14","","","","3M SOLAR|3M NV 35","","","","","SourceSheet=Zeroed Out Inventory; SourceRow=742; DateMethod=back_fill_from_next; ManufacturerSource=lookup_film_width; RawDescription=5197 - 3M NV 35 60""","false","","","2026-01-14","Imported from Zeroed Out Inventory tab","migration"
"IL-5089","3M Solar","3M NV 35","36","0","0","C034324223","ZEROED","2026-01-14","2026-01-14","","","","3M SOLAR|3M NV 35","","","","","SourceSheet=Zeroed Out Inventory; SourceRow=743; DateMethod=back_fill_from_next; ManufacturerSource=lookup_film; RawDescription=5089 - 3M NV 35 36""","false","","","2026-01-14","Imported from Zeroed Out Inventory tab","migration"
"IL-3561","Solyx","SOL Dark Gray Sandblast SXB-73","48","0","0","","ZEROED","2026-01-14","2026-01-14","","","","SOLYX|SOL DARK GRAY SANDBLAST SXB-73","","","","","SourceSheet=Zeroed Out Inventory; SourceRow=744; DateMethod=back_fill_from_next; ManufacturerSource=keyword_solyx; RawDescription=3561 - SOL Dark Gray Sandblast SXB-73 48""","false","","","2026-01-14","Imported from Zeroed Out Inventory tab","migration"
"IL-5735","Solar Guard","SG Truevue 05","48","0","0","5.428770089E9","ZEROED","2026-01-14","2026-01-14","","","","SOLAR GUARD|SG TRUEVUE 05","","","","","SourceSheet=Zeroed Out Inventory; SourceRow=745; DateMethod=back_fill_from_next; ManufacturerSource=lookup_film_width; RawDescription=5735 - SG Truevue 05 48""","false","","","2026-01-14","Imported from Zeroed Out Inventory tab","migration"
"IL-5396","Security","Madico Safetyshield 800","60","0","0","2.324430196E9","ZEROED","2026-01-14","2026-01-14","","","","SECURITY|MADICO SAFETYSHIELD 800","","","","","SourceSheet=Zeroed Out Inventory; SourceRow=746; DateMethod=back_fill_from_next; ManufacturerSource=lookup_film_width; RawDescription=5396 - Madico Safetyshield 800 60""","false","","","2026-01-14","Imported from Zeroed Out Inventory tab","migration"
"IL-5765","Solyx","Solyx Dual Cloud Gradient SXJ0579","60","0","0","","ZEROED","2026-01-14","2026-01-14","","","","SOLYX|SOLYX DUAL CLOUD GRADIENT SXJ0579","","","","","SourceSheet=Zeroed Out Inventory; SourceRow=747; DateMethod=back_fill_from_next; ManufacturerSource=lookup_film_width; RawDescription=5765 - Solyx Dual Cloud Gradient SXJ0579 60""","false","","","2026-01-14","Imported from Zeroed Out Inventory tab","migration"
"IL-5766","Solyx","Solyx Dual Cloud Gradient SXJ0579","60","0","0","","ZEROED","2026-01-14","2026-01-14","","","","SOLYX|SOLYX DUAL CLOUD GRADIENT SXJ0579","","","","","SourceSheet=Zeroed Out Inventory; SourceRow=748; DateMethod=back_fill_from_next; ManufacturerSource=lookup_film_width; RawDescription=5766 - Solyx Dual Cloud Gradient SXJ0579 60""","false","","","2026-01-14","Imported from Zeroed Out Inventory tab","migration"
"IL-5767","Solyx","Solyx Dual Cloud Gradient SXJ0579","60","0","0","","ZEROED","2026-01-14","2026-01-14","","","","SOLYX|SOLYX DUAL CLOUD GRADIENT SXJ0579","","","","","SourceSheet=Zeroed Out Inventory; SourceRow=749; DateMethod=back_fill_from_next; ManufacturerSource=lookup_film_width; RawDescription=5767 - Solyx Dual Cloud Gradient SXJ0579 60""","false","","","2026-01-14","Imported from Zeroed Out Inventory tab","migration"
"IL-5132","Security","Madico Safetyshield 800","72","0","0","2.308033023E9","ZEROED","2026-01-14","2026-01-14","","","","SECURITY|MADICO SAFETYSHIELD 800","","","","","SourceSheet=Zeroed Out Inventory; SourceRow=750; DateMethod=back_fill_from_next; ManufacturerSource=lookup_film_width; RawDescription=5132 - Madico Safetyshield 800 72""","false","","","2026-01-14","Imported from Zeroed Out Inventory tab","migration"
"IL-5143","Security","Madico Safetyshield 1500","60","0","0","2.314530197E9","ZEROED","2026-01-14","2026-01-14","","","","SECURITY|MADICO SAFETYSHIELD 1500","","","","","SourceSheet=Zeroed Out Inventory; SourceRow=751; DateMethod=back_fill_from_next; ManufacturerSource=lookup_film_width; RawDescription=5143 - Madico Safetyshield 1500 60""","false","","","2026-01-14","Imported from Zeroed Out Inventory tab","migration"
"IL-5269","Security","Madico Safetyshield 1500","60","0","0","2.314630189E9","ZEROED","2026-01-14","2026-01-14","","","","SECURITY|MADICO SAFETYSHIELD 1500","","","","","SourceSheet=Zeroed Out Inventory; SourceRow=752; DateMethod=back_fill_from_next; ManufacturerSource=lookup_film_width; RawDescription=5269 - Madico Safetyshield 1500 60""","false","","","2026-01-14","Imported from Zeroed Out Inventory tab","migration"
"IL-5783","Security","3M Ultra S800","60","0","0","D174324554","ZEROED","2026-01-14","2026-01-14","","","","SECURITY|3M ULTRA S800","","","","","SourceSheet=Zeroed Out Inventory; SourceRow=753; DateMethod=back_fill_from_next; ManufacturerSource=lookup_film_width; RawDescription=5783 - 3M Ultra S800 60""","false","","","2026-01-14","Imported from Zeroed Out Inventory tab","migration"
"IL-5784","Security","3M Ultra S800","60","0","0","D174324554","ZEROED","2026-01-14","2026-01-14","","","","SECURITY|3M ULTRA S800","","","","","SourceSheet=Zeroed Out Inventory; SourceRow=754; DateMethod=back_fill_from_next; ManufacturerSource=lookup_film_width; RawDescription=5784 - 3M Ultra S800 60""","false","","","2026-01-14","Imported from Zeroed Out Inventory tab","migration"
"IL-5184","Security","Madico Safetyshield 800","72","0","0","2.308033023E9","ZEROED","2026-01-14","2026-01-14","","","","SECURITY|MADICO SAFETYSHIELD 800","","","","","SourceSheet=Zeroed Out Inventory; SourceRow=755; DateMethod=back_fill_from_next; ManufacturerSource=lookup_film_width; RawDescription=5184 - Madico Safetyshield 800 72""","false","","","2026-01-14","Imported from Zeroed Out Inventory tab","migration"
"IL-5708","Security","Madico Safetyshield 800","72","0","0","2.327130405E9","ZEROED","2026-01-14","2026-01-14","","","","SECURITY|MADICO SAFETYSHIELD 800","","","","","SourceSheet=Zeroed Out Inventory; SourceRow=756; DateMethod=back_fill_from_next; ManufacturerSource=lookup_film_width; RawDescription=5708 - Madico Safetyshield 800 72""","false","","","2026-01-14","Imported from Zeroed Out Inventory tab","migration"
"IL-5140","Security","Madico Safetyshield 800","60","0","0","2.315033029E9","ZEROED","2026-01-14","2026-01-14","","","","SECURITY|MADICO SAFETYSHIELD 800","","","","","SourceSheet=Zeroed Out Inventory; SourceRow=757; DateMethod=back_fill_from_next; ManufacturerSource=lookup_film_width; RawDescription=5140 - Madico Safetyshield 800 60""","false","","","2026-01-14","Imported from Zeroed Out Inventory tab","migration"
"IL-4017","3M Solar","3M Affinity 15","60","0","0","","ZEROED","2026-01-14","2026-01-14","","","","3M SOLAR|3M AFFINITY 15","","","","","SourceSheet=Zeroed Out Inventory; SourceRow=758; DateMethod=back_fill_from_next; ManufacturerSource=lookup_film_width; RawDescription=4017 - 3M Affinity 15 60""","false","","","2026-01-14","Imported from Zeroed Out Inventory tab","migration"
"IL-3132","Solar Guard","SG Slate 30","48","0","0","5.406807042E9","ZEROED","2026-01-14","2026-01-14","","","","SOLAR GUARD|SG SLATE 30","","","","","SourceSheet=Zeroed Out Inventory; SourceRow=759; DateMethod=back_fill_from_next; ManufacturerSource=lookup_film; RawDescription=3132 - SG Slate 30 48""","false","","","2026-01-14","Imported from Zeroed Out Inventory tab","migration"
"IL-5372","Security","Madico Safetyshield 800","60","0","0","2.330630435E9","ZEROED","2026-01-14","2026-01-14","","","","SECURITY|MADICO SAFETYSHIELD 800","","","","","SourceSheet=Zeroed Out Inventory; SourceRow=760; DateMethod=back_fill_from_next; ManufacturerSource=lookup_film_width; RawDescription=5372 - Madico Safetyshield 800 60""","false","","","2026-01-14","Imported from Zeroed Out Inventory tab","migration"
"IL-5010","Security","3M Safety S70 EXT.","72","0","0","","ZEROED","2026-01-14","2026-01-14","","","","SECURITY|3M SAFETY S70 EXT.","","","","","SourceSheet=Zeroed Out Inventory; SourceRow=761; DateMethod=back_fill_from_next; ManufacturerSource=keyword_security; RawDescription=5010 - 3M Safety S70 EXT. 72""","false","","","2026-01-14","Imported from Zeroed Out Inventory tab","migration"
"IL-3571","3M Solar","3M NV 25","60","0","0","C03232422","ZEROED","2026-01-14","2026-01-14","","","","3M SOLAR|3M NV 25","","","","","SourceSheet=Zeroed Out Inventory; SourceRow=762; DateMethod=back_fill_from_next; ManufacturerSource=lookup_film_width; RawDescription=3571 - 3M NV 25 60""","false","","","2026-01-14","Imported from Zeroed Out Inventory tab","migration"
"IL-5820","Security","Madico Safetyshield 1500","60","0","0","2.402230403E9","ZEROED","2026-01-14","2026-01-14","","","","SECURITY|MADICO SAFETYSHIELD 1500","","","","","SourceSheet=Zeroed Out Inventory; SourceRow=763; DateMethod=back_fill_from_next; ManufacturerSource=lookup_film_width; RawDescription=5820 - Madico Safetyshield 1500 60""","false","","","2026-01-14","Imported from Zeroed Out Inventory tab","migration"
"IL-5821","Security","Madico Safetyshield 1500","60","0","0","2.402230424E9","ZEROED","2026-01-14","2026-01-14","","","","SECURITY|MADICO SAFETYSHIELD 1500","","","","","SourceSheet=Zeroed Out Inventory; SourceRow=764; DateMethod=back_fill_from_next; ManufacturerSource=lookup_film_width; RawDescription=5821 - Madico Safetyshield 1500 60""","false","","","2026-01-14","Imported from Zeroed Out Inventory tab","migration"
"IL-5822","Security","Madico Safetyshield 1500","60","0","0","2.402230418E9","ZEROED","2026-01-14","2026-01-14","","","","SECURITY|MADICO SAFETYSHIELD 1500","","","","","SourceSheet=Zeroed Out Inventory; SourceRow=765; DateMethod=back_fill_from_next; ManufacturerSource=lookup_film_width; RawDescription=5822 - Madico Safetyshield 1500 60""","false","","","2026-01-14","Imported from Zeroed Out Inventory tab","migration"
"IL-5823","Security","Madico Safetyshield 1500","60","0","0","2.402230405E9","ZEROED","2026-01-14","2026-01-14","","","","SECURITY|MADICO SAFETYSHIELD 1500","","","","","SourceSheet=Zeroed Out Inventory; SourceRow=766; DateMethod=back_fill_from_next; ManufacturerSource=lookup_film_width; RawDescription=5823 - Madico Safetyshield 1500 60""","false","","","2026-01-14","Imported from Zeroed Out Inventory tab","migration"
"IL-5128","Security","Madico Safetyshield 800","72","0","0","2.308033023E9","ZEROED","2026-01-14","2026-01-14","","","","SECURITY|MADICO SAFETYSHIELD 800","","","","","SourceSheet=Zeroed Out Inventory; SourceRow=767; DateMethod=back_fill_from_next; ManufacturerSource=lookup_film_width; RawDescription=5128 - Madico Safetyshield 800 72""","false","","","2026-01-14","Imported from Zeroed Out Inventory tab","migration"
"IL-5139","Security","Madico Safetyshield 800","60","0","0","2.312333056E9","ZEROED","2026-01-14","2026-01-14","","","","SECURITY|MADICO SAFETYSHIELD 800","","","","","SourceSheet=Zeroed Out Inventory; SourceRow=768; DateMethod=back_fill_from_next; ManufacturerSource=lookup_film_width; RawDescription=5139 - Madico Safetyshield 800 60""","false","","","2026-01-14","Imported from Zeroed Out Inventory tab","migration"
"IL-5141","Security","Madico Safetyshield 800","60","0","0","2.312333056E9","ZEROED","2026-01-14","2026-01-14","","","","SECURITY|MADICO SAFETYSHIELD 800","","","","","SourceSheet=Zeroed Out Inventory; SourceRow=769; DateMethod=back_fill_from_next; ManufacturerSource=lookup_film_width; RawDescription=5141 - Madico Safetyshield 800 60""","false","","","2026-01-14","Imported from Zeroed Out Inventory tab","migration"
"IL-5748","Security","Madico Safetyshield 800","60","0","0","2.334230151E9","ZEROED","2026-01-14","2026-01-14","","","","SECURITY|MADICO SAFETYSHIELD 800","","","","","SourceSheet=Zeroed Out Inventory; SourceRow=770; DateMethod=back_fill_from_next; ManufacturerSource=lookup_film_width; RawDescription=5748 - Madico Safetyshield 800 60""","false","","","2026-01-14","Imported from Zeroed Out Inventory tab","migration"
"IL-5741","Security","Madico Safetyshield 800","48","0","0","2.334230119E9","ZEROED","2026-01-14","2026-01-14","","","","SECURITY|MADICO SAFETYSHIELD 800","","","","","SourceSheet=Zeroed Out Inventory; SourceRow=771; DateMethod=back_fill_from_next; ManufacturerSource=lookup_film_width; RawDescription=5741 - Madico Safetyshield 800 48""","false","","","2026-01-14","Imported from Zeroed Out Inventory tab","migration"
"IL-5743","Security","Madico Safetyshield 800","48","0","0","2.334230115E9","ZEROED","2026-01-14","2026-01-14","","","","SECURITY|MADICO SAFETYSHIELD 800","","","","","SourceSheet=Zeroed Out Inventory; SourceRow=772; DateMethod=back_fill_from_next; ManufacturerSource=lookup_film_width; RawDescription=5743 - Madico Safetyshield 800 48""","false","","","2026-01-14","Imported from Zeroed Out Inventory tab","migration"
"IL-3615","3M Solar","3M PR 50","72","0","0","C012324206","ZEROED","2026-01-14","2026-01-14","","","","3M SOLAR|3M PR 50","","","","","SourceSheet=Zeroed Out Inventory; SourceRow=773; DateMethod=back_fill_from_next; ManufacturerSource=lookup_film; RawDescription=3615 - 3M PR 50 72""","false","","","2026-01-14","Imported from Zeroed Out Inventory tab","migration"
"IL-5078","Llumar","Llumar DR 15","60","0","0","413D062P22","ZEROED","2026-01-14","2026-01-14","","","","LLUMAR|LLUMAR DR 15","","","","","SourceSheet=Zeroed Out Inventory; SourceRow=774; DateMethod=back_fill_from_next; ManufacturerSource=lookup_film_width; RawDescription=5078 - Llumar DR 15 60""","false","","","2026-01-14","Imported from Zeroed Out Inventory tab","migration"
"IL-5135","Security","3M Ultra S800","60","0","0","D074324481","ZEROED","2026-01-14","2026-01-14","","","","SECURITY|3M ULTRA S800","","","","","SourceSheet=Zeroed Out Inventory; SourceRow=775; DateMethod=back_fill_from_next; ManufacturerSource=lookup_film_width; RawDescription=5135 - 3M Ultra S800 60""","false","","","2026-01-14","Imported from Zeroed Out Inventory tab","migration"
"IL-5172","Security","3M Ultra S800","72","0","0","D167324549","ZEROED","2026-01-14","2026-01-14","","","","SECURITY|3M ULTRA S800","","","","","SourceSheet=Zeroed Out Inventory; SourceRow=776; DateMethod=back_fill_from_next; ManufacturerSource=lookup_film_width; RawDescription=5172 - 3M Ultra S800 72""","false","","","2026-01-14","Imported from Zeroed Out Inventory tab","migration"
"IL-5199","Security","3M Ultra S800","60","0","0","D167324549","ZEROED","2026-01-14","2026-01-14","","","","SECURITY|3M ULTRA S800","","","","","SourceSheet=Zeroed Out Inventory; SourceRow=778; DateMethod=back_fill_from_next; ManufacturerSource=lookup_film_width; RawDescription=5199 - 3M Ultra S800 60""","false","","","2026-01-14","Imported from Zeroed Out Inventory tab","migration"
"IL-5733","Solyx","Solyx White Matte SXWFWM","48","0","0","","ZEROED","2026-01-14","2026-01-14","","","","SOLYX|SOLYX WHITE MATTE SXWFWM","","","","","SourceSheet=Zeroed Out Inventory; SourceRow=779; DateMethod=back_fill_from_next; ManufacturerSource=lookup_film_width; RawDescription=5733 - Solyx White Matte SXWFWM 48""","false","","","2026-01-14","Imported from Zeroed Out Inventory tab","migration"
"IL-3478","Vinyl","651 Black Matte","48","0","0","","ZEROED","2026-01-14","2026-01-14","","","","VINYL|651 BLACK MATTE","","","","","SourceSheet=Zeroed Out Inventory; SourceRow=780; DateMethod=back_fill_from_next; ManufacturerSource=keyword_vinyl; RawDescription=3478- 651 Black Matte  48""","false","","","2026-01-14","Imported from Zeroed Out Inventory tab","migration"
"IL-5425","Solar Guard","SG Slate 20","60","0","0","5.423088018E9","ZEROED","2026-01-14","2026-01-14","","","","SOLAR GUARD|SG SLATE 20","","","","","SourceSheet=Zeroed Out Inventory; SourceRow=781; DateMethod=back_fill_from_next; ManufacturerSource=lookup_film_width; RawDescription=5425 - SG Slate 20 60""","false","","","2026-01-14","Imported from Zeroed Out Inventory tab","migration"
"IL-3784","Llumar","Llumar Frost NRM PS2","36","0","0","472H033","ZEROED","2026-01-14","2026-01-14","","","","LLUMAR|LLUMAR FROST NRM PS2","","","","","SourceSheet=Zeroed Out Inventory; SourceRow=782; DateMethod=back_fill_from_next; ManufacturerSource=lookup_film; RawDescription=3784 - Llumar Frost NRM PS2 36""","false","","","2026-01-14","Imported from Zeroed Out Inventory tab","migration"
"IL-5879","3M Solar","3M PR 50","72","0","0","D269324616","ZEROED","2026-01-14","2026-01-14","","","","3M SOLAR|3M PR 50","","","","","SourceSheet=Zeroed Out Inventory; SourceRow=783; DateMethod=back_fill_from_next; ManufacturerSource=lookup_film; RawDescription=5879 - 3M PR 50 72""","false","","","2026-01-14","Imported from Zeroed Out Inventory tab","migration"
"IL-5834","Solyx","Solyx Clear Luster SXWV0200","60","0","0","","ZEROED","2026-01-14","2026-01-14","","","","SOLYX|SOLYX CLEAR LUSTER SXWV0200","","","","","SourceSheet=Zeroed Out Inventory; SourceRow=784; DateMethod=back_fill_from_next; ManufacturerSource=keyword_solyx; RawDescription=5834 - Solyx Clear Luster SXWV0200 60""","false","","","2026-01-14","Imported from Zeroed Out Inventory tab","migration"
"IL-5155","Security","Madico Safetyshield 800","72","0","0","2.308033023E9","ZEROED","2026-01-14","2026-01-14","","","","SECURITY|MADICO SAFETYSHIELD 800","","","","","SourceSheet=Zeroed Out Inventory; SourceRow=785; DateMethod=back_fill_from_next; ManufacturerSource=lookup_film_width; RawDescription=5155 - Madico Safetyshield 800 72""","false","","","2026-01-14","Imported from Zeroed Out Inventory tab","migration"
"IL-5064","Security","3M S140 SH14CLARL","60","0","0","232C","ZEROED","2026-01-14","2026-01-14","","","","SECURITY|3M S140 SH14CLARL","","","","","SourceSheet=Zeroed Out Inventory; SourceRow=786; DateMethod=back_fill_from_next; ManufacturerSource=lookup_film_width; RawDescription=5064 - 3M S140 SH14CLARL 60""","false","","","2026-01-14","Imported from Zeroed Out Inventory tab","migration"
"IL-3696","Llumar","Llumar Vista V45","72","0","0","472F111P03","ZEROED","2026-01-14","2026-01-14","","","","LLUMAR|LLUMAR VISTA V45","","","","","SourceSheet=Zeroed Out Inventory; SourceRow=787; DateMethod=back_fill_from_next; ManufacturerSource=keyword_llumar; RawDescription=3696 - Llumar Vista V45 72""","false","","","2026-01-14","Imported from Zeroed Out Inventory tab","migration"
"IL-3124","Solyx","SXJ-0546 ORGANIC COTTON 71"" GRADIENT","71","0","0","","ZEROED","2026-01-14","2026-01-14","","","","SOLYX|SXJ-0546 ORGANIC COTTON 71"" GRADIENT","","","","","SourceSheet=Zeroed Out Inventory; SourceRow=788; DateMethod=back_fill_from_next; ManufacturerSource=keyword_solyx; RawDescription=3124 - SXJ-0546 ORGANIC COTTON 71""  GRADIENT","false","","","2026-01-14","Imported from Zeroed Out Inventory tab","migration"
"IL-3785","Solyx","Solyx White Matte SXWF-WM","60","0","0","","ZEROED","2026-01-14","2026-01-14","","","","SOLYX|SOLYX WHITE MATTE SXWF-WM","","","","","SourceSheet=Zeroed Out Inventory; SourceRow=789; DateMethod=back_fill_from_next; ManufacturerSource=keyword_solyx; RawDescription=3785 - Solyx White Matte SXWF-WM 60""","false","","","2026-01-14","Imported from Zeroed Out Inventory tab","migration"
"IL-3507","Solyx","SXWF_WMAX","60","0","0","","ZEROED","2026-01-14","2026-01-14","","","","SOLYX|SXWF_WMAX","","","","","SourceSheet=Zeroed Out Inventory; SourceRow=790; DateMethod=back_fill_from_next; ManufacturerSource=keyword_solyx; RawDescription=3507 - SXWF_WMAX  60","false","","","2026-01-14","Imported from Zeroed Out Inventory tab","migration"
"IL-5355","Solyx","Solyx Fine Crystal Frost SX1309","60","0","0","","ZEROED","2026-01-14","2026-01-14","","","","SOLYX|SOLYX FINE CRYSTAL FROST SX1309","","","","","SourceSheet=Zeroed Out Inventory; SourceRow=791; DateMethod=back_fill_from_next; ManufacturerSource=lookup_film_width; RawDescription=5355 - Solyx Fine Crystal Frost SX1309 60""","false","","","2026-01-14","Imported from Zeroed Out Inventory tab","migration"
"IL-5074","Security","3M S140 SH14CLARL","60","0","0","232C","ZEROED","2026-01-14","2026-01-14","","","","SECURITY|3M S140 SH14CLARL","","","","","SourceSheet=Zeroed Out Inventory; SourceRow=792; DateMethod=back_fill_from_next; ManufacturerSource=lookup_film_width; RawDescription=5074 - 3M S140 SH14CLARL 60""","false","","","2026-01-14","Imported from Zeroed Out Inventory tab","migration"
"IL-5912","Security","3M S70 EXT","60","0","0","D132324524","ZEROED","2026-01-14","2026-01-14","","","","SECURITY|3M S70 EXT","","","","","SourceSheet=Zeroed Out Inventory; SourceRow=793; DateMethod=back_fill_from_next; ManufacturerSource=lookup_film_width; RawDescription=5912 - 3M S70 EXT 60""","false","","","2026-01-14","Imported from Zeroed Out Inventory tab","migration"
"IL-5913","Security","3M S70 EXT","60","0","0","D132324524","ZEROED","2026-01-14","2026-01-14","","","","SECURITY|3M S70 EXT","","","","","SourceSheet=Zeroed Out Inventory; SourceRow=794; DateMethod=back_fill_from_next; ManufacturerSource=lookup_film_width; RawDescription=5913 - 3M S70 EXT 60""","false","","","2026-01-14","Imported from Zeroed Out Inventory tab","migration"
"IL-5134","Security","3M Ultra S800","60","0","0","D103324503","ZEROED","2026-01-14","2026-01-14","","","","SECURITY|3M ULTRA S800","","","","","SourceSheet=Zeroed Out Inventory; SourceRow=795; DateMethod=back_fill_from_next; ManufacturerSource=lookup_film_width; RawDescription=5134 - 3M Ultra S800 60""","false","","","2026-01-14","Imported from Zeroed Out Inventory tab","migration"
"IL-3913","Security","3M UltraS800","72","0","0","C152324318","ZEROED","2026-01-14","2026-01-14","","","","SECURITY|3M ULTRAS800","","","","","SourceSheet=Zeroed Out Inventory; SourceRow=796; DateMethod=back_fill_from_next; ManufacturerSource=keyword_security; RawDescription=3913 -    3M UltraS800 72""","false","","","2026-01-14","Imported from Zeroed Out Inventory tab","migration"
"IL-3861","Solyx","Solyx Whiteout SXWF-WO","60","0","0","","ZEROED","2026-01-14","2026-01-14","","","","SOLYX|SOLYX WHITEOUT SXWF-WO","","","","","SourceSheet=Zeroed Out Inventory; SourceRow=797; DateMethod=back_fill_from_next; ManufacturerSource=keyword_solyx; RawDescription=3861 - Solyx Whiteout SXWF-WO 60""","false","","","2026-01-14","Imported from Zeroed Out Inventory tab","migration"
"IL-5750","Security","Madico Safetyshield 800","60","0","0","2.334230156E9","ZEROED","2026-01-14","2026-01-14","","","","SECURITY|MADICO SAFETYSHIELD 800","","","","","SourceSheet=Zeroed Out Inventory; SourceRow=798; DateMethod=back_fill_from_next; ManufacturerSource=lookup_film_width; RawDescription=5750 - Madico Safetyshield 800 60""","false","","","2026-01-14","Imported from Zeroed Out Inventory tab","migration"
"IL-5285","Security","Madico Safetyshield 800","60","0","0","2.315033025E9","ZEROED","2026-01-14","2026-01-14","","","","SECURITY|MADICO SAFETYSHIELD 800","","","","","SourceSheet=Zeroed Out Inventory; SourceRow=799; DateMethod=back_fill_from_next; ManufacturerSource=lookup_film_width; RawDescription=5285 - Madico Safetyshield 800 60""","false","","","2026-01-14","Imported from Zeroed Out Inventory tab","migration"
"IL-3631","Solar Guard","SG TrueVue 40","60","0","0","5.416617022E9","ZEROED","2026-01-14","2026-01-14","","","","SOLAR GUARD|SG TRUEVUE 40","","","","","SourceSheet=Zeroed Out Inventory; SourceRow=800; DateMethod=back_fill_from_next; ManufacturerSource=lookup_film_width; RawDescription=3631 - SG TrueVue 40 60""","false","","","2026-01-14","Imported from Zeroed Out Inventory tab","migration"
"IL-5881","Security","Madico Safetyshield 800","36","0","0","2.400230241E9","ZEROED","2026-01-14","2026-01-14","","","","SECURITY|MADICO SAFETYSHIELD 800","","","","","SourceSheet=Zeroed Out Inventory; SourceRow=801; DateMethod=back_fill_from_next; ManufacturerSource=lookup_film_width; RawDescription=5881 - Madico Safetyshield 800 36""","false","","","2026-01-14","Imported from Zeroed Out Inventory tab","migration"
"IL-5873","Security","Madico Safetyshield 1500","60","0","0","2.402330242E9","ZEROED","2026-01-14","2026-01-14","","","","SECURITY|MADICO SAFETYSHIELD 1500","","","","","SourceSheet=Zeroed Out Inventory; SourceRow=802; DateMethod=back_fill_from_next; ManufacturerSource=lookup_film_width; RawDescription=5873 - Madico Safetyshield 1500 60""","false","","","2026-01-14","Imported from Zeroed Out Inventory tab","migration"
"IL-5734","Security","Madico Safetyshield 1500","72","0","0","2.315830168E9","ZEROED","2026-01-14","2026-01-14","","","","SECURITY|MADICO SAFETYSHIELD 1500","","","","","SourceSheet=Zeroed Out Inventory; SourceRow=803; DateMethod=back_fill_from_next; ManufacturerSource=lookup_film_width; RawDescription=5734 - Madico Safetyshield 1500 72""","false","","","2026-01-14","Imported from Zeroed Out Inventory tab","migration"
"IL-5962","Fasara","3M Fasara Cloud Narrow White SH2FGCN","50","0","0","106747059A","ZEROED","2026-01-14","2026-01-14","","","","FASARA|3M FASARA CLOUD NARROW WHITE SH2FGCN","","","","","SourceSheet=Zeroed Out Inventory; SourceRow=805; DateMethod=back_fill_from_next; ManufacturerSource=lookup_film_width; RawDescription=5962 - 3M Fasara Cloud Narrow White SH2FGCN 50""","false","","","2026-01-14","Imported from Zeroed Out Inventory tab","migration"
"IL-5904","Avery Dennison","Avery Natura 30","60","0","0","RC2963659","ZEROED","2026-01-14","2026-01-14","","","","AVERY DENNISON|AVERY NATURA 30","","","","","SourceSheet=Zeroed Out Inventory; SourceRow=806; DateMethod=back_fill_from_next; ManufacturerSource=lookup_film; RawDescription=5904 - Avery Natura 30 60""","false","","","2026-01-14","Imported from Zeroed Out Inventory tab","migration"
"IL-5905","Avery Dennison","Avery Natura 30","60","0","0","RC2963626","ZEROED","2026-01-14","2026-01-14","","","","AVERY DENNISON|AVERY NATURA 30","","","","","SourceSheet=Zeroed Out Inventory; SourceRow=807; DateMethod=back_fill_from_next; ManufacturerSource=lookup_film; RawDescription=5905 - Avery Natura 30 60""","false","","","2026-01-14","Imported from Zeroed Out Inventory tab","migration"
"IL-5906","Avery Dennison","Avery Natura 30","72","0","0","RC3264821","ZEROED","2026-01-14","2026-01-14","","","","AVERY DENNISON|AVERY NATURA 30","","","","","SourceSheet=Zeroed Out Inventory; SourceRow=808; DateMethod=back_fill_from_next; ManufacturerSource=lookup_film_width; RawDescription=5906 - Avery Natura 30 72""","false","","","2026-01-14","Imported from Zeroed Out Inventory tab","migration"
"IL-5907","Avery Dennison","Avery Natura 30","72","0","0","RC3264512","ZEROED","2026-01-14","2026-01-14","","","","AVERY DENNISON|AVERY NATURA 30","","","","","SourceSheet=Zeroed Out Inventory; SourceRow=809; DateMethod=back_fill_from_next; ManufacturerSource=lookup_film_width; RawDescription=5907 - Avery Natura 30 72""","false","","","2026-01-14","Imported from Zeroed Out Inventory tab","migration"
"IL-5909","Avery Dennison","Avery Natura 30","72","0","0","RC3264591","ZEROED","2026-01-14","2026-01-14","","","","AVERY DENNISON|AVERY NATURA 30","","","","","SourceSheet=Zeroed Out Inventory; SourceRow=810; DateMethod=back_fill_from_next; ManufacturerSource=lookup_film_width; RawDescription=5909 - Avery Natura 30 72""","false","","","2026-01-14","Imported from Zeroed Out Inventory tab","migration"
"IL-5925","Avery Dennison","Avery Natura 30","60","0","0","RC2963936","ZEROED","2026-01-14","2026-01-14","","","","AVERY DENNISON|AVERY NATURA 30","","","","","SourceSheet=Zeroed Out Inventory; SourceRow=811; DateMethod=back_fill_from_next; ManufacturerSource=lookup_film; RawDescription=5925 - Avery Natura 30 60""","false","","","2026-01-14","Imported from Zeroed Out Inventory tab","migration"
"IL-5162","3M Solar","3M PR","60","0","0","D031324454","ZEROED","2026-01-14","2026-01-14","","","","3M SOLAR|3M PR","","","","","SourceSheet=Zeroed Out Inventory; SourceRow=812; DateMethod=back_fill_from_next; ManufacturerSource=keyword_3m_solar; RawDescription=5162 - 3M PR 60 60""","false","","","2026-01-14","Imported from Zeroed Out Inventory tab","migration"
"IL-5065","Security","3M S140 SH14CLARL","60","0","0","232C","ZEROED","2026-01-14","2026-01-14","","","","SECURITY|3M S140 SH14CLARL","","","","","SourceSheet=Zeroed Out Inventory; SourceRow=813; DateMethod=back_fill_from_next; ManufacturerSource=lookup_film_width; RawDescription=5065 - 3M S140 SH14CLARL 60""","false","","","2026-01-14","Imported from Zeroed Out Inventory tab","migration"
"IL-5333","Solar Guard","SG Slate 30","48","0","0","5.424949048E9","ZEROED","2026-01-14","2026-01-14","","","","SOLAR GUARD|SG SLATE 30","","","","","SourceSheet=Zeroed Out Inventory; SourceRow=814; DateMethod=back_fill_from_next; ManufacturerSource=lookup_film; RawDescription=5333 - SG Slate 30 48""","false","","","2026-01-14","Imported from Zeroed Out Inventory tab","migration"
"IL-5067","Security","3M S140 SH14CLARL","60","0","0","232C","ZEROED","2026-01-14","2026-01-14","","","","SECURITY|3M S140 SH14CLARL","","","","","SourceSheet=Zeroed Out Inventory; SourceRow=815; DateMethod=back_fill_from_next; ManufacturerSource=lookup_film_width; RawDescription=5067 - 3M S140 SH14CLARL 60""","false","","","2026-01-14","Imported from Zeroed Out Inventory tab","migration"
"IL-5964","Security","Madico Safetyshield 800","48","0","0","2.407930168E9","ZEROED","2026-01-14","2026-01-14","","","","SECURITY|MADICO SAFETYSHIELD 800","","","","","SourceSheet=Zeroed Out Inventory; SourceRow=816; DateMethod=back_fill_from_next; ManufacturerSource=lookup_film_width; RawDescription=5964 - Madico Safetyshield 800 48""","false","","","2026-01-14","Imported from Zeroed Out Inventory tab","migration"
"IL-5965","Security","Madico Safetyshield 800","48","0","0","2.407930163E9","ZEROED","2026-01-14","2026-01-14","","","","SECURITY|MADICO SAFETYSHIELD 800","","","","","SourceSheet=Zeroed Out Inventory; SourceRow=817; DateMethod=back_fill_from_next; ManufacturerSource=lookup_film_width; RawDescription=5965 - Madico Safetyshield 800 48""","false","","","2026-01-14","Imported from Zeroed Out Inventory tab","migration"
"IL-5966","Security","Madico Safetyshield 800","48","0","0","2.407930246E9","ZEROED","2026-01-14","2026-01-14","","","","SECURITY|MADICO SAFETYSHIELD 800","","","","","SourceSheet=Zeroed Out Inventory; SourceRow=818; DateMethod=back_fill_from_next; ManufacturerSource=lookup_film_width; RawDescription=5966 - Madico Safetyshield 800 48""","false","","","2026-01-14","Imported from Zeroed Out Inventory tab","migration"
"IL-5967","Security","Madico Safetyshield 800","48","0","0","2.407930249E9","ZEROED","2026-01-14","2026-01-14","","","","SECURITY|MADICO SAFETYSHIELD 800","","","","","SourceSheet=Zeroed Out Inventory; SourceRow=819; DateMethod=back_fill_from_next; ManufacturerSource=lookup_film_width; RawDescription=5967 - Madico Safetyshield 800 48""","false","","","2026-01-14","Imported from Zeroed Out Inventory tab","migration"
"IL-5968","Security","Madico Safetyshield 800","48","0","0","2.407930247E9","ZEROED","2026-01-14","2026-01-14","","","","SECURITY|MADICO SAFETYSHIELD 800","","","","","SourceSheet=Zeroed Out Inventory; SourceRow=820; DateMethod=back_fill_from_next; ManufacturerSource=lookup_film_width; RawDescription=5968 - Madico Safetyshield 800 48""","false","","","2026-01-14","Imported from Zeroed Out Inventory tab","migration"
"IL-5969","Security","Madico Safetyshield 800","72","0","0","2.406630189E9","ZEROED","2026-01-14","2026-01-14","","","","SECURITY|MADICO SAFETYSHIELD 800","","","","","SourceSheet=Zeroed Out Inventory; SourceRow=821; DateMethod=back_fill_from_next; ManufacturerSource=lookup_film_width; RawDescription=5969 - Madico Safetyshield 800 72""","false","","","2026-01-14","Imported from Zeroed Out Inventory tab","migration"
"IL-5970","Security","Madico Safetyshield 800","72","0","0","2.406630164E9","ZEROED","2026-01-14","2026-01-14","","","","SECURITY|MADICO SAFETYSHIELD 800","","","","","SourceSheet=Zeroed Out Inventory; SourceRow=822; DateMethod=back_fill_from_next; ManufacturerSource=lookup_film_width; RawDescription=5970 - Madico Safetyshield 800 72""","false","","","2026-01-14","Imported from Zeroed Out Inventory tab","migration"
"IL-5986","Di-Noc","3M Di-Noc High Gloss Fire Brick HG1511","48","0","0","172304.0","ZEROED","2026-01-14","2026-01-14","","","","DI-NOC|3M DI-NOC HIGH GLOSS FIRE BRICK HG1511","","","","","SourceSheet=Zeroed Out Inventory; SourceRow=823; DateMethod=back_fill_from_next; ManufacturerSource=lookup_film_width; RawDescription=5986 - 3M Di-Noc High Gloss Fire Brick HG1511 48""","false","","","2026-01-14","Imported from Zeroed Out Inventory tab","migration"
"IL-5948","Security","Madico Safetyshield 1500","60","0","0","2.407230223E9","ZEROED","2026-01-14","2026-01-14","","","","SECURITY|MADICO SAFETYSHIELD 1500","","","","","SourceSheet=Zeroed Out Inventory; SourceRow=824; DateMethod=back_fill_from_next; ManufacturerSource=lookup_film_width; RawDescription=5948 - Madico Safetyshield 1500 60""","false","","","2026-01-14","Imported from Zeroed Out Inventory tab","migration"
"IL-5995","Security","3M S140 SH14CLARL","60","0","0","232J","ZEROED","2026-01-14","2026-01-14","","","","SECURITY|3M S140 SH14CLARL","","","","","SourceSheet=Zeroed Out Inventory; SourceRow=825; DateMethod=back_fill_from_next; ManufacturerSource=lookup_film_width; RawDescription=5995 - 3M S140 SH14CLARL 60""","false","","","2026-01-14","Imported from Zeroed Out Inventory tab","migration"
"IL-5674","Solar Guard","SG Truevue 15","72","0","0","5.427189026E9","ZEROED","2026-01-14","2026-01-14","","","","SOLAR GUARD|SG TRUEVUE 15","","","","","SourceSheet=Zeroed Out Inventory; SourceRow=826; DateMethod=back_fill_from_next; ManufacturerSource=lookup_film_width; RawDescription=5674 - SG Truevue 15 72""","false","","","2026-01-14","Imported from Zeroed Out Inventory tab","migration"
"IL-3456","Solyx","SOLYX FINE BRUSHED SXL-1017","60","0","0","","ZEROED","2026-01-14","2026-01-14","","","","SOLYX|SOLYX FINE BRUSHED SXL-1017","","","","","SourceSheet=Zeroed Out Inventory; SourceRow=827; DateMethod=back_fill_from_next; ManufacturerSource=keyword_solyx; RawDescription=3456 - SOLYX FINE BRUSHED  SXL-1017    60""","false","","","2026-01-14","Imported from Zeroed Out Inventory tab","migration"
"IL-6008","Llumar","Llumar Frost NRM PS2","60","0","0","404C048","ZEROED","2026-01-14","2026-01-14","","","","LLUMAR|LLUMAR FROST NRM PS2","","","","","SourceSheet=Zeroed Out Inventory; SourceRow=828; DateMethod=back_fill_from_next; ManufacturerSource=lookup_film_width; RawDescription=6008 - Llumar Frost NRM PS2 60""","false","","","2026-01-14","Imported from Zeroed Out Inventory tab","migration"
"IL-5903","Security","3M Anti Graffiti AG-6","60","0","0","230317(E)16","ZEROED","2026-01-14","2026-01-14","","","","SECURITY|3M ANTI GRAFFITI AG-6","","","","","SourceSheet=Zeroed Out Inventory; SourceRow=829; DateMethod=back_fill_from_next; ManufacturerSource=lookup_film_width; RawDescription=5903 - 3M Anti Graffiti AG-6 60""","false","","","2026-01-14","Imported from Zeroed Out Inventory tab","migration"
"IL-5718","Security","Madico Safetyshield 1500","60","0","0","2.329830159E9","ZEROED","2026-01-14","2026-01-14","","","","SECURITY|MADICO SAFETYSHIELD 1500","","","","","SourceSheet=Zeroed Out Inventory; SourceRow=830; DateMethod=back_fill_from_next; ManufacturerSource=lookup_film_width; RawDescription=5718 - Madico Safetyshield 1500 60""","false","","","2026-01-14","Imported from Zeroed Out Inventory tab","migration"
"IL-5362","Solar Guard","SG Truevue 05","48","0","0","5.425711067E9","ZEROED","2026-01-14","2026-01-14","","","","SOLAR GUARD|SG TRUEVUE 05","","","","","SourceSheet=Zeroed Out Inventory; SourceRow=831; DateMethod=back_fill_from_next; ManufacturerSource=lookup_film_width; RawDescription=5362 - SG Truevue 05 48""","false","","","2026-01-14","Imported from Zeroed Out Inventory tab","migration"
"IL-5742","Security","Madico Safetyshield 800","48","0","0","2.334230091E9","ZEROED","2026-01-14","2026-01-14","","","","SECURITY|MADICO SAFETYSHIELD 800","","","","","SourceSheet=Zeroed Out Inventory; SourceRow=832; DateMethod=back_fill_from_next; ManufacturerSource=lookup_film_width; RawDescription=5742 - Madico Safetyshield 800 48""","false","","","2026-01-14","Imported from Zeroed Out Inventory tab","migration"
"IL-6034","3M Solar","3M White Blockout Matte 3635-20","48","0","0","M2406602","ZEROED","2026-01-14","2026-01-14","","","","3M SOLAR|3M WHITE BLOCKOUT MATTE 3635-20","","","","","SourceSheet=Zeroed Out Inventory; SourceRow=834; DateMethod=back_fill_from_next; ManufacturerSource=keyword_3m_default; RawDescription=6034 - 3M White Blockout Matte 3635-20 48""","false","","","2026-01-14","Imported from Zeroed Out Inventory tab","migration"
"IL-5883","Security","Madico Safetyshield 1500","60","0","0","2.40253031E9","ZEROED","2026-01-14","2026-01-14","","","","SECURITY|MADICO SAFETYSHIELD 1500","","","","","SourceSheet=Zeroed Out Inventory; SourceRow=835; DateMethod=back_fill_from_next; ManufacturerSource=lookup_film_width; RawDescription=5883 - Madico Safetyshield 1500 60""","false","","","2026-01-14","Imported from Zeroed Out Inventory tab","migration"
"IL-5884","Security","Madico Safetyshield 1500","60","0","0","2.40253029E9","ZEROED","2026-01-14","2026-01-14","","","","SECURITY|MADICO SAFETYSHIELD 1500","","","","","SourceSheet=Zeroed Out Inventory; SourceRow=836; DateMethod=back_fill_from_next; ManufacturerSource=lookup_film_width; RawDescription=5884 - Madico Safetyshield 1500 60""","false","","","2026-01-14","Imported from Zeroed Out Inventory tab","migration"
"IL-5885","Security","Madico Safetyshield 1500","60","0","0","2.402530272E9","ZEROED","2026-01-14","2026-01-14","","","","SECURITY|MADICO SAFETYSHIELD 1500","","","","","SourceSheet=Zeroed Out Inventory; SourceRow=837; DateMethod=back_fill_from_next; ManufacturerSource=lookup_film_width; RawDescription=5885 - Madico Safetyshield 1500 60""","false","","","2026-01-14","Imported from Zeroed Out Inventory tab","migration"
"IL-5886","Security","Madico Safetyshield 1500","60","0","0","2.402530281E9","ZEROED","2026-01-14","2026-01-14","","","","SECURITY|MADICO SAFETYSHIELD 1500","","","","","SourceSheet=Zeroed Out Inventory; SourceRow=838; DateMethod=back_fill_from_next; ManufacturerSource=lookup_film_width; RawDescription=5886 - Madico Safetyshield 1500 60""","false","","","2026-01-14","Imported from Zeroed Out Inventory tab","migration"
"IL-5887","Security","Madico Safetyshield 1500","60","0","0","2.402530299E9","ZEROED","2026-01-14","2026-01-14","","","","SECURITY|MADICO SAFETYSHIELD 1500","","","","","SourceSheet=Zeroed Out Inventory; SourceRow=839; DateMethod=back_fill_from_next; ManufacturerSource=lookup_film_width; RawDescription=5887 - Madico Safetyshield 1500 60""","false","","","2026-01-14","Imported from Zeroed Out Inventory tab","migration"
"IL-5888","Security","Madico Safetyshield 1500","60","0","0","2.402530304E9","ZEROED","2026-01-14","2026-01-14","","","","SECURITY|MADICO SAFETYSHIELD 1500","","","","","SourceSheet=Zeroed Out Inventory; SourceRow=840; DateMethod=back_fill_from_next; ManufacturerSource=lookup_film_width; RawDescription=5888 - Madico Safetyshield 1500 60""","false","","","2026-01-14","Imported from Zeroed Out Inventory tab","migration"
"IL-5889","Security","Madico Safetyshield 1500","60","0","0","2.402530297E9","ZEROED","2026-01-14","2026-01-14","","","","SECURITY|MADICO SAFETYSHIELD 1500","","","","","SourceSheet=Zeroed Out Inventory; SourceRow=841; DateMethod=back_fill_from_next; ManufacturerSource=lookup_film_width; RawDescription=5889 - Madico Safetyshield 1500 60""","false","","","2026-01-14","Imported from Zeroed Out Inventory tab","migration"
"IL-5737","Security","Madico Safetyshield 800","60","0","0","2.330630335E9","ZEROED","2026-01-14","2026-01-14","","","","SECURITY|MADICO SAFETYSHIELD 800","","","","","SourceSheet=Zeroed Out Inventory; SourceRow=845; DateMethod=back_fill_from_next; ManufacturerSource=lookup_film_width; RawDescription=5737 - Madico Safetyshield 800 60""","false","","","2026-01-14","Imported from Zeroed Out Inventory tab","migration"
"IL-5747","Security","Madico Safetyshield 800","60","0","0","2.33423013E9","ZEROED","2026-01-14","2026-01-14","","","","SECURITY|MADICO SAFETYSHIELD 800","","","","","SourceSheet=Zeroed Out Inventory; SourceRow=846; DateMethod=back_fill_from_next; ManufacturerSource=lookup_film_width; RawDescription=5747 - Madico Safetyshield 800 60""","false","","","2026-01-14","Imported from Zeroed Out Inventory tab","migration"
"IL-5749","Security","Madico Safetyshield 800","60","0","0","2.334230164E9","ZEROED","2026-01-14","2026-01-14","","","","SECURITY|MADICO SAFETYSHIELD 800","","","","","SourceSheet=Zeroed Out Inventory; SourceRow=847; DateMethod=back_fill_from_next; ManufacturerSource=lookup_film_width; RawDescription=5749 - Madico Safetyshield 800 60""","false","","","2026-01-14","Imported from Zeroed Out Inventory tab","migration"
"IL-5996","Fasara","3M Fasara Dusted Crystal 7725-314","60","0","0","G2407501","ZEROED","2026-01-14","2026-01-14","","","","FASARA|3M FASARA DUSTED CRYSTAL 7725-314","","","","","SourceSheet=Zeroed Out Inventory; SourceRow=848; DateMethod=back_fill_from_next; ManufacturerSource=lookup_film_width; RawDescription=5996 - 3M Fasara Dusted Crystal 7725-314 60""","false","","","2026-01-14","Imported from Zeroed Out Inventory tab","migration"
"IL-5870","Security","Madico Safetyshield 1500","60","0","0","2.333330146E9","ZEROED","2026-01-14","2026-01-14","","","","SECURITY|MADICO SAFETYSHIELD 1500","","","","","SourceSheet=Zeroed Out Inventory; SourceRow=849; DateMethod=back_fill_from_next; ManufacturerSource=lookup_film_width; RawDescription=5870 - Madico Safetyshield 1500 60""","false","","","2026-01-14","Imported from Zeroed Out Inventory tab","migration"
"IL-6039","Solyx","Solyx Dusted crystal SX3140","60","0","0","","ZEROED","2026-01-14","2026-01-14","","","","SOLYX|SOLYX DUSTED CRYSTAL SX3140","","","","","SourceSheet=Zeroed Out Inventory; SourceRow=850; DateMethod=back_fill_from_next; ManufacturerSource=lookup_film_width; RawDescription=6039 - Solyx Dusted crystal SX3140 60""","false","","","2026-01-14","Imported from Zeroed Out Inventory tab","migration"
"IL-6035","3M Solar","3M White Blockout Matte 3635-20","48","0","0","M2406602","ZEROED","2026-01-14","2026-01-14","","","","3M SOLAR|3M WHITE BLOCKOUT MATTE 3635-20","","","","","SourceSheet=Zeroed Out Inventory; SourceRow=851; DateMethod=back_fill_from_next; ManufacturerSource=keyword_3m_default; RawDescription=6035 - 3M White Blockout Matte 3635-20 48""","false","","","2026-01-14","Imported from Zeroed Out Inventory tab","migration"
"IL-2549","3M Solar","3M White Blockout Matte","48","0","0","","ZEROED","2026-01-14","2026-01-14","","","","3M SOLAR|3M WHITE BLOCKOUT MATTE","","","","","SourceSheet=Zeroed Out Inventory; SourceRow=852; DateMethod=back_fill_from_next; ManufacturerSource=keyword_3m_default; RawDescription=2549 - 3M White Blockout Matte 48""","false","","","2026-01-14","Imported from Zeroed Out Inventory tab","migration"
"IL-3853","Llumar","Llumar Frost NRM PS2","36","0","0","","ZEROED","2026-01-14","2026-01-14","","","","LLUMAR|LLUMAR FROST NRM PS2","","","","","SourceSheet=Zeroed Out Inventory; SourceRow=853; DateMethod=back_fill_from_next; ManufacturerSource=lookup_film; RawDescription=3853 - Llumar Frost NRM PS2 36""","false","","","2026-01-14","Imported from Zeroed Out Inventory tab","migration"
"IL-5771","Llumar","Llumar Frost NRM PS2","36","0","0","453L058","ZEROED","2026-01-14","2026-01-14","","","","LLUMAR|LLUMAR FROST NRM PS2","","","","","SourceSheet=Zeroed Out Inventory; SourceRow=854; DateMethod=back_fill_from_next; ManufacturerSource=lookup_film; RawDescription=5771 - Llumar Frost NRM PS2 36""","false","","","2026-01-14","Imported from Zeroed Out Inventory tab","migration"
"IL-6028","Llumar","Llumar Frost NRM PS2","72","0","0","414D030","ZEROED","2026-01-14","2026-01-14","","","","LLUMAR|LLUMAR FROST NRM PS2","","","","","SourceSheet=Zeroed Out Inventory; SourceRow=855; DateMethod=back_fill_from_next; ManufacturerSource=lookup_film; RawDescription=6028 - Llumar Frost NRM PS2 72""","false","","","2026-01-14","Imported from Zeroed Out Inventory tab","migration"
"IL-5808","Security","3M S140 SH14CLARL","60","0","0","232j","ZEROED","2026-01-14","2026-01-14","","","","SECURITY|3M S140 SH14CLARL","","","","","SourceSheet=Zeroed Out Inventory; SourceRow=856; DateMethod=back_fill_from_next; ManufacturerSource=lookup_film_width; RawDescription=5808 - 3M S140 SH14CLARL 60""","false","","","2026-01-14","Imported from Zeroed Out Inventory tab","migration"
"IL-5263","Security","3M Ultra S800","60","0","0","D167324549","ZEROED","2026-01-14","2026-01-14","","","","SECURITY|3M ULTRA S800","","","","","SourceSheet=Zeroed Out Inventory; SourceRow=857; DateMethod=back_fill_from_next; ManufacturerSource=lookup_film_width; RawDescription=5263 - 3M Ultra S800 60""","false","","","2026-01-14","Imported from Zeroed Out Inventory tab","migration"
"IL-6044","3M Solar","3M White Blockout Matte 3635-20","48","0","0","L2409404","ZEROED","2026-01-14","2026-01-14","","","","3M SOLAR|3M WHITE BLOCKOUT MATTE 3635-20","","","","","SourceSheet=Zeroed Out Inventory; SourceRow=858; DateMethod=back_fill_from_next; ManufacturerSource=keyword_3m_default; RawDescription=6044 - 3M White Blockout Matte 3635-20 48""","false","","","2026-01-14","Imported from Zeroed Out Inventory tab","migration"
"IL-3198","Security","3M SH7 Interior","60","0","0","202C6047","ZEROED","2026-01-14","2026-01-14","","","","SECURITY|3M SH7 INTERIOR","","","","","SourceSheet=Zeroed Out Inventory; SourceRow=859; DateMethod=back_fill_from_next; ManufacturerSource=keyword_security; RawDescription=3198 - 3M SH7 Interior 60""","false","","","2026-01-14","Imported from Zeroed Out Inventory tab","migration"
"IL-5405","Llumar","Llumar Frost NRM PS2","48","0","0","483H026","ZEROED","2026-01-14","2026-01-14","","","","LLUMAR|LLUMAR FROST NRM PS2","","","","","SourceSheet=Zeroed Out Inventory; SourceRow=860; DateMethod=back_fill_from_next; ManufacturerSource=lookup_film_width; RawDescription=5405 - Llumar Frost NRM PS2 48""","false","","","2026-01-14","Imported from Zeroed Out Inventory tab","migration"
"IL-5746","Security","Madico Safetyshield 800","60","0","0","2.334230143E9","ZEROED","2026-01-14","2026-01-14","","","","SECURITY|MADICO SAFETYSHIELD 800","","","","","SourceSheet=Zeroed Out Inventory; SourceRow=861; DateMethod=back_fill_from_next; ManufacturerSource=lookup_film_width; RawDescription=5746 - Madico Safetyshield 800 60""","false","","","2026-01-14","Imported from Zeroed Out Inventory tab","migration"
"IL-4032","3M Solar","3M PR 70","36","0","0","C235324385","ZEROED","2026-01-14","2026-01-14","","","","3M SOLAR|3M PR 70","","","","","SourceSheet=Zeroed Out Inventory; SourceRow=862; DateMethod=back_fill_from_next; ManufacturerSource=lookup_film_width; RawDescription=4032 -  3M PR 70  36""","false","","","2026-01-14","Imported from Zeroed Out Inventory tab","migration"
"IL-5448","3M Solar","3M PR 70 EXT","72","0","0","D129324520","ZEROED","2026-01-14","2026-01-14","","","","3M SOLAR|3M PR 70 EXT","","","","","SourceSheet=Zeroed Out Inventory; SourceRow=863; DateMethod=back_fill_from_next; ManufacturerSource=lookup_film_width; RawDescription=5448 - 3M PR 70 EXT 72""","false","","","2026-01-14","Imported from Zeroed Out Inventory tab","migration"
"IL-5441","3M Solar","3M PR 50","72","0","0","D192324562","ZEROED","2026-01-14","2026-01-14","","","","3M SOLAR|3M PR 50","","","","","SourceSheet=Zeroed Out Inventory; SourceRow=864; DateMethod=back_fill_from_next; ManufacturerSource=lookup_film; RawDescription=5441 - 3M PR 50 72""","false","","","2026-01-14","Imported from Zeroed Out Inventory tab","migration"
"IL-5725","Llumar","Llumar Frost NRM PS2","72","0","0","453L053","ZEROED","2026-01-14","2026-01-14","","","","LLUMAR|LLUMAR FROST NRM PS2","","","","","SourceSheet=Zeroed Out Inventory; SourceRow=865; DateMethod=back_fill_from_next; ManufacturerSource=lookup_film; RawDescription=5725 - Llumar Frost NRM PS2 72""","false","","","2026-01-14","Imported from Zeroed Out Inventory tab","migration"
"IL-5414","Llumar","Llumar Frost NRM PS2","72","0","0","463J079","ZEROED","2026-01-14","2026-01-14","","","","LLUMAR|LLUMAR FROST NRM PS2","","","","","SourceSheet=Zeroed Out Inventory; SourceRow=866; DateMethod=back_fill_from_next; ManufacturerSource=lookup_film; RawDescription=5414 - Llumar Frost NRM PS2 72""","false","","","2026-01-14","Imported from Zeroed Out Inventory tab","migration"
"IL-5901","Llumar","Llumar Frost NRM PS2","72","0","0","44B026","ZEROED","2026-01-14","2026-01-14","","","","LLUMAR|LLUMAR FROST NRM PS2","","","","","SourceSheet=Zeroed Out Inventory; SourceRow=867; DateMethod=back_fill_from_next; ManufacturerSource=lookup_film; RawDescription=5901 - Llumar Frost NRM PS2 72""","false","","","2026-01-14","Imported from Zeroed Out Inventory tab","migration"
"IL-5982","Llumar","Llumar Frost NRM PS2","36","0","0","414C075","ZEROED","2026-01-14","2026-01-14","","","","LLUMAR|LLUMAR FROST NRM PS2","","","","","SourceSheet=Zeroed Out Inventory; SourceRow=868; DateMethod=back_fill_from_next; ManufacturerSource=lookup_film; RawDescription=5982 - Llumar Frost NRM PS2 36""","false","","","2026-01-14","Imported from Zeroed Out Inventory tab","migration"
"IL-5436","Security","Madico Safetyshield 800","60","0","0","2.32683025E9","ZEROED","2026-01-14","2026-01-14","","","","SECURITY|MADICO SAFETYSHIELD 800","","","","","SourceSheet=Zeroed Out Inventory; SourceRow=869; DateMethod=back_fill_from_next; ManufacturerSource=lookup_film_width; RawDescription=5436 - Madico Safetyshield 800 60""","false","","","2026-01-14","Imported from Zeroed Out Inventory tab","migration"
"IL-3031","3M Solar","PRX 40 Ext","72","0","0","A256323751","ZEROED","2026-01-14","2026-01-14","","","","3M SOLAR|PRX 40 EXT","","","","","SourceSheet=Zeroed Out Inventory; SourceRow=870; DateMethod=back_fill_from_next; ManufacturerSource=default_vinyl; RawDescription=3031 - PRX 40 Ext 72""; ManufacturerReview=auto_high_confidence; ManufacturerBefore=Vinyl; ManufacturerAfter=3M Solar","false","","","2026-01-14","Imported from Zeroed Out Inventory tab","migration"
"IL-3199","3M Solar","3M Affinity 30","60","0","0","","ZEROED","2026-01-14","2026-01-14","","","","3M SOLAR|3M AFFINITY 30","","","","","SourceSheet=Zeroed Out Inventory; SourceRow=871; DateMethod=back_fill_from_next; ManufacturerSource=lookup_film_width; RawDescription=3199 - 3M  Affinity  30   60""","false","","","2026-01-14","Imported from Zeroed Out Inventory tab","migration"
"IL-4077","Llumar","Llumar Frost NRM PS2","48","0","0","463B042","ZEROED","2026-01-14","2026-01-14","","","","LLUMAR|LLUMAR FROST NRM PS2","","","","","SourceSheet=Zeroed Out Inventory; SourceRow=872; DateMethod=back_fill_from_next; ManufacturerSource=lookup_film_width; RawDescription=4077 - Llumar Frost NRM PS2 48""","false","","","2026-01-14","Imported from Zeroed Out Inventory tab","migration"
"M255","Solar Guard","SG Truevue 30","60","0","0","","ZEROED","2026-01-14","2026-01-14","","","","SOLAR GUARD|SG TRUEVUE 30","","","","","SourceSheet=Zeroed Out Inventory; SourceRow=875; DateMethod=back_fill_from_next; ManufacturerSource=lookup_film_width; RawDescription=M255 -SG  Truevue 30 60""","false","","","2026-01-14","Imported from Zeroed Out Inventory tab","migration"
"IL-5827","Security","Madico Safetyshield 800","48","0","0","2.400330027E9","ZEROED","2026-01-14","2026-01-14","","","","SECURITY|MADICO SAFETYSHIELD 800","","","","","SourceSheet=Zeroed Out Inventory; SourceRow=876; DateMethod=back_fill_from_next; ManufacturerSource=lookup_film_width; RawDescription=5827 - Madico Safetyshield 800 48""","false","","","2026-01-14","Imported from Zeroed Out Inventory tab","migration"
"IL-5817","Security","Madico Safetyshield 800","48","0","0","2.334230109E9","ZEROED","2026-01-14","2026-01-14","","","","SECURITY|MADICO SAFETYSHIELD 800","","","","","SourceSheet=Zeroed Out Inventory; SourceRow=877; DateMethod=back_fill_from_next; ManufacturerSource=lookup_film_width; RawDescription=5817 - Madico Safetyshield 800 48""","false","","","2026-01-14","Imported from Zeroed Out Inventory tab","migration"
"IL-5744","Security","Madico Safetyshield 800","48","0","0","2.334230155E9","ZEROED","2026-01-14","2026-01-14","","","","SECURITY|MADICO SAFETYSHIELD 800","","","","","SourceSheet=Zeroed Out Inventory; SourceRow=878; DateMethod=back_fill_from_next; ManufacturerSource=lookup_film_width; RawDescription=5744 - Madico Safetyshield 800 48""","false","","","2026-01-14","Imported from Zeroed Out Inventory tab","migration"
"IL-5177","Security","Madico Clear 7 Mil EXT CL700E","60","0","0","2.31653405E9","ZEROED","2026-01-14","2026-01-14","","","","SECURITY|MADICO CLEAR 7 MIL EXT CL700E","","","","","SourceSheet=Zeroed Out Inventory; SourceRow=880; DateMethod=back_fill_from_next; ManufacturerSource=keyword_security; RawDescription=5177 - Madico Clear 7 Mil EXT CL700E 60""","false","","","2026-01-14","Imported from Zeroed Out Inventory tab","migration"
"IL-5818","Security","Madico Safetyshield 800","72","0","0","2.333830198E9","ZEROED","2026-01-14","2026-01-14","","","","SECURITY|MADICO SAFETYSHIELD 800","","","","","SourceSheet=Zeroed Out Inventory; SourceRow=881; DateMethod=back_fill_from_next; ManufacturerSource=lookup_film_width; RawDescription=5818 - Madico Safetyshield 800 72""","false","","","2026-01-14","Imported from Zeroed Out Inventory tab","migration"
"IL-5843","Security","Madico Safetyshield 1500","72","0","0","2.400930361E9","ZEROED","2026-01-14","2026-01-14","","","","SECURITY|MADICO SAFETYSHIELD 1500","","","","","SourceSheet=Zeroed Out Inventory; SourceRow=882; DateMethod=back_fill_from_next; ManufacturerSource=lookup_film_width; RawDescription=5843 - Madico Safetyshield 1500 72""","false","","","2026-01-14","Imported from Zeroed Out Inventory tab","migration"
"IL-5866","Security","Madico Safetyshield 1500","60","0","0","2.402330484E9","ZEROED","2026-01-14","2026-01-14","","","","SECURITY|MADICO SAFETYSHIELD 1500","","","","","SourceSheet=Zeroed Out Inventory; SourceRow=883; DateMethod=back_fill_from_next; ManufacturerSource=lookup_film_width; RawDescription=5866 - Madico Safetyshield 1500 60""","false","","","2026-01-14","Imported from Zeroed Out Inventory tab","migration"
"IL-5867","Security","Madico Safetyshield 1500","72","0","0","2.400930363E9","ZEROED","2026-01-14","2026-01-14","","","","SECURITY|MADICO SAFETYSHIELD 1500","","","","","SourceSheet=Zeroed Out Inventory; SourceRow=884; DateMethod=back_fill_from_next; ManufacturerSource=lookup_film_width; RawDescription=5867 - Madico Safetyshield 1500 72""","false","","","2026-01-14","Imported from Zeroed Out Inventory tab","migration"
"IL-6031","3M Solar","3M PR 50","36","0","0","D269324616","ZEROED","2026-01-14","2026-01-14","","","","3M SOLAR|3M PR 50","","","","","SourceSheet=Zeroed Out Inventory; SourceRow=885; DateMethod=back_fill_from_next; ManufacturerSource=lookup_film; RawDescription=6031 - 3M PR 50 36""","false","","","2026-01-14","Imported from Zeroed Out Inventory tab","migration"
"IL-5745","Security","Madico Safetyshield 800","60","0","0","2.334230141E9","ZEROED","2026-01-14","2026-01-14","","","","SECURITY|MADICO SAFETYSHIELD 800","","","","","SourceSheet=Zeroed Out Inventory; SourceRow=886; DateMethod=back_fill_from_next; ManufacturerSource=lookup_film_width; RawDescription=5745 - Madico Safetyshield 800 60""","false","","","2026-01-14","Imported from Zeroed Out Inventory tab","migration"
"IL-5717","Security","Madico Safetyshield 1500","60","0","0","2.329730162E9","ZEROED","2026-01-14","2026-01-14","","","","SECURITY|MADICO SAFETYSHIELD 1500","","","","","SourceSheet=Zeroed Out Inventory; SourceRow=887; DateMethod=back_fill_from_next; ManufacturerSource=lookup_film_width; RawDescription=5717 - Madico Safetyshield 1500 60""","false","","","2026-01-14","Imported from Zeroed Out Inventory tab","migration"
"IL-5751","Security","Madico Safetyshield 1500","60","0","0","2.333530422E9","ZEROED","2026-01-14","2026-01-14","","","","SECURITY|MADICO SAFETYSHIELD 1500","","","","","SourceSheet=Zeroed Out Inventory; SourceRow=888; DateMethod=back_fill_from_next; ManufacturerSource=lookup_film_width; RawDescription=5751 - Madico Safetyshield 1500 60""","false","","","2026-01-14","Imported from Zeroed Out Inventory tab","migration"
"IL-5803","Security","Madico Safetyshield 1500","72","0","0","2.333430221E9","ZEROED","2026-01-14","2026-01-14","","","","SECURITY|MADICO SAFETYSHIELD 1500","","","","","SourceSheet=Zeroed Out Inventory; SourceRow=889; DateMethod=back_fill_from_next; ManufacturerSource=lookup_film_width; RawDescription=5803 - Madico Safetyshield 1500 72""","false","","","2026-01-14","Imported from Zeroed Out Inventory tab","migration"
"IL-5804","Security","Madico Safetyshield 1500","72","0","0","2.333430206E9","ZEROED","2026-01-14","2026-01-14","","","","SECURITY|MADICO SAFETYSHIELD 1500","","","","","SourceSheet=Zeroed Out Inventory; SourceRow=890; DateMethod=back_fill_from_next; ManufacturerSource=lookup_film_width; RawDescription=5804 - Madico Safetyshield 1500 72""","false","","","2026-01-14","Imported from Zeroed Out Inventory tab","migration"
"IL-5792","Security","Madico Safetyshield 800","48","0","0","2.334230299E9","ZEROED","2026-01-14","2026-01-14","","","","SECURITY|MADICO SAFETYSHIELD 800","","","","","SourceSheet=Zeroed Out Inventory; SourceRow=891; DateMethod=back_fill_from_next; ManufacturerSource=lookup_film_width; RawDescription=5792 - Madico Safetyshield 800 48""","false","","","2026-01-14","Imported from Zeroed Out Inventory tab","migration"
"IL-5793","Security","Madico Safetyshield 800","48","0","0","2.334230299E9","ZEROED","2026-01-14","2026-01-14","","","","SECURITY|MADICO SAFETYSHIELD 800","","","","","SourceSheet=Zeroed Out Inventory; SourceRow=892; DateMethod=back_fill_from_next; ManufacturerSource=lookup_film_width; RawDescription=5793 - Madico Safetyshield 800 48""","false","","","2026-01-14","Imported from Zeroed Out Inventory tab","migration"
"IL-5794","Security","Madico Safetyshield 800","48","0","0","2.334230295E9","ZEROED","2026-01-14","2026-01-14","","","","SECURITY|MADICO SAFETYSHIELD 800","","","","","SourceSheet=Zeroed Out Inventory; SourceRow=893; DateMethod=back_fill_from_next; ManufacturerSource=lookup_film_width; RawDescription=5794 - Madico Safetyshield 800 48""","false","","","2026-01-14","Imported from Zeroed Out Inventory tab","migration"
"IL-5795","Security","Madico Safetyshield 800","48","0","0","2.334230316E9","ZEROED","2026-01-14","2026-01-14","","","","SECURITY|MADICO SAFETYSHIELD 800","","","","","SourceSheet=Zeroed Out Inventory; SourceRow=894; DateMethod=back_fill_from_next; ManufacturerSource=lookup_film_width; RawDescription=5795 - Madico Safetyshield 800 48""","false","","","2026-01-14","Imported from Zeroed Out Inventory tab","migration"
"IL-5424","Security","Madico Safetyshield 800","60","0","0","2.324430265E9","ZEROED","2026-01-14","2026-01-14","","","","SECURITY|MADICO SAFETYSHIELD 800","","","","","SourceSheet=Zeroed Out Inventory; SourceRow=895; DateMethod=back_fill_from_next; ManufacturerSource=lookup_film_width; RawDescription=5424 - Madico Safetyshield 800 60""","false","","","2026-01-14","Imported from Zeroed Out Inventory tab","migration"
"IL-5435","Security","Madico Safetyshield 800","72","0","0","2.326430057E9","ZEROED","2026-01-14","2026-01-14","","","","SECURITY|MADICO SAFETYSHIELD 800","","","","","SourceSheet=Zeroed Out Inventory; SourceRow=896; DateMethod=back_fill_from_next; ManufacturerSource=lookup_film_width; RawDescription=5435 - Madico Safetyshield 800 72""","false","","","2026-01-14","Imported from Zeroed Out Inventory tab","migration"
"IL-5397","Security","Madico Safetyshield 1500","60","0","0","2.329730314E9","ZEROED","2026-01-14","2026-01-14","","","","SECURITY|MADICO SAFETYSHIELD 1500","","","","","SourceSheet=Zeroed Out Inventory; SourceRow=897; DateMethod=back_fill_from_next; ManufacturerSource=lookup_film_width; RawDescription=5397 - Madico Safetyshield 1500 60""","false","","","2026-01-14","Imported from Zeroed Out Inventory tab","migration"
"IL-5719","Security","Madico Safetyshield 1500","60","0","0","2.329830182E9","ZEROED","2026-01-14","2026-01-14","","","","SECURITY|MADICO SAFETYSHIELD 1500","","","","","SourceSheet=Zeroed Out Inventory; SourceRow=898; DateMethod=back_fill_from_next; ManufacturerSource=lookup_film_width; RawDescription=5719 - Madico Safetyshield 1500 60""","false","","","2026-01-14","Imported from Zeroed Out Inventory tab","migration"
"IL-5357","Solyx","Solyx Etched Leise Stripes SXC374","60","0","0","","ZEROED","2026-01-14","2026-01-14","","","","SOLYX|SOLYX ETCHED LEISE STRIPES SXC374","","","","","SourceSheet=Zeroed Out Inventory; SourceRow=900; DateMethod=back_fill_from_next; ManufacturerSource=lookup_film_width; RawDescription=5357 - Solyx Etched Leise Stripes SXC374 60""","false","","","2026-01-14","Imported from Zeroed Out Inventory tab","migration"
"IL-5133","Security","Madico Safetyshield 1500","72","0","0","2.314630045E9","ZEROED","2026-01-14","2026-01-14","","","","SECURITY|MADICO SAFETYSHIELD 1500","","","","","SourceSheet=Zeroed Out Inventory; SourceRow=901; DateMethod=back_fill_from_next; ManufacturerSource=lookup_film_width; RawDescription=5133 - Madico Safetyshield 1500 72""","false","","","2026-01-14","Imported from Zeroed Out Inventory tab","migration"
"IL-5797","Security","Madico Safetyshield 1500","60","0","0","2.334730337E9","ZEROED","2026-01-14","2026-01-14","","","","SECURITY|MADICO SAFETYSHIELD 1500","","","","","SourceSheet=Zeroed Out Inventory; SourceRow=902; DateMethod=back_fill_from_next; ManufacturerSource=lookup_film_width; RawDescription=5797 - Madico Safetyshield 1500 60""","false","","","2026-01-14","Imported from Zeroed Out Inventory tab","migration"
"IL-5824","Security","Madico Safetyshield 800","48","0","0","2.334130254E9","ZEROED","2026-01-14","2026-01-14","","","","SECURITY|MADICO SAFETYSHIELD 800","","","","","SourceSheet=Zeroed Out Inventory; SourceRow=903; DateMethod=back_fill_from_next; ManufacturerSource=lookup_film_width; RawDescription=5824 - Madico Safetyshield 800 48""","false","","","2026-01-14","Imported from Zeroed Out Inventory tab","migration"
"IL-6003","Fasara","3M Fasara Dusted Crystal 7725-314","60","0","0","G2405401","ZEROED","2026-01-14","2026-01-14","","","","FASARA|3M FASARA DUSTED CRYSTAL 7725-314","","","","","SourceSheet=Zeroed Out Inventory; SourceRow=904; DateMethod=back_fill_from_next; ManufacturerSource=lookup_film_width; RawDescription=6003 - 3M Fasara Dusted Crystal 7725-314 60""","false","","","2026-01-14","Imported from Zeroed Out Inventory tab","migration"
"IL-4066","Security","3M ULTRA S800","60","0","0","C238324388","ZEROED","2026-01-14","2026-01-14","","","","SECURITY|3M ULTRA S800","","","","","SourceSheet=Zeroed Out Inventory; SourceRow=905; DateMethod=back_fill_from_next; ManufacturerSource=lookup_film_width; RawDescription=4066 - 3M ULTRA S800 60""","false","","","2026-01-14","Imported from Zeroed Out Inventory tab","migration"
"IL-5989","Avery Dennison","Avery E-lite 45","72","0","0","R1921703","ZEROED","2026-01-14","2026-01-14","","","","AVERY DENNISON|AVERY E-LITE 45","","","","","SourceSheet=Zeroed Out Inventory; SourceRow=906; DateMethod=back_fill_from_next; ManufacturerSource=lookup_film; RawDescription=5989 - Avery E-lite 45 72""","false","","","2026-01-14","Imported from Zeroed Out Inventory tab","migration"
"IL-4068","Security","Madico SAFETYSHIELD 1500 CLEAR 15 MIL","72","0","0","","ZEROED","2026-01-14","2026-01-14","","","","SECURITY|MADICO SAFETYSHIELD 1500 CLEAR 15 MIL","","","","","SourceSheet=Zeroed Out Inventory; SourceRow=907; DateMethod=back_fill_from_next; ManufacturerSource=keyword_security; RawDescription=4068 -  Madico SAFETYSHIELD 1500 CLEAR 15 MIL 72""","false","","","2026-01-14","Imported from Zeroed Out Inventory tab","migration"
"IL-6058","Security","Madico Safetyshield 1500","60","0","0","2.410830095E9","ZEROED","2026-01-14","2026-01-14","","","","SECURITY|MADICO SAFETYSHIELD 1500","","","","","SourceSheet=Zeroed Out Inventory; SourceRow=908; DateMethod=back_fill_from_next; ManufacturerSource=lookup_film_width; RawDescription=6058 - Madico Safetyshield 1500 60""","false","","","2026-01-14","Imported from Zeroed Out Inventory tab","migration"
"IL-6059","Security","Madico Safetyshield 1500","60","0","0","2.410830091E9","ZEROED","2026-01-14","2026-01-14","","","","SECURITY|MADICO SAFETYSHIELD 1500","","","","","SourceSheet=Zeroed Out Inventory; SourceRow=909; DateMethod=back_fill_from_next; ManufacturerSource=lookup_film_width; RawDescription=6059 - Madico Safetyshield 1500 60""","false","","","2026-01-14","Imported from Zeroed Out Inventory tab","migration"
"IL-5006","Security","Madico Safetyshield 1500","72","0","0","2.236234024E9","ZEROED","2026-01-14","2026-01-14","","","","SECURITY|MADICO SAFETYSHIELD 1500","","","","","SourceSheet=Zeroed Out Inventory; SourceRow=910; DateMethod=back_fill_from_next; ManufacturerSource=lookup_film_width; RawDescription=5006 - Madico Safetyshield 1500 72""","false","","","2026-01-14","Imported from Zeroed Out Inventory tab","migration"
"IL-5048","Security","Madico Safetyshield 1500","60","0","0","2.311030565E9","ZEROED","2026-01-14","2026-01-14","","","","SECURITY|MADICO SAFETYSHIELD 1500","","","","","SourceSheet=Zeroed Out Inventory; SourceRow=911; DateMethod=back_fill_from_next; ManufacturerSource=lookup_film_width; RawDescription=5048 - Madico Safetyshield 1500 60""","false","","","2026-01-14","Imported from Zeroed Out Inventory tab","migration"
"IL-2271","Vinyl","Barcode","60","0","0","5.0164636E7","ZEROED","2026-01-14","2026-01-14","","","","VINYL|BARCODE","","","","","SourceSheet=Zeroed Out Inventory; SourceRow=912; DateMethod=back_fill_from_next; ManufacturerSource=keyword_vinyl; RawDescription=2271- Barcode 60""","false","","","2026-01-14","Imported from Zeroed Out Inventory tab","migration"
"IL-6022","Security","Madico Safetyshield 1500","72","0","0","2.410630353E9","ZEROED","2026-01-14","2026-01-14","","","","SECURITY|MADICO SAFETYSHIELD 1500","","","","","SourceSheet=Zeroed Out Inventory; SourceRow=913; DateMethod=back_fill_from_next; ManufacturerSource=lookup_film_width; RawDescription=6022 - Madico Safetyshield 1500 72""","false","","","2026-01-14","Imported from Zeroed Out Inventory tab","migration"
"IL-3514","Solar Guard","SG Slate 20","48","0","0","5.416613024E9","ZEROED","2026-01-14","2026-01-14","","","","SOLAR GUARD|SG SLATE 20","","","","","SourceSheet=Zeroed Out Inventory; SourceRow=914; DateMethod=back_fill_from_next; ManufacturerSource=lookup_film; RawDescription=3514 - SG Slate 20 48""","false","","","2026-01-14","Imported from Zeroed Out Inventory tab","migration"
"IL-5244","3M Solar","3M PR 20 EXT","72","0","0","C290324421","ZEROED","2026-01-14","2026-01-14","","","","3M SOLAR|3M PR 20 EXT","","","","","SourceSheet=Zeroed Out Inventory; SourceRow=915; DateMethod=back_fill_from_next; ManufacturerSource=lookup_film_width; RawDescription=5244 - 3M PR 20 EXT 72""","false","","","2026-01-14","Imported from Zeroed Out Inventory tab","migration"
"IL-5296","3M Solar","3M PR 20 EXT","60","0","0","","ZEROED","2026-01-14","2026-01-14","","","","3M SOLAR|3M PR 20 EXT","","","","","SourceSheet=Zeroed Out Inventory; SourceRow=917; DateMethod=back_fill_from_next; ManufacturerSource=lookup_film; RawDescription=5296 - 3M PR 20 EXT 60""","false","","","2026-01-14","Imported from Zeroed Out Inventory tab","migration"
"IL-5297","3M Solar","3M PR 20 EXT","60","0","0","","ZEROED","2026-01-14","2026-01-14","","","","3M SOLAR|3M PR 20 EXT","","","","","SourceSheet=Zeroed Out Inventory; SourceRow=918; DateMethod=back_fill_from_next; ManufacturerSource=lookup_film; RawDescription=5297 - 3M PR 20 EXT 60""","false","","","2026-01-14","Imported from Zeroed Out Inventory tab","migration"
"IL-6030","3M Solar","3M PR 50","48","0","0","D269324616","ZEROED","2026-01-14","2026-01-14","","","","3M SOLAR|3M PR 50","","","","","SourceSheet=Zeroed Out Inventory; SourceRow=919; DateMethod=back_fill_from_next; ManufacturerSource=lookup_film; RawDescription=6030 - 3M PR 50 48""","false","","","2026-01-14","Imported from Zeroed Out Inventory tab","migration"
"IL-4039","Avery Dennison","Avery ELite 70","48","0","0","2F3H1230A170505","ZEROED","2026-01-14","2026-01-14","","","","AVERY DENNISON|AVERY ELITE 70","","","","","SourceSheet=Zeroed Out Inventory; SourceRow=920; DateMethod=back_fill_from_next; ManufacturerSource=keyword_avery; RawDescription=4039 - Avery ELite 70 48""","false","","","2026-01-14","Imported from Zeroed Out Inventory tab","migration"
"IL-5136","Solar Guard","SG Truevue 05","60","0","0","5.424951019E9","ZEROED","2026-01-14","2026-01-14","","","","SOLAR GUARD|SG TRUEVUE 05","","","","","SourceSheet=Zeroed Out Inventory; SourceRow=921; DateMethod=back_fill_from_next; ManufacturerSource=lookup_film_width; RawDescription=5136 - SG Truevue 05 60""","false","","","2026-01-14","Imported from Zeroed Out Inventory tab","migration"
"IL-5219","Security","Madico Safetyshield 800","60","0","0","2.330630346E9","ZEROED","2026-01-14","2026-01-14","","","","SECURITY|MADICO SAFETYSHIELD 800","","","","","SourceSheet=Zeroed Out Inventory; SourceRow=922; DateMethod=back_fill_from_next; ManufacturerSource=lookup_film_width; RawDescription=5219 - Madico Safetyshield 800 60""","false","","","2026-01-14","Imported from Zeroed Out Inventory tab","migration"
"IL-5738","Security","Madico Safetyshield 800","60","0","0","2.330630339E9","ZEROED","2026-01-14","2026-01-14","","","","SECURITY|MADICO SAFETYSHIELD 800","","","","","SourceSheet=Zeroed Out Inventory; SourceRow=923; DateMethod=back_fill_from_next; ManufacturerSource=lookup_film_width; RawDescription=5738 - Madico Safetyshield 800 60""","false","","","2026-01-14","Imported from Zeroed Out Inventory tab","migration"
"IL-6131","Solyx","Solyx Whiteout SXWFWO","60","0","0","","ZEROED","2026-01-14","2026-01-14","","","","SOLYX|SOLYX WHITEOUT SXWFWO","","","","","SourceSheet=Zeroed Out Inventory; SourceRow=924; DateMethod=back_fill_from_next; ManufacturerSource=lookup_film_width; RawDescription=6131 - Solyx Whiteout SXWFWO 60""","false","","","2026-01-14","Imported from Zeroed Out Inventory tab","migration"
"IL-6135","Solyx","Solyx Whiteout SXWFWO","72","0","0","","ZEROED","2026-01-14","2026-01-14","","","","SOLYX|SOLYX WHITEOUT SXWFWO","","","","","SourceSheet=Zeroed Out Inventory; SourceRow=925; DateMethod=back_fill_from_next; ManufacturerSource=lookup_film_width; RawDescription=6135 - Solyx Whiteout SXWFWO 72""","false","","","2026-01-14","Imported from Zeroed Out Inventory tab","migration"
"IL-6136","Solyx","Solyx Whiteout SXWFWO","72","0","0","","ZEROED","2026-01-14","2026-01-14","","","","SOLYX|SOLYX WHITEOUT SXWFWO","","","","","SourceSheet=Zeroed Out Inventory; SourceRow=926; DateMethod=back_fill_from_next; ManufacturerSource=lookup_film_width; RawDescription=6136 - Solyx Whiteout SXWFWO 72""","false","","","2026-01-14","Imported from Zeroed Out Inventory tab","migration"
"IL-6137","Solyx","Solyx Whiteout SXWFWO","72","0","0","","ZEROED","2026-01-14","2026-01-14","","","","SOLYX|SOLYX WHITEOUT SXWFWO","","","","","SourceSheet=Zeroed Out Inventory; SourceRow=927; DateMethod=back_fill_from_next; ManufacturerSource=lookup_film_width; RawDescription=6137 - Solyx Whiteout SXWFWO 72""","false","","","2026-01-14","Imported from Zeroed Out Inventory tab","migration"
"IL-6144","Fasara","3M Fasara Glace SH2MAGL","50","0","0","106813175B","ZEROED","2026-01-14","2026-01-14","","","","FASARA|3M FASARA GLACE SH2MAGL","","","","","SourceSheet=Zeroed Out Inventory; SourceRow=928; DateMethod=back_fill_from_next; ManufacturerSource=lookup_film_width; RawDescription=6144 - 3M Fasara Glace SH2MAGL 50""","false","","","2026-01-14","Imported from Zeroed Out Inventory tab","migration"
"IL-6145","Fasara","3M Fasara Glace SH2MAGL","50","0","0","106813175A","ZEROED","2026-01-14","2026-01-14","","","","FASARA|3M FASARA GLACE SH2MAGL","","","","","SourceSheet=Zeroed Out Inventory; SourceRow=929; DateMethod=back_fill_from_next; ManufacturerSource=lookup_film_width; RawDescription=6145 - 3M Fasara Glace SH2MAGL 50""","false","","","2026-01-14","Imported from Zeroed Out Inventory tab","migration"
"IL-5890","Vinyl","3M Scotchcal Duranodic 3630-69","48","0","0","157010.0","ZEROED","2026-01-14","2026-01-14","","","","VINYL|3M SCOTCHCAL DURANODIC 3630-69","","","","","SourceSheet=Zeroed Out Inventory; SourceRow=930; DateMethod=back_fill_from_next; ManufacturerSource=lookup_film_width; RawDescription=5890 - 3M Scotchcal Duranodic 3630-69 48""","false","","","2026-01-14","Imported from Zeroed Out Inventory tab","migration"
"IL-6051","3M Solar","3M PR 50","36","0","0","D269324616","ZEROED","2026-01-14","2026-01-14","","","","3M SOLAR|3M PR 50","","","","","SourceSheet=Zeroed Out Inventory; SourceRow=931; DateMethod=back_fill_from_next; ManufacturerSource=lookup_film; RawDescription=6051 - 3M PR 50 36""","false","","","2026-01-14","Imported from Zeroed Out Inventory tab","migration"
"IL-6071","Solyx","Solyx White Dusted Matte SXJ-0550","60","0","0","","ZEROED","2026-01-14","2026-01-14","","","","SOLYX|SOLYX WHITE DUSTED MATTE SXJ-0550","","","","","SourceSheet=Zeroed Out Inventory; SourceRow=932; DateMethod=back_fill_from_next; ManufacturerSource=lookup_film_width; RawDescription=6071 - Solyx White Dusted Matte SXJ-0550 60""","false","","","2026-01-14","Imported from Zeroed Out Inventory tab","migration"
"IL-6073","Solyx","Solyx White Dusted Matte SXJ-0550","60","0","0","","ZEROED","2026-01-14","2026-01-14","","","","SOLYX|SOLYX WHITE DUSTED MATTE SXJ-0550","","","","","SourceSheet=Zeroed Out Inventory; SourceRow=933; DateMethod=back_fill_from_next; ManufacturerSource=lookup_film_width; RawDescription=6073 - Solyx White Dusted Matte SXJ-0550 60""","false","","","2026-01-14","Imported from Zeroed Out Inventory tab","migration"
"IL-5976","3M Solar","3M PR 70","48","0","0","E033324699","ZEROED","2026-01-14","2026-01-14","","","","3M SOLAR|3M PR 70","","","","","SourceSheet=Zeroed Out Inventory; SourceRow=934; DateMethod=back_fill_from_next; ManufacturerSource=lookup_film_width; RawDescription=5976 - 3M PR 70 48""","false","","","2026-01-14","Imported from Zeroed Out Inventory tab","migration"
"IL-6080","Security","Madico 7 Mil EXT CL700E","60","0","0","2.412730258E9","ZEROED","2026-01-14","2026-01-14","","","","SECURITY|MADICO 7 MIL EXT CL700E","","","","","SourceSheet=Zeroed Out Inventory; SourceRow=935; DateMethod=back_fill_from_next; ManufacturerSource=lookup_film_width; RawDescription=6080 - Madico 7 Mil EXT CL700E 60""","false","","","2026-01-14","Imported from Zeroed Out Inventory tab","migration"
"IL-6081","Security","Madico 7 Mil EXT CL700E","60","0","0","2.412730416E9","ZEROED","2026-01-14","2026-01-14","","","","SECURITY|MADICO 7 MIL EXT CL700E","","","","","SourceSheet=Zeroed Out Inventory; SourceRow=936; DateMethod=back_fill_from_next; ManufacturerSource=lookup_film_width; RawDescription=6081 - Madico 7 Mil EXT CL700E 60""","false","","","2026-01-14","Imported from Zeroed Out Inventory tab","migration"
"IL-6083","Security","Madico 7 Mil EXT CL700E","60","0","0","2.413730264E9","ZEROED","2026-01-14","2026-01-14","","","","SECURITY|MADICO 7 MIL EXT CL700E","","","","","SourceSheet=Zeroed Out Inventory; SourceRow=937; DateMethod=back_fill_from_next; ManufacturerSource=lookup_film_width; RawDescription=6083 - Madico 7 Mil EXT CL700E 60""","false","","","2026-01-14","Imported from Zeroed Out Inventory tab","migration"
"IL-6085","Security","Madico 7 Mil EXT CL700E","60","0","0","2.413730269E9","ZEROED","2026-01-14","2026-01-14","","","","SECURITY|MADICO 7 MIL EXT CL700E","","","","","SourceSheet=Zeroed Out Inventory; SourceRow=938; DateMethod=back_fill_from_next; ManufacturerSource=lookup_film_width; RawDescription=6085 -  Madico 7 Mil EXT CL700E 60""","false","","","2026-01-14","Imported from Zeroed Out Inventory tab","migration"
"IL-6086","Security","Madico 7 Mil EXT CL700E","72","0","0","2.413530288E9","ZEROED","2026-01-14","2026-01-14","","","","SECURITY|MADICO 7 MIL EXT CL700E","","","","","SourceSheet=Zeroed Out Inventory; SourceRow=939; DateMethod=back_fill_from_next; ManufacturerSource=lookup_film_width; RawDescription=6086 - Madico 7 Mil EXT CL700E 72""","false","","","2026-01-14","Imported from Zeroed Out Inventory tab","migration"
"IL-6087","Security","Madico 7 Mil EXT CL700E","72","0","0","2.413530418E9","ZEROED","2026-01-14","2026-01-14","","","","SECURITY|MADICO 7 MIL EXT CL700E","","","","","SourceSheet=Zeroed Out Inventory; SourceRow=940; DateMethod=back_fill_from_next; ManufacturerSource=lookup_film_width; RawDescription=6087 - Madico 7 Mil EXT CL700E 72""","false","","","2026-01-14","Imported from Zeroed Out Inventory tab","migration"
"IL-5675","3M Solar","3M PR 70","60","0","0","D081324485","ZEROED","2026-01-14","2026-01-14","","","","3M SOLAR|3M PR 70","","","","","SourceSheet=Zeroed Out Inventory; SourceRow=941; DateMethod=back_fill_from_next; ManufacturerSource=lookup_film_width; RawDescription=5675 - 3M PR 70 60""","false","","","2026-01-14","Imported from Zeroed Out Inventory tab","migration"
"IL-6000","3M Solar","3M PR 70","36","0","0","D264324614","ZEROED","2026-01-14","2026-01-14","","","","3M SOLAR|3M PR 70","","","","","SourceSheet=Zeroed Out Inventory; SourceRow=942; DateMethod=back_fill_from_next; ManufacturerSource=lookup_film_width; RawDescription=6000 - 3M PR 70 36""","false","","","2026-01-14","Imported from Zeroed Out Inventory tab","migration"
"IL-4091","3M Solar","3M PR 70","72","0","0","323506011C","ZEROED","2026-01-14","2026-01-14","","","","3M SOLAR|3M PR 70","","","","","SourceSheet=Zeroed Out Inventory; SourceRow=943; DateMethod=back_fill_from_next; ManufacturerSource=lookup_film_width; RawDescription=4091 - 3M PR 70 72""","false","","","2026-01-14","Imported from Zeroed Out Inventory tab","migration"
"IL-5124","3M Solar","3M PR 70","60","0","0","D028324453","ZEROED","2026-01-14","2026-01-14","","","","3M SOLAR|3M PR 70","","","","","SourceSheet=Zeroed Out Inventory; SourceRow=944; DateMethod=back_fill_from_next; ManufacturerSource=lookup_film_width; RawDescription=5124 - 3M PR 70 60""","false","","","2026-01-14","Imported from Zeroed Out Inventory tab","migration"
"IL-5368","Solar Guard","SG Truevue 40","72","0","0","5.423326053E9","ZEROED","2026-01-14","2026-01-14","","","","SOLAR GUARD|SG TRUEVUE 40","","","","","SourceSheet=Zeroed Out Inventory; SourceRow=945; DateMethod=back_fill_from_next; ManufacturerSource=lookup_film_width; RawDescription=5368 - SG Truevue 40 72""","false","","","2026-01-14","Imported from Zeroed Out Inventory tab","migration"
"IL-5780","Security","3M S140 SH14CLARL","60","0","0","232J","ZEROED","2026-01-14","2026-01-14","","","","SECURITY|3M S140 SH14CLARL","","","","","SourceSheet=Zeroed Out Inventory; SourceRow=947; DateMethod=back_fill_from_next; ManufacturerSource=lookup_film_width; RawDescription=5780 - 3M S140 SH14CLARL 60""","false","","","2026-01-14","Imported from Zeroed Out Inventory tab","migration"
"IL-5994","Security","3M S140 SH14CLARL","60","0","0","232J","ZEROED","2026-01-14","2026-01-14","","","","SECURITY|3M S140 SH14CLARL","","","","","SourceSheet=Zeroed Out Inventory; SourceRow=948; DateMethod=back_fill_from_next; ManufacturerSource=lookup_film_width; RawDescription=5994 - 3M S140 SH14CLARL 60""","false","","","2026-01-14","Imported from Zeroed Out Inventory tab","migration"
"IL-5809","Security","Madico Safetyshield 800","48","0","0","2.335530259E9","ZEROED","2026-01-14","2026-01-14","","","","SECURITY|MADICO SAFETYSHIELD 800","","","","","SourceSheet=Zeroed Out Inventory; SourceRow=949; DateMethod=back_fill_from_next; ManufacturerSource=lookup_film_width; RawDescription=5809 - Madico Safetyshield 800 48""","false","","","2026-01-14","Imported from Zeroed Out Inventory tab","migration"
"IL-5811","Security","Madico Safetyshield 800","48","0","0","2.334130239E9","ZEROED","2026-01-14","2026-01-14","","","","SECURITY|MADICO SAFETYSHIELD 800","","","","","SourceSheet=Zeroed Out Inventory; SourceRow=950; DateMethod=back_fill_from_next; ManufacturerSource=lookup_film_width; RawDescription=5811 - Madico Safetyshield 800 48""","false","","","2026-01-14","Imported from Zeroed Out Inventory tab","migration"
"IL-6011","Security","Madico Safetyshield 800","72","0","0","2.400230222E9","ZEROED","2026-01-14","2026-01-14","","","","SECURITY|MADICO SAFETYSHIELD 800","","","","","SourceSheet=Zeroed Out Inventory; SourceRow=951; DateMethod=back_fill_from_next; ManufacturerSource=lookup_film_width; RawDescription=6011 - Madico Safetyshield 800 72""","false","","","2026-01-14","Imported from Zeroed Out Inventory tab","migration"
"IL-6110","Fasara","3M Fasara Glace SH2MAGL","50","0","0","1.06089752E8","ZEROED","2026-01-14","2026-01-14","","","","FASARA|3M FASARA GLACE SH2MAGL","","","","","SourceSheet=Zeroed Out Inventory; SourceRow=952; DateMethod=back_fill_from_next; ManufacturerSource=lookup_film_width; RawDescription=6110 - 3M Fasara Glace SH2MAGL 50""","false","","","2026-01-14","Imported from Zeroed Out Inventory tab","migration"
"IL-6111","Fasara","3M Fasara Glace SH2MAGL","50","0","0","1.06089752E8","ZEROED","2026-01-14","2026-01-14","","","","FASARA|3M FASARA GLACE SH2MAGL","","","","","SourceSheet=Zeroed Out Inventory; SourceRow=953; DateMethod=back_fill_from_next; ManufacturerSource=lookup_film_width; RawDescription=6111 - 3M Fasara Glace SH2MAGL 50""","false","","","2026-01-14","Imported from Zeroed Out Inventory tab","migration"
"IL-6112","Fasara","3M Fasara Glace SH2MAGL","50","0","0","1.06089752E8","ZEROED","2026-01-14","2026-01-14","","","","FASARA|3M FASARA GLACE SH2MAGL","","","","","SourceSheet=Zeroed Out Inventory; SourceRow=954; DateMethod=back_fill_from_next; ManufacturerSource=lookup_film_width; RawDescription=6112 - 3M Fasara Glace SH2MAGL 50""","false","","","2026-01-14","Imported from Zeroed Out Inventory tab","migration"
"IL-6113","Fasara","3M Fasara Glace SH2MAGL","50","0","0","1.06089752E8","ZEROED","2026-01-14","2026-01-14","","","","FASARA|3M FASARA GLACE SH2MAGL","","","","","SourceSheet=Zeroed Out Inventory; SourceRow=955; DateMethod=back_fill_from_next; ManufacturerSource=lookup_film_width; RawDescription=6113 - 3M Fasara Glace SH2MAGL 50""","false","","","2026-01-14","Imported from Zeroed Out Inventory tab","migration"
"IL-6114","Fasara","3M Fasara Glace SH2MAGL","50","0","0","106813175B","ZEROED","2026-01-14","2026-01-14","","","","FASARA|3M FASARA GLACE SH2MAGL","","","","","SourceSheet=Zeroed Out Inventory; SourceRow=956; DateMethod=back_fill_from_next; ManufacturerSource=lookup_film_width; RawDescription=6114 - 3M Fasara Glace SH2MAGL 50""","false","","","2026-01-14","Imported from Zeroed Out Inventory tab","migration"
"IL-6115","Fasara","3M Fasara Glace SH2MAGL","50","0","0","106424707A","ZEROED","2026-01-14","2026-01-14","","","","FASARA|3M FASARA GLACE SH2MAGL","","","","","SourceSheet=Zeroed Out Inventory; SourceRow=957; DateMethod=back_fill_from_next; ManufacturerSource=lookup_film_width; RawDescription=6115 - 3M Fasara Glace SH2MAGL 50""","false","","","2026-01-14","Imported from Zeroed Out Inventory tab","migration"
"IL-6116","Fasara","3M Fasara Glace SH2MAGL","50","0","0","106424707A","ZEROED","2026-01-14","2026-01-14","","","","FASARA|3M FASARA GLACE SH2MAGL","","","","","SourceSheet=Zeroed Out Inventory; SourceRow=958; DateMethod=back_fill_from_next; ManufacturerSource=lookup_film_width; RawDescription=6116 - 3M Fasara Glace SH2MAGL 50""","false","","","2026-01-14","Imported from Zeroed Out Inventory tab","migration"
"IL-6117","Fasara","3M Fasara Glace SH2MAGL","50","0","0","106424707A","ZEROED","2026-01-14","2026-01-14","","","","FASARA|3M FASARA GLACE SH2MAGL","","","","","SourceSheet=Zeroed Out Inventory; SourceRow=959; DateMethod=back_fill_from_next; ManufacturerSource=lookup_film_width; RawDescription=6117 - 3M Fasara Glace SH2MAGL 50""","false","","","2026-01-14","Imported from Zeroed Out Inventory tab","migration"
"IL-6118","Fasara","3M Fasara Glace SH2MAGL","50","0","0","1.06563685E8","ZEROED","2026-01-14","2026-01-14","","","","FASARA|3M FASARA GLACE SH2MAGL","","","","","SourceSheet=Zeroed Out Inventory; SourceRow=960; DateMethod=back_fill_from_next; ManufacturerSource=lookup_film_width; RawDescription=6118 - 3M Fasara Glace SH2MAGL 50""","false","","","2026-01-14","Imported from Zeroed Out Inventory tab","migration"
"IL-6119","Fasara","3M Fasara Glace SH2MAGL","50","0","0","106813175B","ZEROED","2026-01-14","2026-01-14","","","","FASARA|3M FASARA GLACE SH2MAGL","","","","","SourceSheet=Zeroed Out Inventory; SourceRow=961; DateMethod=back_fill_from_next; ManufacturerSource=lookup_film_width; RawDescription=6119 - 3M Fasara Glace SH2MAGL 50""","false","","","2026-01-14","Imported from Zeroed Out Inventory tab","migration"
"IL-5842","Security","Madico Safetyshield 1500","72","0","0","2.400930383E9","ZEROED","2026-01-14","2026-01-14","","","","SECURITY|MADICO SAFETYSHIELD 1500","","","","","SourceSheet=Zeroed Out Inventory; SourceRow=962; DateMethod=back_fill_from_next; ManufacturerSource=lookup_film_width; RawDescription=5842 - Madico Safetyshield 1500 72""","false","","","2026-01-14","Imported from Zeroed Out Inventory tab","migration"
"IL-6091","3M Solar","3M Affinity 15","60","0","0","5.0824795E7","ZEROED","2026-01-14","2026-01-14","","","","3M SOLAR|3M AFFINITY 15","","","","","SourceSheet=Zeroed Out Inventory; SourceRow=963; DateMethod=back_fill_from_next; ManufacturerSource=lookup_film_width; RawDescription=6091 - 3M Affinity 15 60""","false","","","2026-01-14","Imported from Zeroed Out Inventory tab","migration"
"IL-6092","3M Solar","3M Affinity 15","60","0","0","5.0824795E7","ZEROED","2026-01-14","2026-01-14","","","","3M SOLAR|3M AFFINITY 15","","","","","SourceSheet=Zeroed Out Inventory; SourceRow=964; DateMethod=back_fill_from_next; ManufacturerSource=lookup_film_width; RawDescription=6092 - 3M Affinity 15 60""","false","","","2026-01-14","Imported from Zeroed Out Inventory tab","migration"
"IL-6062","Security","Madico Safetyshield 1500","60","0","0","2.408930242E9","ZEROED","2026-01-14","2026-01-14","","","","SECURITY|MADICO SAFETYSHIELD 1500","","","","","SourceSheet=Zeroed Out Inventory; SourceRow=965; DateMethod=back_fill_from_next; ManufacturerSource=lookup_film_width; RawDescription=6062 - Madico Safetyshield 1500 60""","false","","","2026-01-14","Imported from Zeroed Out Inventory tab","migration"
"IL-6097","Security","Madico Safetyshield 1500","60","0","0","2.41143016E9","ZEROED","2026-01-14","2026-01-14","","","","SECURITY|MADICO SAFETYSHIELD 1500","","","","","SourceSheet=Zeroed Out Inventory; SourceRow=966; DateMethod=back_fill_from_next; ManufacturerSource=lookup_film_width; RawDescription=6097 - Madico Safetyshield 1500 60""","false","","","2026-01-14","Imported from Zeroed Out Inventory tab","migration"
"IL-5998","Solyx","Solyx Whiteout SXWFWO","60","0","0","","ZEROED","2026-01-14","2026-01-14","","","","SOLYX|SOLYX WHITEOUT SXWFWO","","","","","SourceSheet=Zeroed Out Inventory; SourceRow=967; DateMethod=back_fill_from_next; ManufacturerSource=lookup_film_width; RawDescription=5998 - Solyx Whiteout SXWFWO 60""","false","","","2026-01-14","Imported from Zeroed Out Inventory tab","migration"
"IL-5826","Security","Madico Safetyshield 800","48","0","0","2.400330032E9","ZEROED","2026-01-14","2026-01-14","","","","SECURITY|MADICO SAFETYSHIELD 800","","","","","SourceSheet=Zeroed Out Inventory; SourceRow=968; DateMethod=back_fill_from_next; ManufacturerSource=lookup_film_width; RawDescription=5826 - Madico Safetyshield 800 48""","false","","","2026-01-14","Imported from Zeroed Out Inventory tab","migration"
"IL-5740","Security","Madico Safetyshield 800","60","0","0","2.401630193E9","ZEROED","2026-01-14","2026-01-14","","","","SECURITY|MADICO SAFETYSHIELD 800","","","","","SourceSheet=Zeroed Out Inventory; SourceRow=969; DateMethod=back_fill_from_next; ManufacturerSource=lookup_film_width; RawDescription=5740 - Madico Safetyshield 800 60""","false","","","2026-01-14","Imported from Zeroed Out Inventory tab","migration"
"IL-2691","Fasara","LEISE SH2FGLS","50","0","0","II-28C036","ZEROED","2026-01-14","2026-01-14","","","","FASARA|LEISE SH2FGLS","","","","","SourceSheet=Zeroed Out Inventory; SourceRow=970; DateMethod=back_fill_from_next; ManufacturerSource=keyword_fasara; RawDescription=2691- LEISE SH2FGLS  50""","false","","","2026-01-14","Imported from Zeroed Out Inventory tab","migration"
"IL-3082","Fasara","3M Leise SH2FGLS","50","0","0","SH-15C020","ZEROED","2026-01-14","2026-01-14","","","","FASARA|3M LEISE SH2FGLS","","","","","SourceSheet=Zeroed Out Inventory; SourceRow=971; DateMethod=back_fill_from_next; ManufacturerSource=keyword_fasara; RawDescription=3082 - 3M Leise SH2FGLS 50""","false","","","2026-01-14","Imported from Zeroed Out Inventory tab","migration"
"IL-6103","Fasara","3M Fasara Border Leise Horiz. SH2FGLS","50","0","0","1.06591795E8","ZEROED","2026-01-14","2026-01-14","","","","FASARA|3M FASARA BORDER LEISE HORIZ. SH2FGLS","","","","","SourceSheet=Zeroed Out Inventory; SourceRow=972; DateMethod=back_fill_from_next; ManufacturerSource=keyword_fasara; RawDescription=6103 - 3M Fasara Border Leise Horiz. SH2FGLS 50""","false","","","2026-01-14","Imported from Zeroed Out Inventory tab","migration"
"IL-5288","Security","Madico Safetyshield 800","60","0","0","2.315033025E9","ZEROED","2026-01-14","2026-01-14","","","","SECURITY|MADICO SAFETYSHIELD 800","","","","","SourceSheet=Zeroed Out Inventory; SourceRow=973; DateMethod=back_fill_from_next; ManufacturerSource=lookup_film_width; RawDescription=5288 - Madico Safetyshield 800 60""","false","","","2026-01-14","Imported from Zeroed Out Inventory tab","migration"
"IL-5218","Security","Madico Safetyshield 800","60","0","0","2.330630398E9","ZEROED","2026-01-14","2026-01-14","","","","SECURITY|MADICO SAFETYSHIELD 800","","","","","SourceSheet=Zeroed Out Inventory; SourceRow=974; DateMethod=back_fill_from_next; ManufacturerSource=lookup_film_width; RawDescription=5218 - Madico Safetyshield 800 60""","false","","","2026-01-14","Imported from Zeroed Out Inventory tab","migration"
"IL-5956","Security","3M Ultra S800","36","0","0","D173324553","ZEROED","2026-01-14","2026-01-14","","","","SECURITY|3M ULTRA S800","","","","","SourceSheet=Zeroed Out Inventory; SourceRow=975; DateMethod=back_fill_from_next; ManufacturerSource=lookup_film_width; RawDescription=5956 - 3M Ultra S800 36""","false","","","2026-01-14","Imported from Zeroed Out Inventory tab","migration"
"IL-5841","Security","3M Ultra S800","72","0","0","D351324671","ZEROED","2026-01-14","2026-01-14","","","","SECURITY|3M ULTRA S800","","","","","SourceSheet=Zeroed Out Inventory; SourceRow=976; DateMethod=back_fill_from_next; ManufacturerSource=lookup_film_width; RawDescription=5841 - 3M Ultra S800 72""","false","","","2026-01-14","Imported from Zeroed Out Inventory tab","migration"
"IL-6156","Llumar","Llumar Frost NRM PS2","72","0","0","454F037","ZEROED","2026-01-14","2026-01-14","","","","LLUMAR|LLUMAR FROST NRM PS2","","","","","SourceSheet=Zeroed Out Inventory; SourceRow=977; DateMethod=back_fill_from_next; ManufacturerSource=lookup_film; RawDescription=6156 - Llumar Frost NRM PS2 72""","false","","","2026-01-14","Imported from Zeroed Out Inventory tab","migration"
"IL-6029","Llumar","Llumar Frost NRM PS2","72","0","0","414D030","ZEROED","2026-01-14","2026-01-14","","","","LLUMAR|LLUMAR FROST NRM PS2","","","","","SourceSheet=Zeroed Out Inventory; SourceRow=978; DateMethod=back_fill_from_next; ManufacturerSource=lookup_film; RawDescription=6029 - Llumar Frost NRM PS2 72""","false","","","2026-01-14","Imported from Zeroed Out Inventory tab","migration"
"IL-5798","Security","Madico Safetyshield 1500","60","0","0","2.334730353E9","ZEROED","2026-01-14","2026-01-14","","","","SECURITY|MADICO SAFETYSHIELD 1500","","","","","SourceSheet=Zeroed Out Inventory; SourceRow=979; DateMethod=back_fill_from_next; ManufacturerSource=lookup_film_width; RawDescription=5798 - Madico Safetyshield 1500 60""","false","","","2026-01-14","Imported from Zeroed Out Inventory tab","migration"
"IL-2802","Llumar","V33","60","0","0","749F078","ZEROED","2026-01-14","2026-01-14","","","","LLUMAR|V33","","","","","SourceSheet=Zeroed Out Inventory; SourceRow=980; DateMethod=back_fill_from_next; ManufacturerSource=default_vinyl; RawDescription=2802- V33 60""; ManufacturerReview=auto_high_confidence; ManufacturerBefore=Vinyl; ManufacturerAfter=Llumar","false","","","2026-01-14","Imported from Zeroed Out Inventory tab","migration"
"IL-3055","Llumar","RN 07","60","0","0","481D061","ZEROED","2026-01-14","2026-01-14","","","","LLUMAR|RN 07","","","","","SourceSheet=Zeroed Out Inventory; SourceRow=981; DateMethod=back_fill_from_next; ManufacturerSource=default_vinyl; RawDescription=3055-  RN 07 60""; ManufacturerManualReview=move; ManufacturerBefore=Vinyl; ManufacturerAfter=Llumar; DecisionAtUtc=2026-03-14T22:43:33Z","false","","","2026-01-14","Imported from Zeroed Out Inventory tab","migration"
"IL-3337","3M Solar","DR 18 Cool","60","0","0","441J051P01","ZEROED","2026-01-14","2026-01-14","","","","3M SOLAR|DR 18 COOL","","","","","SourceSheet=Zeroed Out Inventory; SourceRow=982; DateMethod=back_fill_from_next; ManufacturerSource=default_vinyl; RawDescription=3337 - DR 18 Cool 60""; ManufacturerManualReview=move; ManufacturerBefore=Vinyl; ManufacturerAfter=3M Solar; DecisionAtUtc=2026-03-14T22:44:19Z","false","","","2026-01-14","Imported from Zeroed Out Inventory tab","migration"
"IL-3634","Llumar","Llumar Vista V33","48","0","0","472H050P02","ZEROED","2026-01-14","2026-01-14","","","","LLUMAR|LLUMAR VISTA V33","","","","","SourceSheet=Zeroed Out Inventory; SourceRow=983; DateMethod=back_fill_from_next; ManufacturerSource=lookup_film; RawDescription=3634 - Llumar Vista V33 48""","false","","","2026-01-14","Imported from Zeroed Out Inventory tab","migration"
"IL-3711","Llumar","Llumar RN-07","36","0","0","","ZEROED","2026-01-14","2026-01-14","","","","LLUMAR|LLUMAR RN-07","","","","","SourceSheet=Zeroed Out Inventory; SourceRow=984; DateMethod=back_fill_from_next; ManufacturerSource=keyword_llumar; RawDescription=3711 - Llumar RN-07 36""","false","","","2026-01-14","Imported from Zeroed Out Inventory tab","migration"
"IL-3835","Llumar","Llumar Vista 58 (V58)","48","0","0","","ZEROED","2026-01-14","2026-01-14","","","","LLUMAR|LLUMAR VISTA 58 (V58)","","","","","SourceSheet=Zeroed Out Inventory; SourceRow=985; DateMethod=back_fill_from_next; ManufacturerSource=lookup_film_width; RawDescription=3835 - Llumar Vista 58 (V58) 48""","false","","","2026-01-14","Imported from Zeroed Out Inventory tab","migration"
"IL-4094","Llumar","Llumar Vista V28","72","0","0","463C010P01","ZEROED","2026-01-14","2026-01-14","","","","LLUMAR|LLUMAR VISTA V28","","","","","SourceSheet=Zeroed Out Inventory; SourceRow=986; DateMethod=back_fill_from_next; ManufacturerSource=keyword_llumar; RawDescription=4094 - Llumar Vista V28 72""","false","","","2026-01-14","Imported from Zeroed Out Inventory tab","migration"
"IL-4095","Llumar","Llumar Vista V33","72","0","0","443A037P09","ZEROED","2026-01-14","2026-01-14","","","","LLUMAR|LLUMAR VISTA V33","","","","","SourceSheet=Zeroed Out Inventory; SourceRow=987; DateMethod=back_fill_from_next; ManufacturerSource=lookup_film_width; RawDescription=4095 - Llumar Vista V33 72""","false","","","2026-01-14","Imported from Zeroed Out Inventory tab","migration"
"IL-4092","Llumar","Llumar Vista V45","36","0","0","443A037P08","ZEROED","2026-01-14","2026-01-14","","","","LLUMAR|LLUMAR VISTA V45","","","","","SourceSheet=Zeroed Out Inventory; SourceRow=988; DateMethod=back_fill_from_next; ManufacturerSource=keyword_llumar; RawDescription=4092 - Llumar Vista V45 36""","false","","","2026-01-14","Imported from Zeroed Out Inventory tab","migration"
"IL-5204","Llumar","Llumar Frost NRM PS2","72","0","0","433G054","ZEROED","2026-01-14","2026-01-14","","","","LLUMAR|LLUMAR FROST NRM PS2","","","","","SourceSheet=Zeroed Out Inventory; SourceRow=989; DateMethod=back_fill_from_next; ManufacturerSource=lookup_film; RawDescription=5204 - Llumar Frost NRM PS2 72""","false","","","2026-01-14","Imported from Zeroed Out Inventory tab","migration"
"IL-5988","Llumar","Llumar V33","60","0","0","414C089P01","ZEROED","2026-01-14","2026-01-14","","","","LLUMAR|LLUMAR V33","","","","","SourceSheet=Zeroed Out Inventory; SourceRow=990; DateMethod=back_fill_from_next; ManufacturerSource=lookup_film; RawDescription=5988 - Llumar V33 60""","false","","","2026-01-14","Imported from Zeroed Out Inventory tab","migration"
"IL-3051","3M Solar","PRX 40","36","0","0","A256323751","ZEROED","2026-01-14","2026-01-14","","","","3M SOLAR|PRX 40","","","","","SourceSheet=Zeroed Out Inventory; SourceRow=991; DateMethod=back_fill_from_next; ManufacturerSource=default_vinyl; RawDescription=3051 - PRX 40 36""; ManufacturerReview=auto_high_confidence; ManufacturerBefore=Vinyl; ManufacturerAfter=3M Solar","false","","","2026-01-14","Imported from Zeroed Out Inventory tab","migration"
"IL-3407","3M Solar","3M PR 20","72","0","0","70-0063-4456-0","ZEROED","2026-01-14","2026-01-14","","","","3M SOLAR|3M PR 20","","","","","SourceSheet=Zeroed Out Inventory; SourceRow=992; DateMethod=back_fill_from_next; ManufacturerSource=lookup_film_width; RawDescription=3407 - 3M PR 20  72""","false","","","2026-01-14","Imported from Zeroed Out Inventory tab","migration"
"IL-3402","3M Solar","PR 50","48","0","0","","ZEROED","2026-01-14","2026-01-14","","","","3M SOLAR|PR 50","","","","","SourceSheet=Zeroed Out Inventory; SourceRow=993; DateMethod=back_fill_from_next; ManufacturerSource=default_vinyl; RawDescription=3402- PR 50  48""; ManufacturerReview=auto_high_confidence; ManufacturerBefore=Vinyl; ManufacturerAfter=3M Solar","false","","","2026-01-14","Imported from Zeroed Out Inventory tab","migration"
"IL-3635","3M Solar","3M NV 35","48","0","0","B316324164","ZEROED","2026-01-14","2026-01-14","","","","3M SOLAR|3M NV 35","","","","","SourceSheet=Zeroed Out Inventory; SourceRow=994; DateMethod=back_fill_from_next; ManufacturerSource=lookup_film; RawDescription=3635 - 3M NV 35 48""","false","","","2026-01-14","Imported from Zeroed Out Inventory tab","migration"
"IL-3667","3M Solar","3M PR 70","72","0","0","","ZEROED","2026-01-14","2026-01-14","","","","3M SOLAR|3M PR 70","","","","","SourceSheet=Zeroed Out Inventory; SourceRow=995; DateMethod=back_fill_from_next; ManufacturerSource=lookup_film_width; RawDescription=3667 - 3M PR 70 72""","false","","","2026-01-14","Imported from Zeroed Out Inventory tab","migration"
"IL-3673","3M Solar","PRX 20 Ext","60","0","0","","ZEROED","2026-01-14","2026-01-14","","","","3M SOLAR|PRX 20 EXT","","","","","SourceSheet=Zeroed Out Inventory; SourceRow=996; DateMethod=back_fill_from_next; ManufacturerSource=default_vinyl; RawDescription=3673 - PRX 20 Ext 60""; ManufacturerReview=auto_high_confidence; ManufacturerBefore=Vinyl; ManufacturerAfter=3M Solar","false","","","2026-01-14","Imported from Zeroed Out Inventory tab","migration"
"IL-3674","3M Solar","PRX 20 Ext","60","0","0","","ZEROED","2026-01-14","2026-01-14","","","","3M SOLAR|PRX 20 EXT","","","","","SourceSheet=Zeroed Out Inventory; SourceRow=997; DateMethod=back_fill_from_next; ManufacturerSource=default_vinyl; RawDescription=3674 - PRX 20 Ext 60""; ManufacturerReview=auto_high_confidence; ManufacturerBefore=Vinyl; ManufacturerAfter=3M Solar","false","","","2026-01-14","Imported from Zeroed Out Inventory tab","migration"
"IL-3675","3M Solar","PRX 40 Ext","60","0","0","","ZEROED","2026-01-14","2026-01-14","","","","3M SOLAR|PRX 40 EXT","","","","","SourceSheet=Zeroed Out Inventory; SourceRow=998; DateMethod=back_fill_from_next; ManufacturerSource=default_vinyl; RawDescription=3675 - PRX 40 Ext 60""; ManufacturerReview=auto_high_confidence; ManufacturerBefore=Vinyl; ManufacturerAfter=3M Solar","false","","","2026-01-14","Imported from Zeroed Out Inventory tab","migration"
"IL-3677","3M Solar","PRX 40 Ext","60","0","0","","ZEROED","2026-01-14","2026-01-14","","","","3M SOLAR|PRX 40 EXT","","","","","SourceSheet=Zeroed Out Inventory; SourceRow=999; DateMethod=back_fill_from_next; ManufacturerSource=default_vinyl; RawDescription=3677 - PRX 40 Ext 60""; ManufacturerReview=auto_high_confidence; ManufacturerBefore=Vinyl; ManufacturerAfter=3M Solar","false","","","2026-01-14","Imported from Zeroed Out Inventory tab","migration"
"IL-3780","3M Solar","3M PR 70","36","0","0","C032324221","ZEROED","2026-01-14","2026-01-14","","","","3M SOLAR|3M PR 70","","","","","SourceSheet=Zeroed Out Inventory; SourceRow=1000; DateMethod=back_fill_from_next; ManufacturerSource=lookup_film_width; RawDescription=3780 - 3M PR 70 36""","false","","","2026-01-14","Imported from Zeroed Out Inventory tab","migration"
"IL-3940","3M Solar","3M PR 50","48","0","0","","ZEROED","2026-01-14","2026-01-14","","","","3M SOLAR|3M PR 50","","","","","SourceSheet=Zeroed Out Inventory; SourceRow=1001; DateMethod=back_fill_from_next; ManufacturerSource=lookup_film; RawDescription=3940 - 3M PR 50 48""","false","","","2026-01-14","Imported from Zeroed Out Inventory tab","migration"
"IL-3946","3M Solar","3M PR 50","72","0","0","C169324330","ZEROED","2026-01-14","2026-01-14","","","","3M SOLAR|3M PR 50","","","","","SourceSheet=Zeroed Out Inventory; SourceRow=1002; DateMethod=back_fill_from_next; ManufacturerSource=lookup_film; RawDescription=3946 - 3M PR 50 72""","false","","","2026-01-14","Imported from Zeroed Out Inventory tab","migration"
"IL-3954","3M Solar","3M PR 70","72","0","0","","ZEROED","2026-01-14","2026-01-14","","","","3M SOLAR|3M PR 70","","","","","SourceSheet=Zeroed Out Inventory; SourceRow=1003; DateMethod=back_fill_from_next; ManufacturerSource=lookup_film_width; RawDescription=3954 - 3M PR 70 72""","false","","","2026-01-14","Imported from Zeroed Out Inventory tab","migration"
"IL-4057","3M Solar","3M PR 20 EXT","60","0","0","324219.0","ZEROED","2026-01-14","2026-01-14","","","","3M SOLAR|3M PR 20 EXT","","","","","SourceSheet=Zeroed Out Inventory; SourceRow=1004; DateMethod=back_fill_from_next; ManufacturerSource=lookup_film; RawDescription=4057 - 3M PR 20 EXT 60""","false","","","2026-01-14","Imported from Zeroed Out Inventory tab","migration"
"IL-4081","3M Solar","3M Privacy Mirror","60","0","0","3.4534126E7","ZEROED","2026-01-14","2026-01-14","","","","3M SOLAR|3M PRIVACY MIRROR","","","","","SourceSheet=Zeroed Out Inventory; SourceRow=1005; DateMethod=back_fill_from_next; ManufacturerSource=lookup_film_width; RawDescription=4081 - 3M Privacy Mirror 60""","false","","","2026-01-14","Imported from Zeroed Out Inventory tab","migration"
"M333","3M Solar","3M PR 70","72","0","0","C166324327","ZEROED","2026-01-14","2026-01-14","","","","3M SOLAR|3M PR 70","","","","","SourceSheet=Zeroed Out Inventory; SourceRow=1006; DateMethod=back_fill_from_next; ManufacturerSource=lookup_film_width; RawDescription=M333 - 3M PR 70 72""","false","","","2026-01-14","Imported from Zeroed Out Inventory tab","migration"
"IL-5277","3M Solar","3M PR 70 EXT","60","0","0","D033324458","ZEROED","2026-01-14","2026-01-14","","","","3M SOLAR|3M PR 70 EXT","","","","","SourceSheet=Zeroed Out Inventory; SourceRow=1007; DateMethod=back_fill_from_next; ManufacturerSource=lookup_film_width; RawDescription=5277 - 3M PR 70 EXT 60""","false","","","2026-01-14","Imported from Zeroed Out Inventory tab","migration"
"IL-3152","Fasara","3M Mare SH2FGMR","50","0","0","SN-28C047","ZEROED","2026-01-14","2026-01-14","","","","FASARA|3M MARE SH2FGMR","","","","","SourceSheet=Zeroed Out Inventory; SourceRow=1008; DateMethod=back_fill_from_next; ManufacturerSource=keyword_fasara; RawDescription=3152 - 3M Mare SH2FGMR 50""","false","","","2026-01-14","Imported from Zeroed Out Inventory tab","migration"
"IL-3195","3M Solar","3M Dusted Crystal 48"" (2 of 2)","48","0","0","G2102407","ZEROED","2026-01-14","2026-01-14","","","","3M SOLAR|3M DUSTED CRYSTAL 48"" (2 OF 2)","","","","","SourceSheet=Zeroed Out Inventory; SourceRow=1009; DateMethod=back_fill_from_next; ManufacturerSource=keyword_3m_default; RawDescription=3195- 3M Dusted Crystal 48"" (2 of 2)","false","","","2026-01-14","Imported from Zeroed Out Inventory tab","migration"
"IL-3301","Fasara","ILLUMINA SH2FGIM","50","0","0","CT-15C005","ZEROED","2026-01-14","2026-01-14","","","","FASARA|ILLUMINA SH2FGIM","","","","","SourceSheet=Zeroed Out Inventory; SourceRow=1010; DateMethod=back_fill_from_next; ManufacturerSource=keyword_fasara; RawDescription=3301- ILLUMINA SH2FGIM  50""","false","","","2026-01-14","Imported from Zeroed Out Inventory tab","migration"
"IL-3355","Fasara","FINE CRYSTAL SH2FNCR","50","0","0","JR451037873","ZEROED","2026-01-14","2026-01-14","","","","FASARA|FINE CRYSTAL SH2FNCR","","","","","SourceSheet=Zeroed Out Inventory; SourceRow=1011; DateMethod=back_fill_from_next; ManufacturerSource=keyword_fasara; RawDescription=3355- FINE CRYSTAL SH2FNCR  50""","false","","","2026-01-14","Imported from Zeroed Out Inventory tab","migration"
"IL-3644","Fasara","3M San Marino","60","0","0","","ZEROED","2026-01-14","2026-01-14","","","","FASARA|3M SAN MARINO","","","","","SourceSheet=Zeroed Out Inventory; SourceRow=1012; DateMethod=back_fill_from_next; ManufacturerSource=keyword_fasara; RawDescription=3644 - 3M San Marino 60""","false","","","2026-01-14","Imported from Zeroed Out Inventory tab","migration"
"IL-3520","Fasara","3M Matte Crystal SH2MACR1","50","0","0","","ZEROED","2026-01-14","2026-01-14","","","","FASARA|3M MATTE CRYSTAL SH2MACR1","","","","","SourceSheet=Zeroed Out Inventory; SourceRow=1013; DateMethod=back_fill_from_next; ManufacturerSource=lookup_film_width; RawDescription=3520 -  3M Matte Crystal SH2MACR1 50""","false","","","2026-01-14","Imported from Zeroed Out Inventory tab","migration"
"IL-3794","Fasara","3M Frost Opaque White SH2MAOW","50","0","0","","ZEROED","2026-01-14","2026-01-14","","","","FASARA|3M FROST OPAQUE WHITE SH2MAOW","","","","","SourceSheet=Zeroed Out Inventory; SourceRow=1014; DateMethod=back_fill_from_next; ManufacturerSource=keyword_fasara; RawDescription=3794 - 3M Frost Opaque White SH2MAOW 50""","false","","","2026-01-14","Imported from Zeroed Out Inventory tab","migration"
"IL-3966","Fasara","3M FASARA ""ILLUMINA BLACK (GRADIENT) SH2BKIM","60","0","0","","ZEROED","2026-01-14","2026-01-14","","","","FASARA|3M FASARA ""ILLUMINA BLACK (GRADIENT) SH2BKIM","","","","","SourceSheet=Zeroed Out Inventory; SourceRow=1015; DateMethod=back_fill_from_next; ManufacturerSource=keyword_fasara; RawDescription=3966 - 3M FASARA ""ILLUMINA BLACK (GRADIENT) SH2BKIM","false","","","2026-01-14","Imported from Zeroed Out Inventory tab","migration"
"IL-3996","Fasara","3M Frost Opaque Black SH2BKOP","50","0","0","","ZEROED","2026-01-14","2026-01-14","","","","FASARA|3M FROST OPAQUE BLACK SH2BKOP","","","","","SourceSheet=Zeroed Out Inventory; SourceRow=1016; DateMethod=back_fill_from_next; ManufacturerSource=keyword_fasara; RawDescription=3996 - 3M Frost Opaque Black SH2BKOP 50""","false","","","2026-01-14","Imported from Zeroed Out Inventory tab","migration"
"IL-5091","Fasara","3M Fasara Frosted Crystal 7725-324","48","0","0","4.3644545E7","ZEROED","2026-01-14","2026-01-14","","","","FASARA|3M FASARA FROSTED CRYSTAL 7725-324","","","","","SourceSheet=Zeroed Out Inventory; SourceRow=1017; DateMethod=back_fill_from_next; ManufacturerSource=lookup_film_width; RawDescription=5091 - 3M Fasara Frosted Crystal 7725-324 48""","false","","","2026-01-14","Imported from Zeroed Out Inventory tab","migration"
"IL-5154","Fasara","3M Fasara Matte Black Blockout 3635-22B","48","0","0","M2312401","ZEROED","2026-01-14","2026-01-14","","","","FASARA|3M FASARA MATTE BLACK BLOCKOUT 3635-22B","","","","","SourceSheet=Zeroed Out Inventory; SourceRow=1019; DateMethod=back_fill_from_next; ManufacturerSource=keyword_fasara; RawDescription=5154 - 3M Fasara Matte Black Blockout 3635-22B 48""","false","","","2026-01-14","Imported from Zeroed Out Inventory tab","migration"
"IL-5700","Fasara","3M Fasara Frosted Crystal 7725-324 48"" 24""x6'","48","0","0","125015.0","ZEROED","2026-01-14","2026-01-14","","","","FASARA|3M FASARA FROSTED CRYSTAL 7725-324 48"" 24""X6'","","","","","SourceSheet=Zeroed Out Inventory; SourceRow=1020; DateMethod=back_fill_from_next; ManufacturerSource=keyword_fasara; RawDescription=5700 - 3M Fasara Frosted Crystal 7725-324 48"" 24""x6'","false","","","2026-01-14","Imported from Zeroed Out Inventory tab","migration"
"IL-5882","Fasara","3M Fasara Fine Crystal SH2FNCR","50","0","0","106234181A","ZEROED","2026-01-14","2026-01-14","","","","FASARA|3M FASARA FINE CRYSTAL SH2FNCR","","","","","SourceSheet=Zeroed Out Inventory; SourceRow=1021; DateMethod=back_fill_from_next; ManufacturerSource=lookup_film_width; RawDescription=5882 - 3M Fasara Fine Crystal SH2FNCR 50""","false","","","2026-01-14","Imported from Zeroed Out Inventory tab","migration"
"IL-6151","Fasara","3M Fasara Milky Crystal SH2MLCRX","50","0","0","106839959B","ZEROED","2026-01-14","2026-01-14","","","","FASARA|3M FASARA MILKY CRYSTAL SH2MLCRX","","","","","SourceSheet=Zeroed Out Inventory; SourceRow=1022; DateMethod=back_fill_from_next; ManufacturerSource=lookup_film_width; RawDescription=6151 - 3M Fasara Milky Crystal SH2MLCRX 50""","false","","","2026-01-14","Imported from Zeroed Out Inventory tab","migration"
"IL-3551","Solar Guard","SG Panarama HiLite 70","72","0","0","","ZEROED","2026-01-14","2026-01-14","","","","SOLAR GUARD|SG PANARAMA HILITE 70","","","","","SourceSheet=Zeroed Out Inventory; SourceRow=1023; DateMethod=back_fill_from_next; ManufacturerSource=keyword_solar_guard; RawDescription=3551 - SG  Panarama HiLite 70  72""","false","","","2026-01-14","Imported from Zeroed Out Inventory tab","migration"
"IL-3799","Solar Guard","SG Slate 30","36","0","0","","ZEROED","2026-01-14","2026-01-14","","","","SOLAR GUARD|SG SLATE 30","","","","","SourceSheet=Zeroed Out Inventory; SourceRow=1024; DateMethod=back_fill_from_next; ManufacturerSource=lookup_film; RawDescription=3799 - SG Slate 30 36""","false","","","2026-01-14","Imported from Zeroed Out Inventory tab","migration"
"IL-3845","Solar Guard","SG TrueVue 15","60","0","0","","ZEROED","2026-01-14","2026-01-14","","","","SOLAR GUARD|SG TRUEVUE 15","","","","","SourceSheet=Zeroed Out Inventory; SourceRow=1025; DateMethod=back_fill_from_next; ManufacturerSource=lookup_film_width; RawDescription=3845 - SG TrueVue 15 60""","false","","","2026-01-14","Imported from Zeroed Out Inventory tab","migration"
"IL-3866","Solar Guard","SG TrueVue 15","60","0","0","5.417951014E9","ZEROED","2026-01-14","2026-01-14","","","","SOLAR GUARD|SG TRUEVUE 15","","","","","SourceSheet=Zeroed Out Inventory; SourceRow=1026; DateMethod=back_fill_from_next; ManufacturerSource=lookup_film_width; RawDescription=3866 - SG TrueVue 15 60""","false","","","2026-01-14","Imported from Zeroed Out Inventory tab","migration"
"IL-3969","Solar Guard","Solar Guard Slate 10","48","0","0","","ZEROED","2026-01-14","2026-01-14","","","","SOLAR GUARD|SOLAR GUARD SLATE 10","","","","","SourceSheet=Zeroed Out Inventory; SourceRow=1027; DateMethod=back_fill_from_next; ManufacturerSource=keyword_solar_guard; RawDescription=3969 - Solar Guard Slate 10 48""","false","","","2026-01-14","Imported from Zeroed Out Inventory tab","migration"
"IL-5042","Solar Guard","SG Truevue 05","48","0","0","5.423056047E9","ZEROED","2026-01-14","2026-01-14","","","","SOLAR GUARD|SG TRUEVUE 05","","","","","SourceSheet=Zeroed Out Inventory; SourceRow=1028; DateMethod=back_fill_from_next; ManufacturerSource=lookup_film_width; RawDescription=5042 - SG Truevue 05 48""","false","","","2026-01-14","Imported from Zeroed Out Inventory tab","migration"
"IL-5114","Solar Guard","SG Panorama Slate 10","72","0","0","5.423305036E9","ZEROED","2026-01-14","2026-01-14","","","","SOLAR GUARD|SG PANORAMA SLATE 10","","","","","SourceSheet=Zeroed Out Inventory; SourceRow=1029; DateMethod=back_fill_from_next; ManufacturerSource=keyword_solar_guard; RawDescription=5114 - SG Panorama Slate 10 72""","false","","","2026-01-14","Imported from Zeroed Out Inventory tab","migration"
"IL-5334","Solar Guard","SG Slate 10","60","0","0","5.423048004E9","ZEROED","2026-01-14","2026-01-14","","","","SOLAR GUARD|SG SLATE 10","","","","","SourceSheet=Zeroed Out Inventory; SourceRow=1030; DateMethod=back_fill_from_next; ManufacturerSource=lookup_film_width; RawDescription=5334 - SG Slate 10 60""","false","","","2026-01-14","Imported from Zeroed Out Inventory tab","migration"
"IL-5363","Solar Guard","SG Truevue 05","48","0","0","5.425711068E9","ZEROED","2026-01-14","2026-01-14","","","","SOLAR GUARD|SG TRUEVUE 05","","","","","SourceSheet=Zeroed Out Inventory; SourceRow=1031; DateMethod=back_fill_from_next; ManufacturerSource=lookup_film_width; RawDescription=5363- SG Truevue 05 48""","false","","","2026-01-14","Imported from Zeroed Out Inventory tab","migration"
"IL-5673","Solar Guard","SG Truevue 15","60","0","0","5.426453056E9","ZEROED","2026-01-14","2026-01-14","","","","SOLAR GUARD|SG TRUEVUE 15","","","","","SourceSheet=Zeroed Out Inventory; SourceRow=1032; DateMethod=back_fill_from_next; ManufacturerSource=lookup_film_width; RawDescription=5673 - SG Truevue 15 60""","false","","","2026-01-14","Imported from Zeroed Out Inventory tab","migration"
"IL-5715","Solar Guard","SG Truevue 15","60","0","0","5.425729021E9","ZEROED","2026-01-14","2026-01-14","","","","SOLAR GUARD|SG TRUEVUE 15","","","","","SourceSheet=Zeroed Out Inventory; SourceRow=1033; DateMethod=back_fill_from_next; ManufacturerSource=lookup_film_width; RawDescription=5715 - SG Truevue 15 60""","false","","","2026-01-14","Imported from Zeroed Out Inventory tab","migration"
"IL-5872","Solar Guard","SG Safety Clear 4 Mil","48","0","0","5.425572009E9","ZEROED","2026-01-14","2026-01-14","","","","SOLAR GUARD|SG SAFETY CLEAR 4 MIL","","","","","SourceSheet=Zeroed Out Inventory; SourceRow=1034; DateMethod=back_fill_from_next; ManufacturerSource=keyword_solar_guard; RawDescription=5872 - SG Safety Clear 4 Mil 48""","false","","","2026-01-14","Imported from Zeroed Out Inventory tab","migration"
"IL-2861","Security","Anti Graffiti-6","60","0","0","4.2020806E7","ZEROED","2026-01-14","2026-01-14","","","","SECURITY|ANTI GRAFFITI-6","","","","","SourceSheet=Zeroed Out Inventory; SourceRow=1035; DateMethod=back_fill_from_next; ManufacturerSource=keyword_security; RawDescription=2861 - Anti Graffiti-6 60""","false","","","2026-01-14","Imported from Zeroed Out Inventory tab","migration"
"IL-2994","3M Solar","3M 4Mil","60","0","0","202J6044S","ZEROED","2026-01-14","2026-01-14","","","","3M SOLAR|3M 4MIL","","","","","SourceSheet=Zeroed Out Inventory; SourceRow=1036; DateMethod=back_fill_from_next; ManufacturerSource=keyword_3m_default; RawDescription=2994 - 3M 4Mil 60""","false","","","2026-01-14","Imported from Zeroed Out Inventory tab","migration"
"IL-3002","Vinyl","S80 60"" (1of 2)","60","0","0","202M6014C","ZEROED","2026-01-14","2026-01-14","","","","VINYL|S80 60"" (1OF 2)","","","","","SourceSheet=Zeroed Out Inventory; SourceRow=1037; DateMethod=back_fill_from_next; ManufacturerSource=default_vinyl; RawDescription=3002- S80  60"" (1of 2); ManufacturerManualReview=keep; ManufacturerKept=Vinyl; DecisionAtUtc=2026-03-14T22:33:57Z","false","","","2026-01-14","Imported from Zeroed Out Inventory tab","migration"
"IL-3136","Security","Madico Optivision 15 9 mil","72","0","0","2.120933042E9","ZEROED","2026-01-14","2026-01-14","","","","SECURITY|MADICO OPTIVISION 15 9 MIL","","","","","SourceSheet=Zeroed Out Inventory; SourceRow=1038; DateMethod=back_fill_from_next; ManufacturerSource=keyword_security; RawDescription=3136 - Madico Optivision 15  9 mil 72""","false","","","2026-01-14","Imported from Zeroed Out Inventory tab","migration"
"IL-3577","Security","3M UltraS800","72","0","0","C083324264","ZEROED","2026-01-14","2026-01-14","","","","SECURITY|3M ULTRAS800","","","","","SourceSheet=Zeroed Out Inventory; SourceRow=1039; DateMethod=back_fill_from_next; ManufacturerSource=keyword_security; RawDescription=3577 - 3M UltraS800 72""","false","","","2026-01-14","Imported from Zeroed Out Inventory tab","migration"
"IL-3701","Security","3M S70 Ext","60","0","0","","ZEROED","2026-01-14","2026-01-14","","","","SECURITY|3M S70 EXT","","","","","SourceSheet=Zeroed Out Inventory; SourceRow=1040; DateMethod=back_fill_from_next; ManufacturerSource=lookup_film_width; RawDescription=3701 - 3M S70 Ext 60""","false","","","2026-01-14","Imported from Zeroed Out Inventory tab","migration"
"IL-3702","Security","3M SH4 CLARXL Exterior 4MIL","72","0","0","","ZEROED","2026-01-14","2026-01-14","","","","SECURITY|3M SH4 CLARXL EXTERIOR 4MIL","","","","","SourceSheet=Zeroed Out Inventory; SourceRow=1041; DateMethod=back_fill_from_next; ManufacturerSource=keyword_security; RawDescription=3702 - 3M SH4 CLARXL Exterior 4MIL 72""","false","","","2026-01-14","Imported from Zeroed Out Inventory tab","migration"
"IL-3774","Security","3M Anti Graffiti 4 MIL AG-4","72","0","0","7.100130388E9","ZEROED","2026-01-14","2026-01-14","","","","SECURITY|3M ANTI GRAFFITI 4 MIL AG-4","","","","","SourceSheet=Zeroed Out Inventory; SourceRow=1042; DateMethod=back_fill_from_next; ManufacturerSource=keyword_security; RawDescription=3774 - 3M Anti Graffiti 4 MIL AG-4 72""","false","","","2026-01-14","Imported from Zeroed Out Inventory tab","migration"
"IL-3846","Security","Madico Graffiti Free 6MIL 600 PS","60","0","0","","ZEROED","2026-01-14","2026-01-14","","","","SECURITY|MADICO GRAFFITI FREE 6MIL 600 PS","","","","","SourceSheet=Zeroed Out Inventory; SourceRow=1043; DateMethod=back_fill_from_next; ManufacturerSource=keyword_security; RawDescription=3846 - Madico Graffiti Free 6MIL 600 PS 60""","false","","","2026-01-14","Imported from Zeroed Out Inventory tab","migration"
"IL-3933","Security","3M Ultra S800","36","0","0","","ZEROED","2026-01-14","2026-01-14","","","","SECURITY|3M ULTRA S800","","","","","SourceSheet=Zeroed Out Inventory; SourceRow=1044; DateMethod=back_fill_from_next; ManufacturerSource=lookup_film_width; RawDescription=3933 - 3M Ultra S800 36""","false","","","2026-01-14","Imported from Zeroed Out Inventory tab","migration"
"IL-3975","Security","3M S800","36","0","0","","ZEROED","2026-01-14","2026-01-14","","","","SECURITY|3M S800","","","","","SourceSheet=Zeroed Out Inventory; SourceRow=1046; DateMethod=back_fill_from_next; ManufacturerSource=keyword_security; RawDescription=3975 - 3M S800 36""","false","","","2026-01-14","Imported from Zeroed Out Inventory tab","migration"
"IL-3974","Security","3M S800","36","0","0","","ZEROED","2026-01-14","2026-01-14","","","","SECURITY|3M S800","","","","","SourceSheet=Zeroed Out Inventory; SourceRow=1047; DateMethod=back_fill_from_next; ManufacturerSource=keyword_security; RawDescription=3974 - 3M S800 36""","false","","","2026-01-14","Imported from Zeroed Out Inventory tab","migration"
"IL-3976","Security","3M S800","60","0","0","","ZEROED","2026-01-14","2026-01-14","","","","SECURITY|3M S800","","","","","SourceSheet=Zeroed Out Inventory; SourceRow=1048; DateMethod=back_fill_from_next; ManufacturerSource=keyword_security; RawDescription=3976 - 3M S800 60""","false","","","2026-01-14","Imported from Zeroed Out Inventory tab","migration"
"IL-3986","Security","3M SH14CLARL 14 MIL","60","0","0","","ZEROED","2026-01-14","2026-01-14","","","","SECURITY|3M SH14CLARL 14 MIL","","","","","SourceSheet=Zeroed Out Inventory; SourceRow=1049; DateMethod=back_fill_from_next; ManufacturerSource=keyword_security; RawDescription=3986 - 3M SH14CLARL 14 MIL 60""","false","","","2026-01-14","Imported from Zeroed Out Inventory tab","migration"
"IL-3987","Security","3M SH14CLARL 14 MIL","60","0","0","","ZEROED","2026-01-14","2026-01-14","","","","SECURITY|3M SH14CLARL 14 MIL","","","","","SourceSheet=Zeroed Out Inventory; SourceRow=1050; DateMethod=back_fill_from_next; ManufacturerSource=keyword_security; RawDescription=3987 - 3M SH14CLARL 14 MIL 60""","false","","","2026-01-14","Imported from Zeroed Out Inventory tab","migration"
"IL-4020","Security","Madico SafetyShield 1500","60","0","0","","ZEROED","2026-01-14","2026-01-14","","","","SECURITY|MADICO SAFETYSHIELD 1500","","","","","SourceSheet=Zeroed Out Inventory; SourceRow=1051; DateMethod=back_fill_from_next; ManufacturerSource=lookup_film_width; RawDescription=4020 - Madico  SafetyShield 1500 60""","false","","","2026-01-14","Imported from Zeroed Out Inventory tab","migration"
"IL-4034","Security","3M S70 7MIL EXTERIOR","60","0","0","","ZEROED","2026-01-14","2026-01-14","","","","SECURITY|3M S70 7MIL EXTERIOR","","","","","SourceSheet=Zeroed Out Inventory; SourceRow=1052; DateMethod=back_fill_from_next; ManufacturerSource=keyword_security; RawDescription=4034 - 3M S70 7MIL EXTERIOR","false","","","2026-01-14","Imported from Zeroed Out Inventory tab","migration"
"IL-5050","Security","Madico Safetyshield 1500","60","0","0","2.311030564E9","ZEROED","2026-01-14","2026-01-14","","","","SECURITY|MADICO SAFETYSHIELD 1500","","","","","SourceSheet=Zeroed Out Inventory; SourceRow=1053; DateMethod=back_fill_from_next; ManufacturerSource=lookup_film_width; RawDescription=5050 - Madico Safetyshield 1500 60""","false","","","2026-01-14","Imported from Zeroed Out Inventory tab","migration"
"IL-5063","Security","3M S140 SH14CLARL","60","0","0","232C","ZEROED","2026-01-14","2026-01-14","","","","SECURITY|3M S140 SH14CLARL","","","","","SourceSheet=Zeroed Out Inventory; SourceRow=1054; DateMethod=back_fill_from_next; ManufacturerSource=lookup_film_width; RawDescription=5063 - 3M S140 SH14CLARL 60""","false","","","2026-01-14","Imported from Zeroed Out Inventory tab","migration"
"IL-5183","Security","Madico Safetyshield 800","60","0","0","2.315033023E9","ZEROED","2026-01-14","2026-01-14","","","","SECURITY|MADICO SAFETYSHIELD 800","","","","","SourceSheet=Zeroed Out Inventory; SourceRow=1055; DateMethod=back_fill_from_next; ManufacturerSource=lookup_film_width; RawDescription=5183 - Madico Safetyshield 800 60""","false","","","2026-01-14","Imported from Zeroed Out Inventory tab","migration"
"IL-5378","Security","Madico Safetyshield 800","60","0","0","2.315033026E9","ZEROED","2026-01-14","2026-01-14","","","","SECURITY|MADICO SAFETYSHIELD 800","","","","","SourceSheet=Zeroed Out Inventory; SourceRow=1056; DateMethod=back_fill_from_next; ManufacturerSource=lookup_film_width; RawDescription=5378 - Madico Safetyshield 800 60""","false","","","2026-01-14","Imported from Zeroed Out Inventory tab","migration"
"IL-5713","Security","3M Ultra NV 25","36","0","0","D227324589","ZEROED","2026-01-14","2026-01-14","","","","SECURITY|3M ULTRA NV 25","","","","","SourceSheet=Zeroed Out Inventory; SourceRow=1057; DateMethod=back_fill_from_next; ManufacturerSource=lookup_film_width; RawDescription=5713 - 3M Ultra NV 25 36""","false","","","2026-01-14","Imported from Zeroed Out Inventory tab","migration"
"IL-5914","Security","3M S70 EXT","60","0","0","D132324524","ZEROED","2026-01-14","2026-01-14","","","","SECURITY|3M S70 EXT","","","","","SourceSheet=Zeroed Out Inventory; SourceRow=1058; DateMethod=back_fill_from_next; ManufacturerSource=lookup_film_width; RawDescription=5914 - 3M S70 EXT 60""","false","","","2026-01-14","Imported from Zeroed Out Inventory tab","migration"
"IL-6128","Security","Madico Safetyshield 1500","60","0","0","2.411430086E9","ZEROED","2026-01-14","2026-01-14","","","","SECURITY|MADICO SAFETYSHIELD 1500","","","","","SourceSheet=Zeroed Out Inventory; SourceRow=1059; DateMethod=back_fill_from_next; ManufacturerSource=lookup_film_width; RawDescription=6128 - Madico Safetyshield 1500 60""","false","","","2026-01-14","Imported from Zeroed Out Inventory tab","migration"
"IL-2822","Solyx","DEEP ETCH SXGF-0097","60","0","0","","ZEROED","2026-01-14","2026-01-14","","","","SOLYX|DEEP ETCH SXGF-0097","","","","","SourceSheet=Zeroed Out Inventory; SourceRow=1060; DateMethod=back_fill_from_next; ManufacturerSource=keyword_solyx; RawDescription=2822 - DEEP ETCH SXGF-0097 60""","false","","","2026-01-14","Imported from Zeroed Out Inventory tab","migration"
"IL-4000","Solyx","Solyx Clear Frost SX-1301","48","0","0","","ZEROED","2026-01-14","2026-01-14","","","","SOLYX|SOLYX CLEAR FROST SX-1301","","","","","SourceSheet=Zeroed Out Inventory; SourceRow=1061; DateMethod=back_fill_from_next; ManufacturerSource=keyword_solyx; RawDescription=4000 - Solyx Clear Frost SX-1301 48""","false","","","2026-01-14","Imported from Zeroed Out Inventory tab","migration"
"IL-4001","Solyx","Solyx Chicago SX-9100","60","0","0","","ZEROED","2026-01-14","2026-01-14","","","","SOLYX|SOLYX CHICAGO SX-9100","","","","","SourceSheet=Zeroed Out Inventory; SourceRow=1062; DateMethod=back_fill_from_next; ManufacturerSource=keyword_solyx; RawDescription=4001 - Solyx Chicago SX-9100 60""","false","","","2026-01-14","Imported from Zeroed Out Inventory tab","migration"
"IL-4099","Solyx","Solyx SGC-6523-58 Simglas Coventry","58","0","0","","ZEROED","2026-01-14","2026-01-14","","","","SOLYX|SOLYX SGC-6523-58 SIMGLAS COVENTRY","","","","","SourceSheet=Zeroed Out Inventory; SourceRow=1063; DateMethod=back_fill_from_next; ManufacturerSource=keyword_solyx; RawDescription=4099 - Solyx SGC-6523-58 Simglas Coventry 58""","false","","","2026-01-14","Imported from Zeroed Out Inventory tab","migration"
"IL-5332","Solyx","Solyx Thatch Frost SX1580","48","0","0","","ZEROED","2026-01-14","2026-01-14","","","","SOLYX|SOLYX THATCH FROST SX1580","","","","","SourceSheet=Zeroed Out Inventory; SourceRow=1064; DateMethod=back_fill_from_next; ManufacturerSource=lookup_film_width; RawDescription=5332 - Solyx Thatch Frost SX1580 48""","false","","","2026-01-14","Imported from Zeroed Out Inventory tab","migration"
"IL-5687","Solyx","Solar Graphics Amber 2400","60","0","0","","ZEROED","2026-01-14","2026-01-14","","","","SOLYX|SOLAR GRAPHICS AMBER 2400","","","","","SourceSheet=Zeroed Out Inventory; SourceRow=1065; DateMethod=back_fill_from_next; ManufacturerSource=lookup_film_width; RawDescription=5687 - Solar Graphics Amber 2400 60""","false","","","2026-01-14","Imported from Zeroed Out Inventory tab","migration"
"IL-5786","Solyx","Solyx Clear Frosted Safety SXGF0500","54","0","0","","ZEROED","2026-01-14","2026-01-14","","","","SOLYX|SOLYX CLEAR FROSTED SAFETY SXGF0500","","","","","SourceSheet=Zeroed Out Inventory; SourceRow=1066; DateMethod=back_fill_from_next; ManufacturerSource=keyword_solyx; RawDescription=5786 - Solyx Clear Frosted Safety SXGF0500 54""","false","","","2026-01-14","Imported from Zeroed Out Inventory tab","migration"
"IL-5876","Solyx","Solyx Olive/Gold Dusted Leaf SX3145","48","0","0","","ZEROED","2026-01-14","2026-01-14","","","","SOLYX|SOLYX OLIVE/GOLD DUSTED LEAF SX3145","","","","","SourceSheet=Zeroed Out Inventory; SourceRow=1067; DateMethod=back_fill_from_next; ManufacturerSource=keyword_solyx; RawDescription=5876 - Solyx Olive/Gold Dusted Leaf SX3145 48""","false","","","2026-01-14","Imported from Zeroed Out Inventory tab","migration"
"IL-5891","Solyx","Solyx Clear Luster SXWV0200","60","0","0","","ZEROED","2026-01-14","2026-01-14","","","","SOLYX|SOLYX CLEAR LUSTER SXWV0200","","","","","SourceSheet=Zeroed Out Inventory; SourceRow=1068; DateMethod=back_fill_from_next; ManufacturerSource=keyword_solyx; RawDescription=5891 - Solyx Clear Luster SXWV0200 60""","false","","","2026-01-14","Imported from Zeroed Out Inventory tab","migration"
"IL-6132","Solyx","Solyx Whiteout SXWFWO","72","0","0","","ZEROED","2026-01-14","2026-01-14","","","","SOLYX|SOLYX WHITEOUT SXWFWO","","","","","SourceSheet=Zeroed Out Inventory; SourceRow=1069; DateMethod=back_fill_from_next; ManufacturerSource=lookup_film_width; RawDescription=6132 - Solyx Whiteout SXWFWO 72""","false","","","2026-01-14","Imported from Zeroed Out Inventory tab","migration"
"IL-2157","Avery Dennison","Titan 7 Xtra","60","0","0","RC0840397","ZEROED","2026-01-14","2026-01-14","","","","AVERY DENNISON|TITAN 7 XTRA","","","","","SourceSheet=Zeroed Out Inventory; SourceRow=1070; DateMethod=back_fill_from_next; ManufacturerSource=lookup_film_width; RawDescription=2157 - Titan 7 Xtra 60""","false","","","2026-01-14","Imported from Zeroed Out Inventory tab","migration"
"IL-2545","Avery Dennison","Titan 7 Xtra","60","0","0","","ZEROED","2026-01-14","2026-01-14","","","","AVERY DENNISON|TITAN 7 XTRA","","","","","SourceSheet=Zeroed Out Inventory; SourceRow=1071; DateMethod=back_fill_from_next; ManufacturerSource=lookup_film_width; RawDescription=2545 - Titan 7 Xtra 60""","false","","","2026-01-14","Imported from Zeroed Out Inventory tab","migration"
"IL-2693","Avery Dennison","Titan 7 Xtra","60","0","0","","ZEROED","2026-01-14","2026-01-14","","","","AVERY DENNISON|TITAN 7 XTRA","","","","","SourceSheet=Zeroed Out Inventory; SourceRow=1072; DateMethod=back_fill_from_next; ManufacturerSource=lookup_film_width; RawDescription=2693 - Titan 7 Xtra 60""","false","","","2026-01-14","Imported from Zeroed Out Inventory tab","migration"
"IL-3286","Avery Dennison","Skylite 20 XTRM","60","0","0","RU061763","ZEROED","2026-01-14","2026-01-14","","","","AVERY DENNISON|SKYLITE 20 XTRM","","","","","SourceSheet=Zeroed Out Inventory; SourceRow=1073; DateMethod=back_fill_from_next; ManufacturerSource=default_vinyl; RawDescription=3286 - Skylite 20 XTRM 60""; ManufacturerManualReview=move; ManufacturerBefore=Vinyl; ManufacturerAfter=Avery Dennison; DecisionAtUtc=2026-03-14T22:32:30Z","false","","","2026-01-14","Imported from Zeroed Out Inventory tab","migration"
"IL-3388","Vinyl","Fellers Oracal 651 Sky Blue","48","0","0","","ZEROED","2026-01-14","2026-01-14","","","","VINYL|FELLERS ORACAL 651 SKY BLUE","","","","","SourceSheet=Zeroed Out Inventory; SourceRow=1074; DateMethod=back_fill_from_next; ManufacturerSource=keyword_vinyl; RawDescription=3388 - Fellers Oracal 651 Sky Blue 48""","false","","","2026-01-14","Imported from Zeroed Out Inventory tab","migration"
"IL-3619","Vinyl","Fellers Oracal 751 Black Matte","48","0","0","","ZEROED","2026-01-14","2026-01-14","","","","VINYL|FELLERS ORACAL 751 BLACK MATTE","","","","","SourceSheet=Zeroed Out Inventory; SourceRow=1075; DateMethod=back_fill_from_next; ManufacturerSource=keyword_vinyl; RawDescription=3619 - Fellers Oracal 751 Black Matte 48""","false","","","2026-01-14","Imported from Zeroed Out Inventory tab","migration"
"IL-3078","3M Solar","3M S40 Clear","60","0","0","202J6252N","ZEROED","2026-01-14","2026-01-14","","","","3M SOLAR|3M S40 CLEAR","","","","","SourceSheet=Zeroed Out Inventory; SourceRow=1076; DateMethod=back_fill_from_next; ManufacturerSource=keyword_3m_default; RawDescription=3078 - 3M S40 Clear 60""","false","","","2026-01-14","Imported from Zeroed Out Inventory tab","migration"
"IL-5695","Fasara","3M Black Electrocut 7725-12","48","0","0","125022.0","ZEROED","2026-01-14","2026-01-14","","","","FASARA|3M BLACK ELECTROCUT 7725-12","","","","","SourceSheet=Zeroed Out Inventory; SourceRow=1077; DateMethod=back_fill_from_next; ManufacturerSource=lookup_film_width; RawDescription=5695 - 3M Black Electrocut 7725-12 48""","false","","","2026-01-14","Imported from Zeroed Out Inventory tab","migration"
"IL-3258","Vinyl","WHITE CAULK","60","0","0","","ZEROED","2026-01-14","2026-01-14","","","","VINYL|WHITE CAULK","","","","","SourceSheet=Zeroed Out Inventory; SourceRow=1078; DateMethod=back_fill_from_next; ManufacturerSource=keyword_vinyl; RawDescription=3258 - WHITE CAULK","false","","","2026-01-14","Imported from Zeroed Out Inventory tab","migration"
"IL-3338","Vinyl","CLEAR CAULK SPECTRUM","60","0","0","","ZEROED","2026-01-14","2026-01-14","","","","VINYL|CLEAR CAULK SPECTRUM","","","","","SourceSheet=Zeroed Out Inventory; SourceRow=1079; DateMethod=back_fill_from_next; ManufacturerSource=keyword_vinyl; RawDescription=3338- CLEAR CAULK SPECTRUM","false","","","2026-01-14","Imported from Zeroed Out Inventory tab","migration"
"IL-3724","Vinyl","Dow 995 White","60","0","0","","ZEROED","2026-01-14","2026-01-14","","","","VINYL|DOW 995 WHITE","","","","","SourceSheet=Zeroed Out Inventory; SourceRow=1080; DateMethod=back_fill_from_next; ManufacturerSource=keyword_vinyl; RawDescription=3724 - Dow 995 White","false","","","2026-01-14","Imported from Zeroed Out Inventory tab","migration"
"IL-5294","Vinyl","DOW 795 Bronze","60","0","0","","ZEROED","2026-01-14","2026-01-14","","","","VINYL|DOW 795 BRONZE","","","","","SourceSheet=Zeroed Out Inventory; SourceRow=1081; DateMethod=back_fill_from_next; ManufacturerSource=keyword_vinyl; RawDescription=5294 - DOW 795 Bronze","false","","","2026-01-14","Imported from Zeroed Out Inventory tab","migration"
"IL-3326","Vinyl","DOW 995 CORNING SILICONE BLACK","60","0","0","","ZEROED","2026-01-14","2026-01-14","","","","VINYL|DOW 995 CORNING SILICONE BLACK","","","","","SourceSheet=Zeroed Out Inventory; SourceRow=1082; DateMethod=back_fill_from_next; ManufacturerSource=keyword_vinyl; RawDescription=3326 - DOW 995 CORNING SILICONE BLACK","false","","","2026-01-14","Imported from Zeroed Out Inventory tab","migration"
"IL-5359","Vinyl","DOW 995 White","60","0","0","","ZEROED","2026-01-14","2026-01-14","","","","VINYL|DOW 995 WHITE","","","","","SourceSheet=Zeroed Out Inventory; SourceRow=1083; DateMethod=back_fill_from_next; ManufacturerSource=keyword_vinyl; RawDescription=5359 - DOW 995 White","false","","","2026-01-14","Imported from Zeroed Out Inventory tab","migration"
"IL-6060","Vinyl","Dow 995 White","60","0","0","","ZEROED","2026-01-14","2026-01-14","","","","VINYL|DOW 995 WHITE","","","","","SourceSheet=Zeroed Out Inventory; SourceRow=1084; DateMethod=back_fill_from_next; ManufacturerSource=keyword_vinyl; RawDescription=6060 - Dow 995 White","false","","","2026-01-14","Imported from Zeroed Out Inventory tab","migration"
"IL-6170","Security","3M Ultra S800","60","0","0","E115324768","ZEROED","2026-01-14","2026-01-14","","","","SECURITY|3M ULTRA S800","","","","","SourceSheet=Zeroed Out Inventory; SourceRow=1085; DateMethod=back_fill_from_next; ManufacturerSource=lookup_film_width; RawDescription=6170 - 3M Ultra S800 60""","false","","","2026-01-14","Imported from Zeroed Out Inventory tab","migration"
"IL-6025","Security","3M Ultra S800","72","0","0","D352324672","ZEROED","2026-01-14","2026-01-14","","","","SECURITY|3M ULTRA S800","","","","","SourceSheet=Zeroed Out Inventory; SourceRow=1086; DateMethod=back_fill_from_next; ManufacturerSource=lookup_film_width; RawDescription=6025 - 3M Ultra S800 72""","false","","","2026-01-14","Imported from Zeroed Out Inventory tab","migration"
"IL-6026","Security","3M Ultra S800","72","0","0","D352324672","ZEROED","2026-01-14","2026-01-14","","","","SECURITY|3M ULTRA S800","","","","","SourceSheet=Zeroed Out Inventory; SourceRow=1087; DateMethod=back_fill_from_next; ManufacturerSource=lookup_film_width; RawDescription=6026 - 3M Ultra S800 72""","false","","","2026-01-14","Imported from Zeroed Out Inventory tab","migration"
"IL-6173","Security","3M S140 SH14CLARL","60","0","0","232L","ZEROED","2026-01-14","2026-01-14","","","","SECURITY|3M S140 SH14CLARL","","","","","SourceSheet=Zeroed Out Inventory; SourceRow=1088; DateMethod=back_fill_from_next; ManufacturerSource=lookup_film_width; RawDescription=6173 - 3M S140 SH14CLARL 60""","false","","","2026-01-14","Imported from Zeroed Out Inventory tab","migration"
"IL-6174","Security","3M S140 SH14CLARL","60","0","0","232L","ZEROED","2026-01-14","2026-01-14","","","","SECURITY|3M S140 SH14CLARL","","","","","SourceSheet=Zeroed Out Inventory; SourceRow=1089; DateMethod=back_fill_from_next; ManufacturerSource=lookup_film_width; RawDescription=6174 - 3M S140 SH14CLARL 60""","false","","","2026-01-14","Imported from Zeroed Out Inventory tab","migration"
"IL-6177","Security","3M S140 SH14CLARL","60","0","0","232L","ZEROED","2026-01-14","2026-01-14","","","","SECURITY|3M S140 SH14CLARL","","","","","SourceSheet=Zeroed Out Inventory; SourceRow=1090; DateMethod=back_fill_from_next; ManufacturerSource=lookup_film_width; RawDescription=6177 - 3M S140 SH14CLARL 60""","false","","","2026-01-14","Imported from Zeroed Out Inventory tab","migration"
"IL-6169","Security","3M Ultra S800","36","0","0","E068324728","ZEROED","2026-01-14","2026-01-14","","","","SECURITY|3M ULTRA S800","","","","","SourceSheet=Zeroed Out Inventory; SourceRow=1091; DateMethod=back_fill_from_next; ManufacturerSource=lookup_film_width; RawDescription=6169 - 3M Ultra S800 36""","false","","","2026-01-14","Imported from Zeroed Out Inventory tab","migration"
"IL-6048","3M Solar","3M PR 50","48","0","0","D269324616","ZEROED","2026-01-14","2026-01-14","","","","3M SOLAR|3M PR 50","","","","","SourceSheet=Zeroed Out Inventory; SourceRow=1092; DateMethod=back_fill_from_next; ManufacturerSource=lookup_film; RawDescription=6048 - 3M PR 50 48""","false","","","2026-01-14","Imported from Zeroed Out Inventory tab","migration"
"IL-5447","3M Solar","3M PR 70 EXT","60","0","0","D150324535","ZEROED","2026-01-14","2026-01-14","","","","3M SOLAR|3M PR 70 EXT","","","","","SourceSheet=Zeroed Out Inventory; SourceRow=1093; DateMethod=back_fill_from_next; ManufacturerSource=lookup_film_width; RawDescription=5447 - 3M PR 70 EXT 60""","false","","","2026-01-14","Imported from Zeroed Out Inventory tab","migration"
"IL-3256","Solyx","SOL SXF-5050 TOTAL LIGHT BLOCK OUT","60","0","0","","ZEROED","2026-01-14","2026-01-14","","","","SOLYX|SOL SXF-5050 TOTAL LIGHT BLOCK OUT","","","","","SourceSheet=Zeroed Out Inventory; SourceRow=1094; DateMethod=back_fill_from_next; ManufacturerSource=lookup_film_width; RawDescription=3256 - SOL  SXF-5050 TOTAL LIGHT BLOCK OUT 60""","false","","","2026-01-14","Imported from Zeroed Out Inventory tab","migration"
"IL-6183","Security","Madico Safetyshield 1500","60","0","0","2.416630285E9","ZEROED","2026-01-14","2026-01-14","","","","SECURITY|MADICO SAFETYSHIELD 1500","","","","","SourceSheet=Zeroed Out Inventory; SourceRow=1095; DateMethod=back_fill_from_next; ManufacturerSource=lookup_film_width; RawDescription=6183 - Madico Safetyshield 1500 60""","false","","","2026-01-14","Imported from Zeroed Out Inventory tab","migration"
"IL-3878","Security","MADICO SAFETY SHIELD 1500","60","0","0","","ZEROED","2026-01-14","2026-01-14","","","","SECURITY|MADICO SAFETY SHIELD 1500","","","","","SourceSheet=Zeroed Out Inventory; SourceRow=1096; DateMethod=back_fill_from_next; ManufacturerSource=keyword_security; RawDescription=3878 - MADICO SAFETY SHIELD 1500 60""","false","","","2026-01-14","Imported from Zeroed Out Inventory tab","migration"
"IL-3754","Security","Madico Safetyshield 1500 15MIL","60","0","0","","ZEROED","2026-01-14","2026-01-14","","","","SECURITY|MADICO SAFETYSHIELD 1500 15MIL","","","","","SourceSheet=Zeroed Out Inventory; SourceRow=1097; DateMethod=back_fill_from_next; ManufacturerSource=keyword_security; RawDescription=3754 - Madico Safetyshield 1500 15MIL 60""","false","","","2026-01-14","Imported from Zeroed Out Inventory tab","migration"
"IL-5799","Security","Madico Safetyshield 1500","72","0","0","2.335230136E9","ZEROED","2026-01-14","2026-01-14","","","","SECURITY|MADICO SAFETYSHIELD 1500","","","","","SourceSheet=Zeroed Out Inventory; SourceRow=1098; DateMethod=back_fill_from_next; ManufacturerSource=lookup_film_width; RawDescription=5799 - Madico Safetyshield 1500 72""","false","","","2026-01-14","Imported from Zeroed Out Inventory tab","migration"
"IL-5813","Security","Madico Safetyshield 800","48","0","0","2.400530238E9","ZEROED","2026-01-14","2026-01-14","","","","SECURITY|MADICO SAFETYSHIELD 800","","","","","SourceSheet=Zeroed Out Inventory; SourceRow=1099; DateMethod=back_fill_from_next; ManufacturerSource=lookup_film_width; RawDescription=5813 - Madico Safetyshield 800 48""","false","","","2026-01-14","Imported from Zeroed Out Inventory tab","migration"
"IL-5963","Security","Madico Safetyshield 800","48","0","0","2.407930162E9","ZEROED","2026-01-14","2026-01-14","","","","SECURITY|MADICO SAFETYSHIELD 800","","","","","SourceSheet=Zeroed Out Inventory; SourceRow=1100; DateMethod=back_fill_from_next; ManufacturerSource=lookup_film_width; RawDescription=5963 - Madico Safetyshield 800 48""","false","","","2026-01-14","Imported from Zeroed Out Inventory tab","migration"
"IL-5825","Security","Madico Safetyshield 800","48","0","0","2.400330063E9","ZEROED","2026-01-14","2026-01-14","","","","SECURITY|MADICO SAFETYSHIELD 800","","","","","SourceSheet=Zeroed Out Inventory; SourceRow=1101; DateMethod=back_fill_from_next; ManufacturerSource=lookup_film_width; RawDescription=5825 - Madico Safetyshield 800 48""","false","","","2026-01-14","Imported from Zeroed Out Inventory tab","migration"
"IL-6123","Security","Madico Safetyshield 800","48","0","0","2.334130232E9","ZEROED","2026-01-14","2026-01-14","","","","SECURITY|MADICO SAFETYSHIELD 800","","","","","SourceSheet=Zeroed Out Inventory; SourceRow=1102; DateMethod=back_fill_from_next; ManufacturerSource=lookup_film_width; RawDescription=6123 - Madico Safetyshield 800 48""","false","","","2026-01-14","Imported from Zeroed Out Inventory tab","migration"
"IL-5895","Security","3M Ultra S800","72","0","0","E019324683","ZEROED","2026-01-14","2026-01-14","","","","SECURITY|3M ULTRA S800","","","","","SourceSheet=Zeroed Out Inventory; SourceRow=1103; DateMethod=back_fill_from_next; ManufacturerSource=lookup_film_width; RawDescription=5895 - 3M Ultra S800 72""","false","","","2026-01-14","Imported from Zeroed Out Inventory tab","migration"
"IL-6196","3M Solar","3M PR 20 EXT","72","0","0","E179324833","ZEROED","2026-01-14","2026-01-14","","","","3M SOLAR|3M PR 20 EXT","","","","","SourceSheet=Zeroed Out Inventory; SourceRow=1104; DateMethod=back_fill_from_next; ManufacturerSource=lookup_film_width; RawDescription=6196 - 3M PR 20 EXT 72""","false","","","2026-01-14","Imported from Zeroed Out Inventory tab","migration"
"IL-5073","Security","3M S140 SH14CLARL","60","0","0","232C","ZEROED","2026-01-14","2026-01-14","","","","SECURITY|3M S140 SH14CLARL","","","","","SourceSheet=Zeroed Out Inventory; SourceRow=1105; DateMethod=back_fill_from_next; ManufacturerSource=lookup_film_width; RawDescription=5073 - 3M S140 SH14CLARL 60""","false","","","2026-01-14","Imported from Zeroed Out Inventory tab","migration"
"IL-6229","Fasara","3M Fasara Shutie Vertical SH2FGST","50","0","0","1.0647609E8","ZEROED","2026-01-14","2026-01-14","","","","FASARA|3M FASARA SHUTIE VERTICAL SH2FGST","","","","","SourceSheet=Zeroed Out Inventory; SourceRow=1106; DateMethod=back_fill_from_next; ManufacturerSource=lookup_film_width; RawDescription=6229 - 3M Fasara Shutie Vertical SH2FGST 50""","false","","","2026-01-14","Imported from Zeroed Out Inventory tab","migration"
"IL-6230","Fasara","3M Fasara Shutie Vertical SH2FGST","50","0","0","1.06673305E8","ZEROED","2026-01-14","2026-01-14","","","","FASARA|3M FASARA SHUTIE VERTICAL SH2FGST","","","","","SourceSheet=Zeroed Out Inventory; SourceRow=1107; DateMethod=back_fill_from_next; ManufacturerSource=lookup_film_width; RawDescription=6230 - 3M Fasara Shutie Vertical SH2FGST 50""","false","","","2026-01-14","Imported from Zeroed Out Inventory tab","migration"
"IL-3884","Solyx","Solyx White Sand Matte 60"" SX1409","60","0","0","","ZEROED","2026-01-14","2026-01-14","","","","SOLYX|SOLYX WHITE SAND MATTE 60"" SX1409","","","","","SourceSheet=Zeroed Out Inventory; SourceRow=1108; DateMethod=back_fill_from_next; ManufacturerSource=keyword_solyx; RawDescription=3884 - Solyx White Sand Matte 60"" SX1409","false","","","2026-01-14","Imported from Zeroed Out Inventory tab","migration"
"IL-6224","Security","Madico Safetyshield 1500","60","0","0","2.424730049E9","ZEROED","2026-01-14","2026-01-14","","","","SECURITY|MADICO SAFETYSHIELD 1500","","","","","SourceSheet=Zeroed Out Inventory; SourceRow=1109; DateMethod=back_fill_from_next; ManufacturerSource=lookup_film_width; RawDescription=6224 - Madico Safetyshield 1500 60""","false","","","2026-01-14","Imported from Zeroed Out Inventory tab","migration"
"IL-6098","Security","Madico Safetyshield 1500","72","0","0","2.410630325E9","ZEROED","2026-01-14","2026-01-14","","","","SECURITY|MADICO SAFETYSHIELD 1500","","","","","SourceSheet=Zeroed Out Inventory; SourceRow=1110; DateMethod=back_fill_from_next; ManufacturerSource=lookup_film_width; RawDescription=6098 - Madico Safetyshield 1500 72""","false","","","2026-01-14","Imported from Zeroed Out Inventory tab","migration"
"IL-6241","Security","Madico Safetyshield 1500","72","0","0","2.424730139E9","ZEROED","2026-01-14","2026-01-14","","","","SECURITY|MADICO SAFETYSHIELD 1500","","","","","SourceSheet=Zeroed Out Inventory; SourceRow=1111; DateMethod=back_fill_from_next; ManufacturerSource=lookup_film_width; RawDescription=6241 - Madico Safetyshield 1500 72""","false","","","2026-01-14","Imported from Zeroed Out Inventory tab","migration"
"IL-5020","3M Solar","3M PR 20 EXT.","60","0","0","","ZEROED","2026-01-14","2026-01-14","","","","3M SOLAR|3M PR 20 EXT.","","","","","SourceSheet=Zeroed Out Inventory; SourceRow=1112; DateMethod=back_fill_from_next; ManufacturerSource=lookup_film; RawDescription=5020 - 3M PR 20 EXT. 60""","false","","","2026-01-14","Imported from Zeroed Out Inventory tab","migration"
"IL-6206","Solar Guard","SG Slate 30","36","0","0","5.432871064E9","ZEROED","2026-01-14","2026-01-14","","","","SOLAR GUARD|SG SLATE 30","","","","","SourceSheet=Zeroed Out Inventory; SourceRow=1114; DateMethod=back_fill_from_next; ManufacturerSource=lookup_film; RawDescription=6206 - SG Slate 30 36""","false","","","2026-01-14","Imported from Zeroed Out Inventory tab","migration"
"IL-6199","Security","3M Ultra S800","36","0","0","E071324729","ZEROED","2026-01-14","2026-01-14","","","","SECURITY|3M ULTRA S800","","","","","SourceSheet=Zeroed Out Inventory; SourceRow=1115; DateMethod=back_fill_from_next; ManufacturerSource=lookup_film_width; RawDescription=6199 - 3M Ultra S800 36""","false","","","2026-01-14","Imported from Zeroed Out Inventory tab","migration"
"IL-6200","Security","3M Ultra S800","36","0","0","E074324731","ZEROED","2026-01-14","2026-01-14","","","","SECURITY|3M ULTRA S800","","","","","SourceSheet=Zeroed Out Inventory; SourceRow=1116; DateMethod=back_fill_from_next; ManufacturerSource=lookup_film_width; RawDescription=6200 - 3M Ultra S800 36""","false","","","2026-01-14","Imported from Zeroed Out Inventory tab","migration"
"IL-6201","Security","3M Ultra S800","36","0","0","E068324728","ZEROED","2026-01-14","2026-01-14","","","","SECURITY|3M ULTRA S800","","","","","SourceSheet=Zeroed Out Inventory; SourceRow=1117; DateMethod=back_fill_from_next; ManufacturerSource=lookup_film_width; RawDescription=6201 - 3M Ultra S800 36""","false","","","2026-01-14","Imported from Zeroed Out Inventory tab","migration"
"IL-6209","Solar Guard","SG Slate 30","48","0","0","5.432709047E9","ZEROED","2026-01-14","2026-01-14","","","","SOLAR GUARD|SG SLATE 30","","","","","SourceSheet=Zeroed Out Inventory; SourceRow=1118; DateMethod=back_fill_from_next; ManufacturerSource=lookup_film; RawDescription=6209 - SG Slate 30 48""","false","","","2026-01-14","Imported from Zeroed Out Inventory tab","migration"
"IL-5880","Fasara","3M Fasara Dusted Crystal 7725-314","48","0","0","G2334321","ZEROED","2026-01-14","2026-01-14","","","","FASARA|3M FASARA DUSTED CRYSTAL 7725-314","","","","","SourceSheet=Zeroed Out Inventory; SourceRow=1119; DateMethod=back_fill_from_next; ManufacturerSource=lookup_film_width; RawDescription=5880 - 3M Fasara Dusted Crystal 7725-314 48""","false","","","2026-01-14","Imported from Zeroed Out Inventory tab","migration"
"IL-6141","Security","3M Ultra S800","72","0","0","E074324731","ZEROED","2026-01-14","2026-01-14","","","","SECURITY|3M ULTRA S800","","","","","SourceSheet=Zeroed Out Inventory; SourceRow=1120; DateMethod=back_fill_from_next; ManufacturerSource=lookup_film_width; RawDescription=6141 - 3M Ultra S800 72""","false","","","2026-01-14","Imported from Zeroed Out Inventory tab","migration"
"IL-5123","Solyx","Solyx Reeded Glass 1/4"" Bars SX1262","54","0","0","","ZEROED","2026-01-14","2026-01-14","","","","SOLYX|SOLYX REEDED GLASS 1/4"" BARS SX1262","","","","","SourceSheet=Zeroed Out Inventory; SourceRow=1121; DateMethod=back_fill_from_next; ManufacturerSource=keyword_solyx; RawDescription=5123 - Solyx Reeded Glass 1/4"" Bars SX1262 54""","false","","","2026-01-14","Imported from Zeroed Out Inventory tab","migration"
"IL-6245","Fasara","3M Fasara Shutie Vertical SH2FGST","50","0","0","305654.0","ZEROED","2026-01-14","2026-01-14","","","","FASARA|3M FASARA SHUTIE VERTICAL SH2FGST","","","","","SourceSheet=Zeroed Out Inventory; SourceRow=1122; DateMethod=back_fill_from_next; ManufacturerSource=lookup_film_width; RawDescription=6245 - 3M Fasara Shutie Vertical SH2FGST 50""","false","","","2026-01-14","Imported from Zeroed Out Inventory tab","migration"
"IL-6213","Solar Guard","SG Slate 10","48","0","0","5.433199006E9","ZEROED","2026-01-14","2026-01-14","","","","SOLAR GUARD|SG SLATE 10","","","","","SourceSheet=Zeroed Out Inventory; SourceRow=1123; DateMethod=back_fill_from_next; ManufacturerSource=lookup_film_width; RawDescription=6213 - SG Slate 10 48""","false","","","2026-01-14","Imported from Zeroed Out Inventory tab","migration"
"IL-6215","Solar Guard","SG Slate 10","48","0","0","","ZEROED","2026-01-14","2026-01-14","","","","SOLAR GUARD|SG SLATE 10","","","","","SourceSheet=Zeroed Out Inventory; SourceRow=1124; DateMethod=back_fill_from_next; ManufacturerSource=lookup_film_width; RawDescription=6215 - SG Slate 10 48""","false","","","2026-01-14","Imported from Zeroed Out Inventory tab","migration"
"IL-6240","Security","Madico Safetyshield 1500","60","0","0","2.424330329E9","ZEROED","2026-01-14","2026-01-14","","","","SECURITY|MADICO SAFETYSHIELD 1500","","","","","SourceSheet=Zeroed Out Inventory; SourceRow=1125; DateMethod=back_fill_from_next; ManufacturerSource=lookup_film_width; RawDescription=6240 - Madico Safetyshield 1500 60""","false","","","2026-01-14","Imported from Zeroed Out Inventory tab","migration"
"IL-6242","Security","Madico Safetyshield 1500","72","0","0","2.422830457E9","ZEROED","2026-01-14","2026-01-14","","","","SECURITY|MADICO SAFETYSHIELD 1500","","","","","SourceSheet=Zeroed Out Inventory; SourceRow=1126; DateMethod=back_fill_from_next; ManufacturerSource=lookup_film_width; RawDescription=6242 - Madico Safetyshield 1500 72""","false","","","2026-01-14","Imported from Zeroed Out Inventory tab","migration"
"IL-6243","Security","Madico Safetyshield 1500","72","0","0","2.422830465E9","ZEROED","2026-01-14","2026-01-14","","","","SECURITY|MADICO SAFETYSHIELD 1500","","","","","SourceSheet=Zeroed Out Inventory; SourceRow=1127; DateMethod=back_fill_from_next; ManufacturerSource=lookup_film_width; RawDescription=6243 - Madico Safetyshield 1500 72""","false","","","2026-01-14","Imported from Zeroed Out Inventory tab","migration"
"IL-5781","Security","3M S140 SH14CLARL","60","0","0","232J","ZEROED","2026-01-14","2026-01-14","","","","SECURITY|3M S140 SH14CLARL","","","","","SourceSheet=Zeroed Out Inventory; SourceRow=1128; DateMethod=back_fill_from_next; ManufacturerSource=lookup_film_width; RawDescription=5781 - 3M S140 SH14CLARL 60""","false","","","2026-01-14","Imported from Zeroed Out Inventory tab","migration"
"IL-5253","Llumar","Llumar RN 07","60","0","0","453G027","ZEROED","2026-01-14","2026-01-14","","","","LLUMAR|LLUMAR RN 07","","","","","SourceSheet=Zeroed Out Inventory; SourceRow=1129; DateMethod=back_fill_from_next; ManufacturerSource=keyword_llumar; RawDescription=5253 - Llumar RN 07 60""","false","","","2026-01-14","Imported from Zeroed Out Inventory tab","migration"
"IL-5801","Solar Guard","SG Slate 30","72","0","0","5.423302047E9","ZEROED","2026-01-14","2026-01-14","","","","SOLAR GUARD|SG SLATE 30","","","","","SourceSheet=Zeroed Out Inventory; SourceRow=1130; DateMethod=back_fill_from_next; ManufacturerSource=lookup_film; RawDescription=5801 - SG Slate 30 72""","false","","","2026-01-14","Imported from Zeroed Out Inventory tab","migration"
"IL-6218","Fasara","3M Fasara Mare SH2FGMR","50","0","0","1.07243526E8","ZEROED","2026-01-14","2026-01-14","","","","FASARA|3M FASARA MARE SH2FGMR","","","","","SourceSheet=Zeroed Out Inventory; SourceRow=1131; DateMethod=back_fill_from_next; ManufacturerSource=lookup_film_width; RawDescription=6218 - 3M Fasara Mare SH2FGMR 50""","false","","","2026-01-14","Imported from Zeroed Out Inventory tab","migration"
"IL-6033","3M Solar","3M PR 50","60","0","0","D290324631","ZEROED","2026-01-14","2026-01-14","","","","3M SOLAR|3M PR 50","","","","","SourceSheet=Zeroed Out Inventory; SourceRow=1132; DateMethod=back_fill_from_next; ManufacturerSource=lookup_film_width; RawDescription=6033 - 3M PR 50 60""","false","","","2026-01-14","Imported from Zeroed Out Inventory tab","migration"
"IL-6251","Solar Guard","SG Slate 20","36","0","0","5.430914088E9","ZEROED","2026-01-14","2026-01-14","","","","SOLAR GUARD|SG SLATE 20","","","","","SourceSheet=Zeroed Out Inventory; SourceRow=1133; DateMethod=back_fill_from_next; ManufacturerSource=lookup_film; RawDescription=6251 - SG Slate 20 36""","false","","","2026-01-14","Imported from Zeroed Out Inventory tab","migration"
"IL-5869","3M Solar","3M PR 70","60","0","0","D233324590","ZEROED","2026-01-14","2026-01-14","","","","3M SOLAR|3M PR 70","","","","","SourceSheet=Zeroed Out Inventory; SourceRow=1134; DateMethod=back_fill_from_next; ManufacturerSource=lookup_film_width; RawDescription=5869 - 3M PR 70 60""","false","","","2026-01-14","Imported from Zeroed Out Inventory tab","migration"
"IL-6101","3M Solar","3M PR 70","60","0","0","E033324699","ZEROED","2026-01-14","2026-01-14","","","","3M SOLAR|3M PR 70","","","","","SourceSheet=Zeroed Out Inventory; SourceRow=1135; DateMethod=back_fill_from_next; ManufacturerSource=lookup_film_width; RawDescription=6101 - 3M PR 70 60""","false","","","2026-01-14","Imported from Zeroed Out Inventory tab","migration"
"IL-6227","3M Solar","3M PR 70","60","0","0","E205324860","ZEROED","2026-01-14","2026-01-14","","","","3M SOLAR|3M PR 70","","","","","SourceSheet=Zeroed Out Inventory; SourceRow=1136; DateMethod=back_fill_from_next; ManufacturerSource=lookup_film_width; RawDescription=6227 - 3M PR 70 60""","false","","","2026-01-14","Imported from Zeroed Out Inventory tab","migration"
"IL-6249","3M Solar","3M PR 70","60","0","0","E205324860","ZEROED","2026-01-14","2026-01-14","","","","3M SOLAR|3M PR 70","","","","","SourceSheet=Zeroed Out Inventory; SourceRow=1137; DateMethod=back_fill_from_next; ManufacturerSource=lookup_film_width; RawDescription=6249 - 3M PR 70 60""","false","","","2026-01-14","Imported from Zeroed Out Inventory tab","migration"
"IL-6253","3M Solar","3M PR 70 EXT","36","0","0","D343324662","ZEROED","2026-01-14","2026-01-14","","","","3M SOLAR|3M PR 70 EXT","","","","","SourceSheet=Zeroed Out Inventory; SourceRow=1138; DateMethod=back_fill_from_next; ManufacturerSource=lookup_film_width; RawDescription=6253 - 3M PR 70 EXT 36""","false","","","2026-01-14","Imported from Zeroed Out Inventory tab","migration"
"IL-6095","3M Solar","3M PR 70 EXT","36","0","0","D343324662","ZEROED","2026-01-14","2026-01-14","","","","3M SOLAR|3M PR 70 EXT","","","","","SourceSheet=Zeroed Out Inventory; SourceRow=1139; DateMethod=back_fill_from_next; ManufacturerSource=lookup_film_width; RawDescription=6095 - 3M PR 70 EXT 36""","false","","","2026-01-14","Imported from Zeroed Out Inventory tab","migration"
"IL-5778","Security","3M Anti Graffiti AG-6","60","0","0","220810E08","ZEROED","2026-01-14","2026-01-14","","","","SECURITY|3M ANTI GRAFFITI AG-6","","","","","SourceSheet=Zeroed Out Inventory; SourceRow=1140; DateMethod=back_fill_from_next; ManufacturerSource=lookup_film_width; RawDescription=5778 - 3M Anti Graffiti AG-6 60""","false","","","2026-01-14","Imported from Zeroed Out Inventory tab","migration"
"IL-4030","3M Solar","3M PR 70","48","0","0","","ZEROED","2026-01-14","2026-01-14","","","","3M SOLAR|3M PR 70","","","","","SourceSheet=Zeroed Out Inventory; SourceRow=1141; DateMethod=back_fill_from_next; ManufacturerSource=lookup_film_width; RawDescription=4030 - 3M PR 70 48""","false","","","2026-01-14","Imported from Zeroed Out Inventory tab","migration"
"IL-5161","Avery Dennison","Avery Safety Matte 12 Mil R32311C","60","0","0","RC4066988","ZEROED","2026-01-14","2026-01-14","","","","AVERY DENNISON|AVERY SAFETY MATTE 12 MIL R32311C","","","","","SourceSheet=Zeroed Out Inventory; SourceRow=1142; DateMethod=back_fill_from_next; ManufacturerSource=keyword_avery; RawDescription=5161 - Avery Safety Matte 12 Mil R32311C 60""","false","","","2026-01-14","Imported from Zeroed Out Inventory tab","migration"
"IL-5916","Solyx","Solyx Clear Frost SX1301","53","0","0","","ZEROED","2026-01-14","2026-01-14","","","","SOLYX|SOLYX CLEAR FROST SX1301","","","","","SourceSheet=Zeroed Out Inventory; SourceRow=1143; DateMethod=back_fill_from_next; ManufacturerSource=keyword_solyx; RawDescription=5916 - Solyx Clear Frost SX1301 53""","false","","","2026-01-14","Imported from Zeroed Out Inventory tab","migration"
"IL-2126","3M Solar","3M Amber Low E 35","60","0","0","K16111500","ZEROED","2026-01-14","2026-01-14","","","","3M SOLAR|3M AMBER LOW E 35","","","","","SourceSheet=Zeroed Out Inventory; SourceRow=1144; DateMethod=back_fill_from_next; ManufacturerSource=lookup_film_width; RawDescription=2126 - 3M Amber Low E 35 60""","false","","","2026-01-14","Imported from Zeroed Out Inventory tab","migration"
"IL-6122","Solar Guard","SG Truevue 30","60","0","0","5.430297037E9","ZEROED","2026-01-14","2026-01-14","","","","SOLAR GUARD|SG TRUEVUE 30","","","","","SourceSheet=Zeroed Out Inventory; SourceRow=1145; DateMethod=back_fill_from_next; ManufacturerSource=lookup_film_width; RawDescription=6122 - SG Truevue 30 60""","false","","","2026-01-14","Imported from Zeroed Out Inventory tab","migration"
"IL-2892","Llumar","Llumar DR 25","60","0","0","710A035","ZEROED","2026-01-14","2026-01-14","","","","LLUMAR|LLUMAR DR 25","","","","","SourceSheet=Zeroed Out Inventory; SourceRow=1146; DateMethod=back_fill_from_next; ManufacturerSource=lookup_film_width; RawDescription=2892 - Llumar DR 25 60""","false","","","2026-01-14","Imported from Zeroed Out Inventory tab","migration"
"IL-5959","Solyx","Solyx Whiteout SXWFWO","72","0","0","","ZEROED","2026-01-14","2026-01-14","","","","SOLYX|SOLYX WHITEOUT SXWFWO","","","","","SourceSheet=Zeroed Out Inventory; SourceRow=1147; DateMethod=back_fill_from_next; ManufacturerSource=lookup_film_width; RawDescription=5959 - Solyx Whiteout SXWFWO 72""","false","","","2026-01-14","Imported from Zeroed Out Inventory tab","migration"
"IL-6027","Security","3M Ultra S800","60","0","0","D353324673","ZEROED","2026-01-14","2026-01-14","","","","SECURITY|3M ULTRA S800","","","","","SourceSheet=Zeroed Out Inventory; SourceRow=1148; DateMethod=back_fill_from_next; ManufacturerSource=lookup_film_width; RawDescription=6027 - 3M Ultra S800 60""","false","","","2026-01-14","Imported from Zeroed Out Inventory tab","migration"
"IL-6140","Security","3M Ultra S800","72","0","0","E074324731","ZEROED","2026-01-14","2026-01-14","","","","SECURITY|3M ULTRA S800","","","","","SourceSheet=Zeroed Out Inventory; SourceRow=1149; DateMethod=back_fill_from_next; ManufacturerSource=lookup_film_width; RawDescription=6140 - 3M Ultra S800 72""","false","","","2026-01-14","Imported from Zeroed Out Inventory tab","migration"
"IL-5949","Security","Madico Safetyshield 1500","60","0","0","2.407230336E9","ZEROED","2026-01-14","2026-01-14","","","","SECURITY|MADICO SAFETYSHIELD 1500","","","","","SourceSheet=Zeroed Out Inventory; SourceRow=1150; DateMethod=back_fill_from_next; ManufacturerSource=lookup_film_width; RawDescription=5949 - Madico Safetyshield 1500 60""","false","","","2026-01-14","Imported from Zeroed Out Inventory tab","migration"
"IL-5379","Security","3M AG-4","60","0","0","230206V01","ZEROED","2026-01-14","2026-01-14","","","","SECURITY|3M AG-4","","","","","SourceSheet=Zeroed Out Inventory; SourceRow=1151; DateMethod=back_fill_from_next; ManufacturerSource=lookup_film_width; RawDescription=5379 - 3M AG-4 60""","false","","","2026-01-14","Imported from Zeroed Out Inventory tab","migration"
"IL-5878","3M Solar","3M PR 50","60","0","0","D192324562","ZEROED","2026-01-14","2026-01-14","","","","3M SOLAR|3M PR 50","","","","","SourceSheet=Zeroed Out Inventory; SourceRow=1152; DateMethod=back_fill_from_next; ManufacturerSource=lookup_film_width; RawDescription=5878 - 3M PR 50 60""","false","","","2026-01-14","Imported from Zeroed Out Inventory tab","migration"
"IL-5807","Security","3M S140 SH14CLARL","60","0","0","232J","ZEROED","2026-01-14","2026-01-14","","","","SECURITY|3M S140 SH14CLARL","","","","","SourceSheet=Zeroed Out Inventory; SourceRow=1153; DateMethod=back_fill_from_next; ManufacturerSource=lookup_film_width; RawDescription=5807 - 3M S140 SH14CLARL 60""","false","","","2026-01-14","Imported from Zeroed Out Inventory tab","migration"
"IL-5894","Security","3M Ultra S800","60","0","0","E015324681","ZEROED","2026-01-14","2026-01-14","","","","SECURITY|3M ULTRA S800","","","","","SourceSheet=Zeroed Out Inventory; SourceRow=1154; DateMethod=back_fill_from_next; ManufacturerSource=lookup_film_width; RawDescription=5894 - 3M Ultra S800 60""","false","","","2026-01-14","Imported from Zeroed Out Inventory tab","migration"
"IL-5763","Security","3M Ultra S800","60","0","0","D261324610","ZEROED","2026-01-14","2026-01-14","","","","SECURITY|3M ULTRA S800","","","","","SourceSheet=Zeroed Out Inventory; SourceRow=1155; DateMethod=back_fill_from_next; ManufacturerSource=lookup_film_width; RawDescription=5763 - 3M Ultra S800 60""","false","","","2026-01-14","Imported from Zeroed Out Inventory tab","migration"
"IL-5047","Solar Guard","SG Truevue 05","72","0","0","5.423312021E9","ZEROED","2026-01-14","2026-01-14","","","","SOLAR GUARD|SG TRUEVUE 05","","","","","SourceSheet=Zeroed Out Inventory; SourceRow=1156; DateMethod=back_fill_from_next; ManufacturerSource=lookup_film_width; RawDescription=5047 - SG Truevue 05 72""","false","","","2026-01-14","Imported from Zeroed Out Inventory tab","migration"
"IL-6046","Solar Guard","SG Truevue 05","72","0","0","5.431000036E9","ZEROED","2026-01-14","2026-01-14","","","","SOLAR GUARD|SG TRUEVUE 05","","","","","SourceSheet=Zeroed Out Inventory; SourceRow=1157; DateMethod=back_fill_from_next; ManufacturerSource=lookup_film_width; RawDescription=6046 - SG Truevue 05 72""","false","","","2026-01-14","Imported from Zeroed Out Inventory tab","migration"
"IL-5464","Solar Guard","SG Truevue 05","72","0","0","5.426563047E9","ZEROED","2026-01-14","2026-01-14","","","","SOLAR GUARD|SG TRUEVUE 05","","","","","SourceSheet=Zeroed Out Inventory; SourceRow=1158; DateMethod=back_fill_from_next; ManufacturerSource=lookup_film_width; RawDescription=5464 - SG Truevue 05 72""","false","","","2026-01-14","Imported from Zeroed Out Inventory tab","migration"
"IL-6024","Security","3M Ultra S800","36","0","0","E074324731","ZEROED","2026-01-14","2026-01-14","","","","SECURITY|3M ULTRA S800","","","","","SourceSheet=Zeroed Out Inventory; SourceRow=1159; DateMethod=back_fill_from_next; ManufacturerSource=lookup_film_width; RawDescription=6024 - 3M Ultra S800 36""","false","","","2026-01-14","Imported from Zeroed Out Inventory tab","migration"
"IL-5111","Llumar","Llumar 100% Whiteout","60","0","0","","ZEROED","2026-01-14","2026-01-14","","","","LLUMAR|LLUMAR 100% WHITEOUT","","","","","SourceSheet=Zeroed Out Inventory; SourceRow=1160; DateMethod=back_fill_from_next; ManufacturerSource=keyword_llumar; RawDescription=5111- Llumar 100% Whiteout 60""","false","","","2026-01-14","Imported from Zeroed Out Inventory tab","migration"
"IL-6055","Security","Madico Deco. Optivision 25","36","0","0","2.405030076E9","ZEROED","2026-01-14","2026-01-14","","","","SECURITY|MADICO DECO. OPTIVISION 25","","","","","SourceSheet=Zeroed Out Inventory; SourceRow=1161; DateMethod=back_fill_from_next; ManufacturerSource=keyword_security; RawDescription=6055 - Madico Deco. Optivision 25 36""","false","","","2026-01-14","Imported from Zeroed Out Inventory tab","migration"
"IL-3461","Security","3M Safety S70 Clear 7MIL Ext","60","0","0","B203324022","ZEROED","2026-01-14","2026-01-14","","","","SECURITY|3M SAFETY S70 CLEAR 7MIL EXT","","","","","SourceSheet=Zeroed Out Inventory; SourceRow=1162; DateMethod=back_fill_from_next; ManufacturerSource=keyword_security; RawDescription=3461 - 3M Safety S70 Clear 7MIL Ext 60""","false","","","2026-01-14","Imported from Zeroed Out Inventory tab","migration"
"IL-5971","Solar Guard","SG Slate 40","60","0","0","5.429398038E9","ZEROED","2026-01-14","2026-01-14","","","","SOLAR GUARD|SG SLATE 40","","","","","SourceSheet=Zeroed Out Inventory; SourceRow=1163; DateMethod=back_fill_from_next; ManufacturerSource=lookup_film_width; RawDescription=5971 - SG Slate 40 60""","false","","","2026-01-14","Imported from Zeroed Out Inventory tab","migration"
"IL-5974","Solar Guard","SG Slate 40","60","0","0","5.427153019E9","ZEROED","2026-01-14","2026-01-14","","","","SOLAR GUARD|SG SLATE 40","","","","","SourceSheet=Zeroed Out Inventory; SourceRow=1164; DateMethod=back_fill_from_next; ManufacturerSource=lookup_film_width; RawDescription=5974 - SG Slate 40 60""","false","","","2026-01-14","Imported from Zeroed Out Inventory tab","migration"
"IL-6316","Avery Dennison","Avery Silver 20","48","0","0","RC4991244","ZEROED","2026-01-14","2026-01-14","","","","AVERY DENNISON|AVERY SILVER 20","","","","","SourceSheet=Zeroed Out Inventory; SourceRow=1166; DateMethod=back_fill_from_next; ManufacturerSource=keyword_avery; RawDescription=6316 - Avery Silver 20 48""","false","","","2026-01-14","Imported from Zeroed Out Inventory tab","migration"
"IL-6317","3M Solar","3M PR 70","72","0","0","E083324739","ZEROED","2026-01-14","2026-01-14","","","","3M SOLAR|3M PR 70","","","","","SourceSheet=Zeroed Out Inventory; SourceRow=1167; DateMethod=back_fill_from_next; ManufacturerSource=lookup_film_width; RawDescription=6317 - 3M PR 70 72""","false","","","2026-01-14","Imported from Zeroed Out Inventory tab","migration"
"IL-6302","3M Solar","3M PR 70","72","0","0","E083324739","ZEROED","2026-01-14","2026-01-14","","","","3M SOLAR|3M PR 70","","","","","SourceSheet=Zeroed Out Inventory; SourceRow=1168; DateMethod=back_fill_from_next; ManufacturerSource=lookup_film_width; RawDescription=6302 - 3M PR 70 72""","false","","","2026-01-14","Imported from Zeroed Out Inventory tab","migration"
"IL-6303","3M Solar","3M PR 70","72","0","0","E083324739","ZEROED","2026-01-14","2026-01-14","","","","3M SOLAR|3M PR 70","","","","","SourceSheet=Zeroed Out Inventory; SourceRow=1169; DateMethod=back_fill_from_next; ManufacturerSource=lookup_film_width; RawDescription=6303 - 3M PR 70 72""","false","","","2026-01-14","Imported from Zeroed Out Inventory tab","migration"
"IL-6263","3M Solar","3M PR 70","72","0","0","E083324739","ZEROED","2026-01-14","2026-01-14","","","","3M SOLAR|3M PR 70","","","","","SourceSheet=Zeroed Out Inventory; SourceRow=1170; DateMethod=back_fill_from_next; ManufacturerSource=lookup_film_width; RawDescription=6263 - 3M PR 70 72""","false","","","2026-01-14","Imported from Zeroed Out Inventory tab","migration"
"IL-5698","3M Solar","3M NV 35","36","0","0","C262324407","ZEROED","2026-01-14","2026-01-14","","","","3M SOLAR|3M NV 35","","","","","SourceSheet=Zeroed Out Inventory; SourceRow=1171; DateMethod=back_fill_from_next; ManufacturerSource=lookup_film; RawDescription=5698 - 3M NV 35 36""","false","","","2026-01-14","Imported from Zeroed Out Inventory tab","migration"
"IL-3689","3M Solar","3M P-18 Silver","60","0","0","70-0713-159-0","ZEROED","2026-01-14","2026-01-14","","","","3M SOLAR|3M P-18 SILVER","","","","","SourceSheet=Zeroed Out Inventory; SourceRow=1172; DateMethod=back_fill_from_next; ManufacturerSource=lookup_film; RawDescription=3689 - 3M P-18 Silver 60""","false","","","2026-01-14","Imported from Zeroed Out Inventory tab","migration"
"IL-6189","Security","3M Ultra S800","60","0","0","E114324767","ZEROED","2026-01-14","2026-01-14","","","","SECURITY|3M ULTRA S800","","","","","SourceSheet=Zeroed Out Inventory; SourceRow=1173; DateMethod=back_fill_from_next; ManufacturerSource=lookup_film_width; RawDescription=6189 - 3M Ultra S800 60""","false","","","2026-01-14","Imported from Zeroed Out Inventory tab","migration"
"IL-6237","Security","3M Ultra S800","72","0","0","E110324765","ZEROED","2026-01-14","2026-01-14","","","","SECURITY|3M ULTRA S800","","","","","SourceSheet=Zeroed Out Inventory; SourceRow=1174; DateMethod=back_fill_from_next; ManufacturerSource=lookup_film_width; RawDescription=6237 - 3M Ultra S800 72""","false","","","2026-01-14","Imported from Zeroed Out Inventory tab","migration"
"IL-6268","Security","3M Ultra S800","60","0","0","E149324805","ZEROED","2026-01-14","2026-01-14","","","","SECURITY|3M ULTRA S800","","","","","SourceSheet=Zeroed Out Inventory; SourceRow=1175; DateMethod=back_fill_from_next; ManufacturerSource=lookup_film_width; RawDescription=6268 - 3M Ultra S800 60""","false","","","2026-01-14","Imported from Zeroed Out Inventory tab","migration"
"IL-6260","Security","3M Ultra S800","60","0","0","E145324804","ZEROED","2026-01-14","2026-01-14","","","","SECURITY|3M ULTRA S800","","","","","SourceSheet=Zeroed Out Inventory; SourceRow=1176; DateMethod=back_fill_from_next; ManufacturerSource=lookup_film_width; RawDescription=6260 - 3M Ultra S800 60""","false","","","2026-01-14","Imported from Zeroed Out Inventory tab","migration"
"IL-6238","Security","3M Ultra S800","72","0","0","E110324765","ZEROED","2026-01-14","2026-01-14","","","","SECURITY|3M ULTRA S800","","","","","SourceSheet=Zeroed Out Inventory; SourceRow=1177; DateMethod=back_fill_from_next; ManufacturerSource=lookup_film_width; RawDescription=6238 - 3M Ultra S800 72""","false","","","2026-01-14","Imported from Zeroed Out Inventory tab","migration"
"IL-6269","Security","3M Ultra S800","60","0","0","E149324805","ZEROED","2026-01-14","2026-01-14","","","","SECURITY|3M ULTRA S800","","","","","SourceSheet=Zeroed Out Inventory; SourceRow=1178; DateMethod=back_fill_from_next; ManufacturerSource=lookup_film_width; RawDescription=6269 - 3M Ultra S800 60""","false","","","2026-01-14","Imported from Zeroed Out Inventory tab","migration"
"IL-6208","Solar Guard","SG Slate 30","60","0","0","5.432709046E9","ZEROED","2026-01-14","2026-01-14","","","","SOLAR GUARD|SG SLATE 30","","","","","SourceSheet=Zeroed Out Inventory; SourceRow=1179; DateMethod=back_fill_from_next; ManufacturerSource=lookup_film_width; RawDescription=6208 - SG Slate 30 60""","false","","","2026-01-14","Imported from Zeroed Out Inventory tab","migration"
"IL-6252","Solyx","Solyx Clear Waters SX-9000","36","0","0","","ZEROED","2026-01-14","2026-01-14","","","","SOLYX|SOLYX CLEAR WATERS SX-9000","","","","","SourceSheet=Zeroed Out Inventory; SourceRow=1180; DateMethod=back_fill_from_next; ManufacturerSource=lookup_film; RawDescription=6252 - Solyx Clear Waters SX-9000 36""","false","","","2026-01-14","Imported from Zeroed Out Inventory tab","migration"
"IL-6102","Fasara","3M Fasara Border Leise Horiz. SH2FGLS","50","0","0","1.06591795E8","ZEROED","2026-01-14","2026-01-14","","","","FASARA|3M FASARA BORDER LEISE HORIZ. SH2FGLS","","","","","SourceSheet=Zeroed Out Inventory; SourceRow=1181; DateMethod=back_fill_from_next; ManufacturerSource=keyword_fasara; RawDescription=6102 - 3M Fasara Border Leise Horiz. SH2FGLS 50""","false","","","2026-01-14","Imported from Zeroed Out Inventory tab","migration"
"IL-6192","Fasara","3M Black Blockout Matte 3635-22B","48","0","0","L2417102","ZEROED","2026-01-14","2026-01-14","","","","FASARA|3M BLACK BLOCKOUT MATTE 3635-22B","","","","","SourceSheet=Zeroed Out Inventory; SourceRow=1182; DateMethod=back_fill_from_next; ManufacturerSource=lookup_film_width; RawDescription=6192 - 3M Black Blockout Matte 3635-22B 48""","false","","","2026-01-14","Imported from Zeroed Out Inventory tab","migration"
"IL-6311","Solyx","Solyx Clear Waters SX-9000","24","0","0","","ZEROED","2026-01-14","2026-01-14","","","","SOLYX|SOLYX CLEAR WATERS SX-9000","","","","","SourceSheet=Zeroed Out Inventory; SourceRow=1183; DateMethod=back_fill_from_next; ManufacturerSource=lookup_film_width; RawDescription=6311 - Solyx Clear Waters SX-9000 24""","false","","","2026-01-14","Imported from Zeroed Out Inventory tab","migration"
"IL-6006","Solar Guard","SG Slate 10","60","0","0","5.429647079E9","ZEROED","2026-01-14","2026-01-14","","","","SOLAR GUARD|SG SLATE 10","","","","","SourceSheet=Zeroed Out Inventory; SourceRow=1184; DateMethod=back_fill_from_next; ManufacturerSource=lookup_film_width; RawDescription=6006 - SG Slate 10 60""","false","","","2026-01-14","Imported from Zeroed Out Inventory tab","migration"
"IL-6053","Solar Guard","SG Slate 10","36","0","0","5.432092052E9","ZEROED","2026-01-14","2026-01-14","","","","SOLAR GUARD|SG SLATE 10","","","","","SourceSheet=Zeroed Out Inventory; SourceRow=1185; DateMethod=back_fill_from_next; ManufacturerSource=lookup_film; RawDescription=6053 - SG Slate 10 36""","false","","","2026-01-14","Imported from Zeroed Out Inventory tab","migration"
"IL-6291","Security","3M S140 SH14CLARL","60","0","0","232L","ZEROED","2026-01-14","2026-01-14","","","","SECURITY|3M S140 SH14CLARL","","","","","SourceSheet=Zeroed Out Inventory; SourceRow=1186; DateMethod=back_fill_from_next; ManufacturerSource=lookup_film_width; RawDescription=6291 - 3M S140 SH14CLARL 60""","false","","","2026-01-14","Imported from Zeroed Out Inventory tab","migration"
"IL-6292","Security","3M S140 SH14CLARL","60","0","0","242B","ZEROED","2026-01-14","2026-01-14","","","","SECURITY|3M S140 SH14CLARL","","","","","SourceSheet=Zeroed Out Inventory; SourceRow=1187; DateMethod=back_fill_from_next; ManufacturerSource=lookup_film_width; RawDescription=6292 - 3M S140 SH14CLARL 60""","false","","","2026-01-14","Imported from Zeroed Out Inventory tab","migration"
"IL-6356","Security","3M Ultra S800","36","0","0","E068324728","ZEROED","2026-01-14","2026-01-14","","","","SECURITY|3M ULTRA S800","","","","","SourceSheet=Zeroed Out Inventory; SourceRow=1188; DateMethod=back_fill_from_next; ManufacturerSource=lookup_film_width; RawDescription=6356 - 3M Ultra S800 36""","false","","","2026-01-14","Imported from Zeroed Out Inventory tab","migration"
"IL-6349","Fasara","3M Fasara Border Leise Horiz. SH2FGLS","50","0","0","1.04696087E8","ZEROED","2026-01-14","2026-01-14","","","","FASARA|3M FASARA BORDER LEISE HORIZ. SH2FGLS","","","","","SourceSheet=Zeroed Out Inventory; SourceRow=1189; DateMethod=back_fill_from_next; ManufacturerSource=keyword_fasara; RawDescription=6349 - 3M Fasara Border Leise Horiz. SH2FGLS 50""","false","","","2026-01-14","Imported from Zeroed Out Inventory tab","migration"
"IL-6294","Security","3M S140 SH14CLARL","60","0","0","242B","ZEROED","2026-01-14","2026-01-14","","","","SECURITY|3M S140 SH14CLARL","","","","","SourceSheet=Zeroed Out Inventory; SourceRow=1190; DateMethod=back_fill_from_next; ManufacturerSource=lookup_film_width; RawDescription=6294 - 3M S140 SH14CLARL 60""","false","","","2026-01-14","Imported from Zeroed Out Inventory tab","migration"
"IL-6374","Llumar","Llumar Frost NRM PS2","60","0","0","464M055","ZEROED","2026-01-14","2026-01-14","","","","LLUMAR|LLUMAR FROST NRM PS2","","","","","SourceSheet=Zeroed Out Inventory; SourceRow=1191; DateMethod=back_fill_from_next; ManufacturerSource=lookup_film_width; RawDescription=6374 - Llumar Frost NRM PS2 60""","false","","","2026-01-14","Imported from Zeroed Out Inventory tab","migration"
"IL-4058","Llumar","LLumar Frost NRM PS2","60","0","0","483A005","ZEROED","2026-01-14","2026-01-14","","","","LLUMAR|LLUMAR FROST NRM PS2","","","","","SourceSheet=Zeroed Out Inventory; SourceRow=1192; DateMethod=back_fill_from_next; ManufacturerSource=lookup_film_width; RawDescription=4058 - LLumar Frost NRM PS2 60""","false","","","2026-01-14","Imported from Zeroed Out Inventory tab","migration"
"IL-3556","3M Solar","3M PR 20","48","0","0","323417008a","ZEROED","2026-01-14","2026-01-14","","","","3M SOLAR|3M PR 20","","","","","SourceSheet=Zeroed Out Inventory; SourceRow=1193; DateMethod=back_fill_from_next; ManufacturerSource=lookup_film; RawDescription=3556 - 3M PR 20 48""","false","","","2026-01-14","Imported from Zeroed Out Inventory tab","migration"
"IL-6190","Security","3M Ultra S800","60","0","0","E110324764","ZEROED","2026-01-14","2026-01-14","","","","SECURITY|3M ULTRA S800","","","","","SourceSheet=Zeroed Out Inventory; SourceRow=1194; DateMethod=back_fill_from_next; ManufacturerSource=lookup_film_width; RawDescription=6190 - 3M Ultra S800 60""","false","","","2026-01-14","Imported from Zeroed Out Inventory tab","migration"
"IL-6358","Solar Guard","SG Slate 20","48","0","0","5.433218039E9","ZEROED","2026-01-14","2026-01-14","","","","SOLAR GUARD|SG SLATE 20","","","","","SourceSheet=Zeroed Out Inventory; SourceRow=1195; DateMethod=back_fill_from_next; ManufacturerSource=lookup_film; RawDescription=6358 - SG Slate 20 48""","false","","","2026-01-14","Imported from Zeroed Out Inventory tab","migration"
"IL-6359","Solar Guard","SG Slate 20","48","0","0","5.43321804E9","ZEROED","2026-01-14","2026-01-14","","","","SOLAR GUARD|SG SLATE 20","","","","","SourceSheet=Zeroed Out Inventory; SourceRow=1196; DateMethod=back_fill_from_next; ManufacturerSource=lookup_film; RawDescription=6359 - SG Slate 20 48""","false","","","2026-01-14","Imported from Zeroed Out Inventory tab","migration"
"IL-6176","3M Solar","3M PR 20","60","0","0","D291324632","ZEROED","2026-01-14","2026-01-14","","","","3M SOLAR|3M PR 20","","","","","SourceSheet=Zeroed Out Inventory; SourceRow=1197; DateMethod=back_fill_from_next; ManufacturerSource=lookup_film_width; RawDescription=6176 - 3M PR 20 60""","false","","","2026-01-14","Imported from Zeroed Out Inventory tab","migration"
"IL-6148","Security","Madico Safetyshield 1500","72","0","0","2.41693019E9","ZEROED","2026-01-14","2026-01-14","","","","SECURITY|MADICO SAFETYSHIELD 1500","","","","","SourceSheet=Zeroed Out Inventory; SourceRow=1198; DateMethod=back_fill_from_next; ManufacturerSource=lookup_film_width; RawDescription=6148 - Madico Safetyshield 1500 72""","false","","","2026-01-14","Imported from Zeroed Out Inventory tab","migration"
"IL-3843","Fasara","3M Emboss-Hairline Matte SH2HLMA","48","0","0","","ZEROED","2026-01-14","2026-01-14","","","","FASARA|3M EMBOSS-HAIRLINE MATTE SH2HLMA","","","","","SourceSheet=Zeroed Out Inventory; SourceRow=1199; DateMethod=back_fill_from_next; ManufacturerSource=keyword_fasara; RawDescription=3843 - 3M Emboss-Hairline Matte SH2HLMA 48""","false","","","2026-01-14","Imported from Zeroed Out Inventory tab","migration"
"IL-6248","Fasara","3M Fasara Emboss Hairline Matte SH2HLMA","48","0","0","","ZEROED","2026-01-14","2026-01-14","","","","FASARA|3M FASARA EMBOSS HAIRLINE MATTE SH2HLMA","","","","","SourceSheet=Zeroed Out Inventory; SourceRow=1200; DateMethod=back_fill_from_next; ManufacturerSource=keyword_fasara; RawDescription=6248 - 3M Fasara Emboss Hairline Matte SH2HLMA 48""","false","","","2026-01-14","Imported from Zeroed Out Inventory tab","migration"
"IL-5868","Security","Madico Safetyshield 800","48","0","0","2.400430314E9","ZEROED","2026-01-14","2026-01-14","","","","SECURITY|MADICO SAFETYSHIELD 800","","","","","SourceSheet=Zeroed Out Inventory; SourceRow=1201; DateMethod=back_fill_from_next; ManufacturerSource=lookup_film_width; RawDescription=5868 - Madico Safetyshield 800 48""","false","","","2026-01-14","Imported from Zeroed Out Inventory tab","migration"
"IL-6305","Solar Guard","SG Truevue 15","48","0","0","5.434327036E9","ZEROED","2026-01-14","2026-01-14","","","","SOLAR GUARD|SG TRUEVUE 15","","","","","SourceSheet=Zeroed Out Inventory; SourceRow=1202; DateMethod=back_fill_from_next; ManufacturerSource=lookup_film_width; RawDescription=6305 - SG Truevue 15 48""","false","","","2026-01-14","Imported from Zeroed Out Inventory tab","migration"
"IL-6270","Security","3M Ultra S800","60","0","0","E149324805","ZEROED","2026-01-14","2026-01-14","","","","SECURITY|3M ULTRA S800","","","","","SourceSheet=Zeroed Out Inventory; SourceRow=1203; DateMethod=back_fill_from_next; ManufacturerSource=lookup_film_width; RawDescription=6270 - 3M Ultra S800 60""","false","","","2026-01-14","Imported from Zeroed Out Inventory tab","migration"
"IL-5915","Security","3M S70 EXT","72","0","0","D135324525","ZEROED","2026-01-14","2026-01-14","","","","SECURITY|3M S70 EXT","","","","","SourceSheet=Zeroed Out Inventory; SourceRow=1204; DateMethod=back_fill_from_next; ManufacturerSource=lookup_film_width; RawDescription=5915 - 3M S70 EXT 72""","false","","","2026-01-14","Imported from Zeroed Out Inventory tab","migration"
"IL-6343","Llumar","Llumar Bronze 20 N1020B","60","0","0","433D085","ZEROED","2026-01-14","2026-01-14","","","","LLUMAR|LLUMAR BRONZE 20 N1020B","","","","","SourceSheet=Zeroed Out Inventory; SourceRow=1205; DateMethod=back_fill_from_next; ManufacturerSource=lookup_film_width; RawDescription=6343 - Llumar Bronze 20 N1020B 60""","false","","","2026-01-14","Imported from Zeroed Out Inventory tab","migration"
"IL-6344","Llumar","Llumar Bronze 20 N1020B","60","0","0","433D085P46","ZEROED","2026-01-14","2026-01-14","","","","LLUMAR|LLUMAR BRONZE 20 N1020B","","","","","SourceSheet=Zeroed Out Inventory; SourceRow=1206; DateMethod=back_fill_from_next; ManufacturerSource=lookup_film_width; RawDescription=6344 - Llumar Bronze 20 N1020B 60""","false","","","2026-01-14","Imported from Zeroed Out Inventory tab","migration"
"IL-6348","Llumar","Llumar Bronze 20 N1020B","60","0","0","433D085P48","ZEROED","2026-01-14","2026-01-14","","","","LLUMAR|LLUMAR BRONZE 20 N1020B","","","","","SourceSheet=Zeroed Out Inventory; SourceRow=1207; DateMethod=back_fill_from_next; ManufacturerSource=lookup_film_width; RawDescription=6348 - Llumar Bronze 20 N1020B 60""","false","","","2026-01-14","Imported from Zeroed Out Inventory tab","migration"
"IL-3223","Solyx","SOL SXF-5050 TOTAL LIGHT BLOCKOUT","60","0","0","","ZEROED","2026-01-14","2026-01-14","","","","SOLYX|SOL SXF-5050 TOTAL LIGHT BLOCKOUT","","","","","SourceSheet=Zeroed Out Inventory; SourceRow=1208; DateMethod=back_fill_from_next; ManufacturerSource=keyword_solyx; RawDescription=3223 - SOL SXF-5050 TOTAL LIGHT BLOCKOUT","false","","","2026-01-14","Imported from Zeroed Out Inventory tab","migration"
"IL-6372","Solyx","Solyx Total Light Blockout White SXF-5050","60","0","0","","ZEROED","2026-01-14","2026-01-14","","","","SOLYX|SOLYX TOTAL LIGHT BLOCKOUT WHITE SXF-5050","","","","","SourceSheet=Zeroed Out Inventory; SourceRow=1209; DateMethod=back_fill_from_next; ManufacturerSource=keyword_solyx; RawDescription=6372 - Solyx Total Light Blockout White SXF-5050 60""","false","","","2026-01-14","Imported from Zeroed Out Inventory tab","migration"
"IL-6163","Solar Guard","SG Truevue 15","60","0","0","5.414936033E9","ZEROED","2026-01-14","2026-01-14","","","","SOLAR GUARD|SG TRUEVUE 15","","","","","SourceSheet=Zeroed Out Inventory; SourceRow=1210; DateMethod=back_fill_from_next; ManufacturerSource=lookup_film_width; RawDescription=6163 - SG Truevue 15 60""","false","","","2026-01-14","Imported from Zeroed Out Inventory tab","migration"
"IL-6369","Solar Guard","SG Truevue 15","60","0","0","5.435025041E9","ZEROED","2026-01-14","2026-01-14","","","","SOLAR GUARD|SG TRUEVUE 15","","","","","SourceSheet=Zeroed Out Inventory; SourceRow=1211; DateMethod=back_fill_from_next; ManufacturerSource=lookup_film_width; RawDescription=6369 - SG Truevue 15 60""","false","","","2026-01-14","Imported from Zeroed Out Inventory tab","migration"
"IL-6373","Solar Guard","SG Truevue 15","60","0","0","5.43518605E9","ZEROED","2026-01-14","2026-01-14","","","","SOLAR GUARD|SG TRUEVUE 15","","","","","SourceSheet=Zeroed Out Inventory; SourceRow=1212; DateMethod=back_fill_from_next; ManufacturerSource=lookup_film_width; RawDescription=6373 - SG Truevue 15 60""","false","","","2026-01-14","Imported from Zeroed Out Inventory tab","migration"
"IL-6282","Security","Madico 12 Mil Frost Matte","60","0","0","2.320239029E9","ZEROED","2026-01-14","2026-01-14","","","","SECURITY|MADICO 12 MIL FROST MATTE","","","","","SourceSheet=Zeroed Out Inventory; SourceRow=1213; DateMethod=back_fill_from_next; ManufacturerSource=lookup_film_width; RawDescription=6282 - Madico 12 Mil Frost Matte 60""","false","","","2026-01-14","Imported from Zeroed Out Inventory tab","migration"
"IL-6283","Security","Madico 12 Mil Frost Matte","60","0","0","2.329239026E9","ZEROED","2026-01-14","2026-01-14","","","","SECURITY|MADICO 12 MIL FROST MATTE","","","","","SourceSheet=Zeroed Out Inventory; SourceRow=1214; DateMethod=back_fill_from_next; ManufacturerSource=lookup_film_width; RawDescription=6283 - Madico 12 Mil Frost Matte 60""","false","","","2026-01-14","Imported from Zeroed Out Inventory tab","migration"
"IL-6297","Security","Madico Safetyshield 1500","72","0","0","2.431830098E9","ZEROED","2026-01-14","2026-01-14","","","","SECURITY|MADICO SAFETYSHIELD 1500","","","","","SourceSheet=Zeroed Out Inventory; SourceRow=1217; DateMethod=back_fill_from_next; ManufacturerSource=lookup_film_width; RawDescription=6297 - Madico Safetyshield 1500 72""","false","","","2026-01-14","Imported from Zeroed Out Inventory tab","migration"
"IL-6389","Solyx","Solyx White Matte SXWFWM","48","0","0","","ZEROED","2026-01-14","2026-01-14","","","","SOLYX|SOLYX WHITE MATTE SXWFWM","","","","","SourceSheet=Zeroed Out Inventory; SourceRow=1219; DateMethod=back_fill_from_next; ManufacturerSource=lookup_film_width; RawDescription=6389 - Solyx White Matte SXWFWM 48""","false","","","2026-01-14","Imported from Zeroed Out Inventory tab","migration"
"IL-5955","Security","Madico Safetyshield 800 Optivision 15","72","0","0","2.401030116E9","ZEROED","2026-01-14","2026-01-14","","","","SECURITY|MADICO SAFETYSHIELD 800 OPTIVISION 15","","","","","SourceSheet=Zeroed Out Inventory; SourceRow=1220; DateMethod=back_fill_from_next; ManufacturerSource=keyword_security; RawDescription=5955 - Madico Safetyshield 800 Optivision 15 72""","false","","","2026-01-14","Imported from Zeroed Out Inventory tab","migration"
"IL-6056","Security","Madico Safetyshield 800 Optivision 15","72","0","0","2.412830153E9","ZEROED","2026-01-14","2026-01-14","","","","SECURITY|MADICO SAFETYSHIELD 800 OPTIVISION 15","","","","","SourceSheet=Zeroed Out Inventory; SourceRow=1221; DateMethod=back_fill_from_next; ManufacturerSource=keyword_security; RawDescription=6056 - Madico Safetyshield 800 Optivision 15 72""","false","","","2026-01-14","Imported from Zeroed Out Inventory tab","migration"
"IL-6179","Solyx","Solyx Dusted Crystal SX3140","60","0","0","","ZEROED","2026-01-14","2026-01-14","","","","SOLYX|SOLYX DUSTED CRYSTAL SX3140","","","","","SourceSheet=Zeroed Out Inventory; SourceRow=1222; DateMethod=back_fill_from_next; ManufacturerSource=lookup_film_width; RawDescription=6179 - Solyx Dusted Crystal SX3140 60""","false","","","2026-01-14","Imported from Zeroed Out Inventory tab","migration"
"IL-1366","Security","Silver S20 8 Mil","60","0","0","","ZEROED","2026-01-14","2026-01-14","","","","SECURITY|SILVER S20 8 MIL","","","","","SourceSheet=Zeroed Out Inventory; SourceRow=1223; DateMethod=back_fill_from_next; ManufacturerSource=default_vinyl; RawDescription=1366 - Silver S20 8 Mil 60""; ManufacturerManualReview=move; ManufacturerBefore=Vinyl; ManufacturerAfter=Security; DecisionAtUtc=2026-03-14T22:34:56Z","false","","","2026-01-14","Imported from Zeroed Out Inventory tab","migration"
"IL-6194","Solar Guard","SG Truevue 05","48","0","0","5.429390009E9","ZEROED","2026-01-14","2026-01-14","","","","SOLAR GUARD|SG TRUEVUE 05","","","","","SourceSheet=Zeroed Out Inventory; SourceRow=1225; DateMethod=back_fill_from_next; ManufacturerSource=lookup_film_width; RawDescription=6194 - SG Truevue 05 48""","false","","","2026-01-14","Imported from Zeroed Out Inventory tab","migration"
"IL-5370","Solar Guard","SG Truevue 05","48","0","0","5.425715032E9","ZEROED","2026-01-14","2026-01-14","","","","SOLAR GUARD|SG TRUEVUE 05","","","","","SourceSheet=Zeroed Out Inventory; SourceRow=1226; DateMethod=back_fill_from_next; ManufacturerSource=lookup_film_width; RawDescription=5370 - SG Truevue 05 48""","false","","","2026-01-14","Imported from Zeroed Out Inventory tab","migration"
"IL-5800","Solyx","Solyx Dry Erase White For Glass SX2090","59","0","0","","ZEROED","2026-01-14","2026-01-14","","","","SOLYX|SOLYX DRY ERASE WHITE FOR GLASS SX2090","","","","","SourceSheet=Zeroed Out Inventory; SourceRow=1227; DateMethod=back_fill_from_next; ManufacturerSource=keyword_solyx; RawDescription=5800 - Solyx Dry Erase White For Glass SX2090 59""","false","","","2026-01-14","Imported from Zeroed Out Inventory tab","migration"
"IL-6412","Security","3M Ultra S800","36","0","0","D173324553","ZEROED","2026-01-14","2026-01-14","","","","SECURITY|3M ULTRA S800","","","","","SourceSheet=Zeroed Out Inventory; SourceRow=1228; DateMethod=back_fill_from_next; ManufacturerSource=lookup_film_width; RawDescription=6412 - 3M Ultra S800 36""","false","","","2026-01-14","Imported from Zeroed Out Inventory tab","migration"
"IL-5084","3M Solar","3M NV 15","60","0","0","D108324505","ZEROED","2026-01-14","2026-01-14","","","","3M SOLAR|3M NV 15","","","","","SourceSheet=Zeroed Out Inventory; SourceRow=1230; DateMethod=back_fill_from_next; ManufacturerSource=lookup_film_width; RawDescription=5084 - 3M NV 15 60""","false","","","2026-01-14","Imported from Zeroed Out Inventory tab","migration"
"IL-6299","Security","Madico Safetyshield 800","36","0","0","2.426730216E9","ZEROED","2026-01-14","2026-01-14","","","","SECURITY|MADICO SAFETYSHIELD 800","","","","","SourceSheet=Zeroed Out Inventory; SourceRow=1231; DateMethod=back_fill_from_next; ManufacturerSource=lookup_film_width; RawDescription=6299 - Madico Safetyshield 800 36""","false","","","2026-01-14","Imported from Zeroed Out Inventory tab","migration"
"IL-5810","Security","Madico Safetyshield 800","48","0","0","2.334130247E9","ZEROED","2026-01-14","2026-01-14","","","","SECURITY|MADICO SAFETYSHIELD 800","","","","","SourceSheet=Zeroed Out Inventory; SourceRow=1232; DateMethod=back_fill_from_next; ManufacturerSource=lookup_film_width; RawDescription=5810 - Madico Safetyshield 800 48""","false","","","2026-01-14","Imported from Zeroed Out Inventory tab","migration"
"IL-6376","Fasara","3M Fasara Stripe Safari SH2PTSR","50","0","0","1.05469423E8","ZEROED","2026-01-14","2026-01-14","","","","FASARA|3M FASARA STRIPE SAFARI SH2PTSR","","","","","SourceSheet=Zeroed Out Inventory; SourceRow=1233; DateMethod=back_fill_from_next; ManufacturerSource=lookup_film_width; RawDescription=6376 - 3M Fasara Stripe Safari SH2PTSR 50""","false","","","2026-01-14","Imported from Zeroed Out Inventory tab","migration"
"IL-6393","3M Solar","3M PR 60","48","0","0","E037324700","ZEROED","2026-01-14","2026-01-14","","","","3M SOLAR|3M PR 60","","","","","SourceSheet=Zeroed Out Inventory; SourceRow=1234; DateMethod=back_fill_from_next; ManufacturerSource=lookup_film_width; RawDescription=6393 - 3M PR 60 48""","false","","","2026-01-14","Imported from Zeroed Out Inventory tab","migration"
"IL-6334","Security","Madico Safetyshield 800","36","0","0","2.426730251E9","ZEROED","2026-01-14","2026-01-14","","","","SECURITY|MADICO SAFETYSHIELD 800","","","","","SourceSheet=Zeroed Out Inventory; SourceRow=1235; DateMethod=back_fill_from_next; ManufacturerSource=lookup_film_width; RawDescription=6334 - Madico Safetyshield 800 36""","false","","","2026-01-14","Imported from Zeroed Out Inventory tab","migration"
"IL-6400","Security","3M S2400","72","0","0","1.480001406E9","ZEROED","2026-01-14","2026-01-14","","","","SECURITY|3M S2400","","","","","SourceSheet=Zeroed Out Inventory; SourceRow=1236; DateMethod=back_fill_from_next; ManufacturerSource=lookup_film_width; RawDescription=6400 - 3M S2400 72""","false","","","2026-01-14","Imported from Zeroed Out Inventory tab","migration"
"IL-6401","Security","3M S2400","72","0","0","1.480001406E9","ZEROED","2026-01-14","2026-01-14","","","","SECURITY|3M S2400","","","","","SourceSheet=Zeroed Out Inventory; SourceRow=1237; DateMethod=back_fill_from_next; ManufacturerSource=lookup_film_width; RawDescription=6401 - 3M S2400 72""","false","","","2026-01-14","Imported from Zeroed Out Inventory tab","migration"
"IL-6402","Security","3M S2400","72","0","0","1.480001535E9","ZEROED","2026-01-14","2026-01-14","","","","SECURITY|3M S2400","","","","","SourceSheet=Zeroed Out Inventory; SourceRow=1238; DateMethod=back_fill_from_next; ManufacturerSource=lookup_film_width; RawDescription=6402 - 3M S2400 72""","false","","","2026-01-14","Imported from Zeroed Out Inventory tab","migration"
"IL-6421","Security","Madico Safetyshield 1500","60","0","0","2.507930136E9","ZEROED","2026-01-14","2026-01-14","","","","SECURITY|MADICO SAFETYSHIELD 1500","","","","","SourceSheet=Zeroed Out Inventory; SourceRow=1239; DateMethod=back_fill_from_next; ManufacturerSource=lookup_film_width; RawDescription=6421 - Madico Safetyshield 1500 60""","false","","","2026-01-14","Imported from Zeroed Out Inventory tab","migration"
"IL-6422","Security","Madico Safetyshield 1500","60","0","0","2.507930133E9","ZEROED","2026-01-14","2026-01-14","","","","SECURITY|MADICO SAFETYSHIELD 1500","","","","","SourceSheet=Zeroed Out Inventory; SourceRow=1240; DateMethod=back_fill_from_next; ManufacturerSource=lookup_film_width; RawDescription=6422 - Madico Safetyshield 1500 60""","false","","","2026-01-14","Imported from Zeroed Out Inventory tab","migration"
"IL-6423","Security","Madico Safetyshield 1500","60","0","0","2.507930133E9","ZEROED","2026-01-14","2026-01-14","","","","SECURITY|MADICO SAFETYSHIELD 1500","","","","","SourceSheet=Zeroed Out Inventory; SourceRow=1241; DateMethod=back_fill_from_next; ManufacturerSource=lookup_film_width; RawDescription=6423 - Madico Safetyshield 1500 60""","false","","","2026-01-14","Imported from Zeroed Out Inventory tab","migration"
"IL-6424","Security","Madico Safetyshield 1500","72","0","0","2.508430048E9","ZEROED","2026-01-14","2026-01-14","","","","SECURITY|MADICO SAFETYSHIELD 1500","","","","","SourceSheet=Zeroed Out Inventory; SourceRow=1242; DateMethod=back_fill_from_next; ManufacturerSource=lookup_film_width; RawDescription=6424 - Madico Safetyshield 1500 72""","false","","","2026-01-14","Imported from Zeroed Out Inventory tab","migration"
"IL-6425","Security","Madico Safetyshield 1500","72","0","0","2.508430051E9","ZEROED","2026-01-14","2026-01-14","","","","SECURITY|MADICO SAFETYSHIELD 1500","","","","","SourceSheet=Zeroed Out Inventory; SourceRow=1243; DateMethod=back_fill_from_next; ManufacturerSource=lookup_film_width; RawDescription=6425 - Madico Safetyshield 1500 72""","false","","","2026-01-14","Imported from Zeroed Out Inventory tab","migration"
"IL-5838","Vinyl","Tremco Spectrem 2 Clear","60","0","0","","ZEROED","2026-01-14","2026-01-14","","","","VINYL|TREMCO SPECTREM 2 CLEAR","","","","","SourceSheet=Zeroed Out Inventory; SourceRow=1244; DateMethod=back_fill_from_next; ManufacturerSource=default_vinyl; RawDescription=5838 - Tremco Spectrem 2 Clear","false","","","2026-01-14","Imported from Zeroed Out Inventory tab","migration"
"IL-6390","Solyx","Solyx White Matte SXWFWM","60","0","0","Source One test print","ZEROED","2026-01-14","2026-01-14","","","","SOLYX|SOLYX WHITE MATTE SXWFWM","","","","","SourceSheet=Zeroed Out Inventory; SourceRow=1245; DateMethod=back_fill_from_next; ManufacturerSource=lookup_film_width; RawDescription=6390 - Solyx White Matte SXWFWM 60""","false","","","2026-01-14","Imported from Zeroed Out Inventory tab","migration"
"IL-6450","Solyx","Solyx Total Light Blockout White SXF-5050","60","0","0","","ZEROED","2026-01-14","2026-01-14","","","","SOLYX|SOLYX TOTAL LIGHT BLOCKOUT WHITE SXF-5050","","","","","SourceSheet=Zeroed Out Inventory; SourceRow=1246; DateMethod=back_fill_from_next; ManufacturerSource=keyword_solyx; RawDescription=6450 - Solyx Total Light Blockout White SXF-5050 60""","false","","","2026-01-14","Imported from Zeroed Out Inventory tab","migration"
"IL-2863","Llumar","V28","72","0","0","450D023P28","ZEROED","2026-01-14","2026-01-14","","","","LLUMAR|V28","","","","","SourceSheet=Zeroed Out Inventory; SourceRow=1247; DateMethod=back_fill_from_next; ManufacturerSource=lookup_film; RawDescription=2863- V28 72""","false","","","2026-01-14","Imported from Zeroed Out Inventory tab","migration"
"IL-5416","Security","Madico 12 Mil Frost Matte","60","0","0","2.325539004E9","ZEROED","2026-01-14","2026-01-14","","","","SECURITY|MADICO 12 MIL FROST MATTE","","","","","SourceSheet=Zeroed Out Inventory; SourceRow=1248; DateMethod=back_fill_from_next; ManufacturerSource=lookup_film_width; RawDescription=5416 - Madico 12 Mil Frost Matte 60""","false","","","2026-01-14","Imported from Zeroed Out Inventory tab","migration"
"IL-5008","Fasara","3M Fasara Frost Straight Washi SH2FGSW","50","0","0","1.05167516E8","ZEROED","2026-01-14","2026-01-14","","","","FASARA|3M FASARA FROST STRAIGHT WASHI SH2FGSW","","","","","SourceSheet=Zeroed Out Inventory; SourceRow=1249; DateMethod=back_fill_from_next; ManufacturerSource=keyword_fasara; RawDescription=5008 - 3M Fasara Frost Straight Washi SH2FGSW 50""","false","","","2026-01-14","Imported from Zeroed Out Inventory tab","migration"
"IL-6109","Fasara","3M Fasara Straight Washi SH2FGSW","50","0","0","1.0637233E7","ZEROED","2026-01-14","2026-01-14","","","","FASARA|3M FASARA STRAIGHT WASHI SH2FGSW","","","","","SourceSheet=Zeroed Out Inventory; SourceRow=1250; DateMethod=back_fill_from_next; ManufacturerSource=lookup_film_width; RawDescription=6109 - 3M Fasara Straight Washi SH2FGSW 50""","false","","","2026-01-14","Imported from Zeroed Out Inventory tab","migration"
"IL-6300","3M Solar","3M PR 70","36","0","0","E266324909","ZEROED","2026-01-14","2026-01-14","","","","3M SOLAR|3M PR 70","","","","","SourceSheet=Zeroed Out Inventory; SourceRow=1251; DateMethod=back_fill_from_next; ManufacturerSource=lookup_film_width; RawDescription=6300 - 3M PR 70 36""","false","","","2026-01-14","Imported from Zeroed Out Inventory tab","migration"
"IL-5975","3M Solar","3M PR 70","72","0","0","E025324689","ZEROED","2026-01-14","2026-01-14","","","","3M SOLAR|3M PR 70","","","","","SourceSheet=Zeroed Out Inventory; SourceRow=1252; DateMethod=back_fill_from_next; ManufacturerSource=lookup_film_width; RawDescription=5975 - 3M PR 70 72""","false","","","2026-01-14","Imported from Zeroed Out Inventory tab","migration"
"IL-6463","Fasara","Feather Friendly Harmony","36","0","0","","ZEROED","2026-01-14","2026-01-14","","","","FASARA|FEATHER FRIENDLY HARMONY","","","","","SourceSheet=Zeroed Out Inventory; SourceRow=1253; DateMethod=back_fill_from_next; ManufacturerSource=lookup_film_width; RawDescription=6463 - Feather Friendly Harmony 36""","false","","","2026-01-14","Imported from Zeroed Out Inventory tab","migration"
"IL-6313","Solyx","Solyx Deep Etch SXGF-0097","60","0","0","","ZEROED","2026-01-14","2026-01-14","","","","SOLYX|SOLYX DEEP ETCH SXGF-0097","","","","","SourceSheet=Zeroed Out Inventory; SourceRow=1254; DateMethod=back_fill_from_next; ManufacturerSource=keyword_solyx; RawDescription=6313 - Solyx Deep Etch SXGF-0097 60""","false","","","2026-01-14","Imported from Zeroed Out Inventory tab","migration"
"IL-5417","Solar Guard","SG Slate 40","60","0","0","5.425707031E9","ZEROED","2026-01-14","2026-01-14","","","","SOLAR GUARD|SG SLATE 40","","","","","SourceSheet=Zeroed Out Inventory; SourceRow=1255; DateMethod=back_fill_from_next; ManufacturerSource=lookup_film_width; RawDescription=5417 - SG Slate 40 60""","false","","","2026-01-14","Imported from Zeroed Out Inventory tab","migration"
"IL-6467","Solyx","Solyx Shimera SX-3160","48","0","0","","ZEROED","2026-01-14","2026-01-14","","","","SOLYX|SOLYX SHIMERA SX-3160","","","","","SourceSheet=Zeroed Out Inventory; SourceRow=1256; DateMethod=back_fill_from_next; ManufacturerSource=lookup_film; RawDescription=6467 - Solyx Shimera SX-3160 48""","false","","","2026-01-14","Imported from Zeroed Out Inventory tab","migration"
"IL-5465","Solar Guard","SG Truevue 05","60","0","0","5.424953037E9","ZEROED","2026-01-14","2026-01-14","","","","SOLAR GUARD|SG TRUEVUE 05","","","","","SourceSheet=Zeroed Out Inventory; SourceRow=1257; DateMethod=back_fill_from_next; ManufacturerSource=lookup_film_width; RawDescription=5465 - SG Truevue 05 60""","false","","","2026-01-14","Imported from Zeroed Out Inventory tab","migration"
"IL-6449","Solar Guard","SG Truevue 05","48","0","0","5.436118029E9","ZEROED","2026-01-14","2026-01-14","","","","SOLAR GUARD|SG TRUEVUE 05","","","","","SourceSheet=Zeroed Out Inventory; SourceRow=1258; DateMethod=back_fill_from_next; ManufacturerSource=lookup_film_width; RawDescription=6449 - SG Truevue 05 48""","false","","","2026-01-14","Imported from Zeroed Out Inventory tab","migration"
"IL-6485","Solyx","Solyx Clear Frost SX1301","36","0","0","","ZEROED","2026-01-14","2026-01-14","","","","SOLYX|SOLYX CLEAR FROST SX1301","","","","","SourceSheet=Zeroed Out Inventory; SourceRow=1259; DateMethod=back_fill_from_next; ManufacturerSource=keyword_solyx; RawDescription=6485 - Solyx Clear Frost SX1301 36""","false","","","2026-01-14","Imported from Zeroed Out Inventory tab","migration"
"IL-6486","Solyx","Solyx Clear Frost SX1301","60","0","0","","ZEROED","2026-01-14","2026-01-14","","","","SOLYX|SOLYX CLEAR FROST SX1301","","","","","SourceSheet=Zeroed Out Inventory; SourceRow=1260; DateMethod=back_fill_from_next; ManufacturerSource=keyword_solyx; RawDescription=6486 - Solyx Clear Frost SX1301 60""","false","","","2026-01-14","Imported from Zeroed Out Inventory tab","migration"
"IL-6471","Fasara","Feather Friendly Symmetry","36","0","0","","ZEROED","2026-01-14","2026-01-14","","","","FASARA|FEATHER FRIENDLY SYMMETRY","","","","","SourceSheet=Zeroed Out Inventory; SourceRow=1261; DateMethod=back_fill_from_next; ManufacturerSource=default_vinyl; RawDescription=6471 - Feather Friendly Symmetry 36""; ManufacturerManualReview=move; ManufacturerBefore=Vinyl; ManufacturerAfter=Fasara; DecisionAtUtc=2026-03-14T22:38:14Z","false","","","2026-01-14","Imported from Zeroed Out Inventory tab","migration"
"IL-6453","Solyx","Solyx Dry Erase White For Glass SX2090","59","0","0","","ZEROED","2026-01-14","2026-01-14","","","","SOLYX|SOLYX DRY ERASE WHITE FOR GLASS SX2090","","","","","SourceSheet=Zeroed Out Inventory; SourceRow=1262; DateMethod=back_fill_from_next; ManufacturerSource=keyword_solyx; RawDescription=6453 - Solyx Dry Erase White For Glass SX2090 59""","false","","","2026-01-14","Imported from Zeroed Out Inventory tab","migration"
"IL-6437","Solyx","Solyx Dry Erase White For Glass SX2090","59","0","0","","ZEROED","2026-01-14","2026-01-14","","","","SOLYX|SOLYX DRY ERASE WHITE FOR GLASS SX2090","","","","","SourceSheet=Zeroed Out Inventory; SourceRow=1263; DateMethod=back_fill_from_next; ManufacturerSource=keyword_solyx; RawDescription=6437 - Solyx Dry Erase White For Glass SX2090 59""","false","","","2026-01-14","Imported from Zeroed Out Inventory tab","migration"
"IL-6106","Solar Guard","SG Sentinel Plus DX5 EXT","60","0","0","5.432238013E9","ZEROED","2026-01-14","2026-01-14","","","","SOLAR GUARD|SG SENTINEL PLUS DX5 EXT","","","","","SourceSheet=Zeroed Out Inventory; SourceRow=1264; DateMethod=back_fill_from_next; ManufacturerSource=lookup_film; RawDescription=6106 - SG Sentinel Plus DX5 EXT 60""","false","","","2026-01-14","Imported from Zeroed Out Inventory tab","migration"
"IL-6108","Solar Guard","SG Sentinel Plus DX5 EXT","72","0","0","5.43194307E9","ZEROED","2026-01-14","2026-01-14","","","","SOLAR GUARD|SG SENTINEL PLUS DX5 EXT","","","","","SourceSheet=Zeroed Out Inventory; SourceRow=1265; DateMethod=back_fill_from_next; ManufacturerSource=lookup_film_width; RawDescription=6108 - SG Sentinel Plus DX5 EXT 72""","false","","","2026-01-14","Imported from Zeroed Out Inventory tab","migration"
"IL-5077","Fasara","3M Fasara Frost Fine Crystal SH2FNCR","60","0","0","NO17C034","ZEROED","2026-01-14","2026-01-14","","","","FASARA|3M FASARA FROST FINE CRYSTAL SH2FNCR","","","","","SourceSheet=Zeroed Out Inventory; SourceRow=1266; DateMethod=back_fill_from_next; ManufacturerSource=keyword_fasara; RawDescription=5077 - 3M Fasara Frost Fine Crystal SH2FNCR 60""","false","","","2026-01-14","Imported from Zeroed Out Inventory tab","migration"
"IL-6476","Solar Guard","SG Slate 20","36","0","0","5.436555075E9","ZEROED","2026-01-14","2026-01-14","","","","SOLAR GUARD|SG SLATE 20","","","","","SourceSheet=Zeroed Out Inventory; SourceRow=1267; DateMethod=back_fill_from_next; ManufacturerSource=lookup_film; RawDescription=6476 - SG Slate 20 36""","false","","","2026-01-14","Imported from Zeroed Out Inventory tab","migration"
"IL-5897","3M Solar","3M Affinity 15","72","0","0","9.1623983E7","ZEROED","2026-01-14","2026-01-14","","","","3M SOLAR|3M AFFINITY 15","","","","","SourceSheet=Zeroed Out Inventory; SourceRow=1268; DateMethod=back_fill_from_next; ManufacturerSource=lookup_film_width; RawDescription=5897 - 3M Affinity 15 72""","false","","","2026-01-14","Imported from Zeroed Out Inventory tab","migration"
"IL-3512","Solar Guard","SG Slate 20","48","0","0","5.416613031E9","ZEROED","2026-01-14","2026-01-14","","","","SOLAR GUARD|SG SLATE 20","","","","","SourceSheet=Zeroed Out Inventory; SourceRow=1269; DateMethod=back_fill_from_next; ManufacturerSource=lookup_film; RawDescription=3512 - SG Slate 20 48""","false","","","2026-01-14","Imported from Zeroed Out Inventory tab","migration"
"IL-3130","Solar Guard","Panaroma Slate 20","48","0","0","5.40951002E9","ZEROED","2026-01-14","2026-01-14","","","","SOLAR GUARD|PANAROMA SLATE 20","","","","","SourceSheet=Zeroed Out Inventory; SourceRow=1270; DateMethod=back_fill_from_next; ManufacturerSource=lookup_film; RawDescription=3130 - Panaroma Slate 20 48""","false","","","2026-01-14","Imported from Zeroed Out Inventory tab","migration"
"IL-6394","3M Solar","3M PR 60","48","0","0","E037324700","ZEROED","2026-01-14","2026-01-14","","","","3M SOLAR|3M PR 60","","","","","SourceSheet=Zeroed Out Inventory; SourceRow=1271; DateMethod=back_fill_from_next; ManufacturerSource=lookup_film_width; RawDescription=6394 - 3M PR 60 48""","false","","","2026-01-14","Imported from Zeroed Out Inventory tab","migration"
"IL-6440","Security","Madico Safetyshield 1500","60","0","0","2.508330228E9","ZEROED","2026-01-14","2026-01-14","","","","SECURITY|MADICO SAFETYSHIELD 1500","","","","","SourceSheet=Zeroed Out Inventory; SourceRow=1272; DateMethod=back_fill_from_next; ManufacturerSource=lookup_film_width; RawDescription=6440 - Madico Safetyshield 1500 60""","false","","","2026-01-14","Imported from Zeroed Out Inventory tab","migration"
"IL-6247","Llumar","Llumar V 33","72","0","0","474A103P13","ZEROED","2026-01-14","2026-01-14","","","","LLUMAR|LLUMAR V 33","","","","","SourceSheet=Zeroed Out Inventory; SourceRow=1273; DateMethod=back_fill_from_next; ManufacturerSource=lookup_film; RawDescription=6247 - Llumar V 33 72""","false","","","2026-01-14","Imported from Zeroed Out Inventory tab","migration"
"IL-6357","Security","3M Ultra S800","60","0","0","E325324962","ZEROED","2026-01-14","2026-01-14","","","","SECURITY|3M ULTRA S800","","","","","SourceSheet=Zeroed Out Inventory; SourceRow=1274; DateMethod=back_fill_from_next; ManufacturerSource=lookup_film_width; RawDescription=6357 - 3M Ultra S800 60""","false","","","2026-01-14","Imported from Zeroed Out Inventory tab","migration"
"IL-6267","Security","3M Ultra S800","36","0","0","E145324804","ZEROED","2026-01-14","2026-01-14","","","","SECURITY|3M ULTRA S800","","","","","SourceSheet=Zeroed Out Inventory; SourceRow=1275; DateMethod=back_fill_from_next; ManufacturerSource=lookup_film_width; RawDescription=6267 - 3M Ultra S800 36""","false","","","2026-01-14","Imported from Zeroed Out Inventory tab","migration"
"IL-6489","3M Solar","3M Affinity 15","60","0","0","1.01924015E8","ZEROED","2026-01-14","2026-01-14","","","","3M SOLAR|3M AFFINITY 15","","","","","SourceSheet=Zeroed Out Inventory; SourceRow=1276; DateMethod=back_fill_from_next; ManufacturerSource=lookup_film_width; RawDescription=6489 - 3M Affinity 15 60""","false","","","2026-01-14","Imported from Zeroed Out Inventory tab","migration"
"IL-6296","Security","Madico Safetyshield 1500","60","0","0","2.431330079E9","ZEROED","2026-01-14","2026-01-14","","","","SECURITY|MADICO SAFETYSHIELD 1500","","","","","SourceSheet=Zeroed Out Inventory; SourceRow=1277; DateMethod=back_fill_from_next; ManufacturerSource=lookup_film_width; RawDescription=6296 - Madico Safetyshield 1500 60""","false","","","2026-01-14","Imported from Zeroed Out Inventory tab","migration"
"IL-6191","Security","3M Ultra S800","60","0","0","E110324764","ZEROED","2026-01-14","2026-01-14","","","","SECURITY|3M ULTRA S800","","","","","SourceSheet=Zeroed Out Inventory; SourceRow=1278; DateMethod=back_fill_from_next; ManufacturerSource=lookup_film_width; RawDescription=6191 - 3M Ultra S800 60""","false","","","2026-01-14","Imported from Zeroed Out Inventory tab","migration"
"IL-6498","Solyx","Solyx White Matte Max SXWFWMAX","60","0","0","","ZEROED","2026-01-14","2026-01-14","","","","SOLYX|SOLYX WHITE MATTE MAX SXWFWMAX","","","","","SourceSheet=Zeroed Out Inventory; SourceRow=1279; DateMethod=back_fill_from_next; ManufacturerSource=lookup_film_width; RawDescription=6498 - Solyx White Matte Max SXWFWMAX 60""","false","","","2026-01-14","Imported from Zeroed Out Inventory tab","migration"
"IL-6483","Security","3M Ultra S800","36","0","0","E145324804","ZEROED","2026-01-14","2026-01-14","","","","SECURITY|3M ULTRA S800","","","","","SourceSheet=Zeroed Out Inventory; SourceRow=1280; DateMethod=back_fill_from_next; ManufacturerSource=lookup_film_width; RawDescription=6483 - 3M Ultra S800 36""","false","","","2026-01-14","Imported from Zeroed Out Inventory tab","migration"
"IL-6510","3M Solar","3M NV 25","36","0","0","F073325045","ZEROED","2026-01-14","2026-01-14","","","","3M SOLAR|3M NV 25","","","","","SourceSheet=Zeroed Out Inventory; SourceRow=1281; DateMethod=back_fill_from_next; ManufacturerSource=lookup_film_width; RawDescription=6510 - 3M NV 25 36""","false","","","2026-01-14","Imported from Zeroed Out Inventory tab","migration"
"IL-6493","3M Solar","3M NV 15","60","0","0","F074325046","ZEROED","2026-01-14","2026-01-14","","","","3M SOLAR|3M NV 15","","","","","SourceSheet=Zeroed Out Inventory; SourceRow=1282; DateMethod=back_fill_from_next; ManufacturerSource=lookup_film_width; RawDescription=6493 - 3M NV 15 60""","false","","","2026-01-14","Imported from Zeroed Out Inventory tab","migration"
"IL-6494","3M Solar","3M PR 50 EXT","60","0","0","F010324993","ZEROED","2026-01-14","2026-01-14","","","","3M SOLAR|3M PR 50 EXT","","","","","SourceSheet=Zeroed Out Inventory; SourceRow=1283; DateMethod=back_fill_from_next; ManufacturerSource=lookup_film_width; RawDescription=6494 - 3M PR 50 EXT 60""","false","","","2026-01-14","Imported from Zeroed Out Inventory tab","migration"
"IL-6534","Solar Guard","SG Truevue 05","60","0","0","5.437432055E9","ZEROED","2026-01-14","2026-01-14","","","","SOLAR GUARD|SG TRUEVUE 05","","","","","SourceSheet=Zeroed Out Inventory; SourceRow=1284; DateMethod=back_fill_from_next; ManufacturerSource=lookup_film_width; RawDescription=6534 - SG Truevue 05 60""","false","","","2026-01-14","Imported from Zeroed Out Inventory tab","migration"
"IL-6511","Solar Guard","SG Truevue 05","60","0","0","5.437432059E9","ZEROED","2026-01-14","2026-01-14","","","","SOLAR GUARD|SG TRUEVUE 05","","","","","SourceSheet=Zeroed Out Inventory; SourceRow=1285; DateMethod=back_fill_from_next; ManufacturerSource=lookup_film_width; RawDescription=6511 - SG Truevue 05 60""","false","","","2026-01-14","Imported from Zeroed Out Inventory tab","migration"
"IL-6239","Llumar","Llumar RN07","36","0","0","494F013P09","ZEROED","2026-01-14","2026-01-14","","","","LLUMAR|LLUMAR RN07","","","","","SourceSheet=Zeroed Out Inventory; SourceRow=1286; DateMethod=back_fill_from_next; ManufacturerSource=lookup_film; RawDescription=6239 - Llumar RN07 36""","false","","","2026-01-14","Imported from Zeroed Out Inventory tab","migration"
"IL-6368","Llumar","Llumar RN07","48","0","0","464H039P14","ZEROED","2026-01-14","2026-01-14","","","","LLUMAR|LLUMAR RN07","","","","","SourceSheet=Zeroed Out Inventory; SourceRow=1287; DateMethod=back_fill_from_next; ManufacturerSource=lookup_film_width; RawDescription=6368 - Llumar RN07 48""","false","","","2026-01-14","Imported from Zeroed Out Inventory tab","migration"
"IL-6337","Security","Madico Safetyshield 800","48","0","0","2.418330415E9","ZEROED","2026-01-14","2026-01-14","","","","SECURITY|MADICO SAFETYSHIELD 800","","","","","SourceSheet=Zeroed Out Inventory; SourceRow=1288; DateMethod=back_fill_from_next; ManufacturerSource=lookup_film_width; RawDescription=6337 - Madico Safetyshield 800 48""","false","","","2026-01-14","Imported from Zeroed Out Inventory tab","migration"
"IL-6520","Security","3M S70 EXT","60","0","0","E317324958","ZEROED","2026-01-14","2026-01-14","","","","SECURITY|3M S70 EXT","","","","","SourceSheet=Zeroed Out Inventory; SourceRow=1289; DateMethod=back_fill_from_next; ManufacturerSource=lookup_film_width; RawDescription=6520 - 3M S70 EXT 60""","false","","","2026-01-14","Imported from Zeroed Out Inventory tab","migration"
"IL-6521","Security","3M S70 EXT","60","0","0","E317324958","ZEROED","2026-01-14","2026-01-14","","","","SECURITY|3M S70 EXT","","","","","SourceSheet=Zeroed Out Inventory; SourceRow=1290; DateMethod=back_fill_from_next; ManufacturerSource=lookup_film_width; RawDescription=6521 - 3M S70 EXT 60""","false","","","2026-01-14","Imported from Zeroed Out Inventory tab","migration"
"IL-6522","Security","3M S70 EXT","60","0","0","E317324958","ZEROED","2026-01-14","2026-01-14","","","","SECURITY|3M S70 EXT","","","","","SourceSheet=Zeroed Out Inventory; SourceRow=1291; DateMethod=back_fill_from_next; ManufacturerSource=lookup_film_width; RawDescription=6522 - 3M S70 EXT 60""","false","","","2026-01-14","Imported from Zeroed Out Inventory tab","migration"
"IL-6523","Security","3M S70 EXT","72","0","0","E317324958","ZEROED","2026-01-14","2026-01-14","","","","SECURITY|3M S70 EXT","","","","","SourceSheet=Zeroed Out Inventory; SourceRow=1292; DateMethod=back_fill_from_next; ManufacturerSource=lookup_film_width; RawDescription=6523 - 3M S70 EXT 72""","false","","","2026-01-14","Imported from Zeroed Out Inventory tab","migration"
"IL-6524","Security","3M S70 EXT","72","0","0","E317324958","ZEROED","2026-01-14","2026-01-14","","","","SECURITY|3M S70 EXT","","","","","SourceSheet=Zeroed Out Inventory; SourceRow=1293; DateMethod=back_fill_from_next; ManufacturerSource=lookup_film_width; RawDescription=6524 - 3M S70 EXT 72""","false","","","2026-01-14","Imported from Zeroed Out Inventory tab","migration"
"IL-6499","Security","3M Ultra S800","60","0","0","E115324768","ZEROED","2026-01-14","2026-01-14","","","","SECURITY|3M ULTRA S800","","","","","SourceSheet=Zeroed Out Inventory; SourceRow=1294; DateMethod=back_fill_from_next; ManufacturerSource=lookup_film_width; RawDescription=6499 - 3M Ultra S800 60""","false","","","2026-01-14","Imported from Zeroed Out Inventory tab","migration"
"IL-5122","3M Solar","3M NV 25","60","0","0","D110324507","ZEROED","2026-01-14","2026-01-14","","","","3M SOLAR|3M NV 25","","","","","SourceSheet=Zeroed Out Inventory; SourceRow=1295; DateMethod=back_fill_from_next; ManufacturerSource=lookup_film_width; RawDescription=5122 - 3M NV 25 60""","false","","","2026-01-14","Imported from Zeroed Out Inventory tab","migration"
"IL-6533","Security","Madico Safetyshield 800 Silver 20","72","0","0","2.508430431E9","ZEROED","2026-01-14","2026-01-14","","","","SECURITY|MADICO SAFETYSHIELD 800 SILVER 20","","","","","SourceSheet=Zeroed Out Inventory; SourceRow=1296; DateMethod=back_fill_from_next; ManufacturerSource=lookup_film; RawDescription=6533 - Madico Safetyshield 800 Silver 20 72""","false","","","2026-01-14","Imported from Zeroed Out Inventory tab","migration"
"IL-3220","Solyx","SOLYX SXJ-0561 60"" MATT FINISH FINE DOTS GRADIANT","60","0","0","","ZEROED","2026-01-14","2026-01-14","","","","SOLYX|SOLYX SXJ-0561 60"" MATT FINISH FINE DOTS GRADIANT","","","","","SourceSheet=Zeroed Out Inventory; SourceRow=1297; DateMethod=back_fill_from_next; ManufacturerSource=keyword_solyx; RawDescription=3220 - SOLYX SXJ-0561 60"" MATT FINISH FINE DOTS   GRADIANT","false","","","2026-01-14","Imported from Zeroed Out Inventory tab","migration"
"IL-6336","Security","Madico Safetyshield 800","48","0","0","2.416630005E9","ZEROED","2026-01-14","2026-01-14","","","","SECURITY|MADICO SAFETYSHIELD 800","","","","","SourceSheet=Zeroed Out Inventory; SourceRow=1298; DateMethod=back_fill_from_next; ManufacturerSource=lookup_film_width; RawDescription=6336 - Madico Safetyshield 800 48""","false","","","2026-01-14","Imported from Zeroed Out Inventory tab","migration"
"IL-6570","Fasara","3M Fasara Lausanne SH2EMLA","50","0","0","107672000A","ZEROED","2026-01-14","2026-01-14","","","","FASARA|3M FASARA LAUSANNE SH2EMLA","","","","","SourceSheet=Zeroed Out Inventory; SourceRow=1299; DateMethod=back_fill_from_next; ManufacturerSource=keyword_fasara; RawDescription=6570 - 3M Fasara Lausanne SH2EMLA 50""","false","","","2026-01-14","Imported from Zeroed Out Inventory tab","migration"
"IL-6461","Fasara","3M Fasara Mat Crystal SH2MACR-I 60""""","60","0","0","","ZEROED","2026-01-14","2026-01-14","","","","FASARA|3M FASARA MAT CRYSTAL SH2MACR-I 60""""","","","","","SourceSheet=Zeroed Out Inventory; SourceRow=1300; DateMethod=back_fill_from_next; ManufacturerSource=keyword_fasara; RawDescription=6461 - 3M Fasara Mat Crystal SH2MACR-I 60""""","false","","","2026-01-14","Imported from Zeroed Out Inventory tab","migration"
"IL-5911","Security","3M S70 EXT","60","0","0","D132324524","ZEROED","2026-01-14","2026-01-14","","","","SECURITY|3M S70 EXT","","","","","SourceSheet=Zeroed Out Inventory; SourceRow=1301; DateMethod=back_fill_from_next; ManufacturerSource=lookup_film_width; RawDescription=5911 - 3M S70 EXT 60""","false","","","2026-01-14","Imported from Zeroed Out Inventory tab","migration"
"IL-1487","Security","PR 70 Ultra","72","0","0","402884008B","ZEROED","2026-01-14","2026-01-14","","","","SECURITY|PR 70 ULTRA","","","","","SourceSheet=Zeroed Out Inventory; SourceRow=1302; DateMethod=back_fill_from_next; ManufacturerSource=lookup_film; RawDescription=1487- PR 70 Ultra 72""","false","","","2026-01-14","Imported from Zeroed Out Inventory tab","migration"
"IL-3638","Security","Madico Safetyshield 1500 Clear 15 MIL","72","0","0","NA   Tunneled?","ZEROED","2026-01-14","2026-01-14","","","","SECURITY|MADICO SAFETYSHIELD 1500 CLEAR 15 MIL","","","","","SourceSheet=Zeroed Out Inventory; SourceRow=1303; DateMethod=back_fill_from_next; ManufacturerSource=keyword_security; RawDescription=3638 - Madico Safetyshield 1500 Clear 15 MIL 72""","false","","","2026-01-14","Imported from Zeroed Out Inventory tab","migration"
"IL-5380","Security","3M AG-4","72","0","0","1.02621219E8","ZEROED","2026-01-14","2026-01-14","","","","SECURITY|3M AG-4","","","","","SourceSheet=Zeroed Out Inventory; SourceRow=1304; DateMethod=back_fill_from_next; ManufacturerSource=lookup_film_width; RawDescription=5380 - 3M AG-4 72""","false","","","2026-01-14","Imported from Zeroed Out Inventory tab","migration"
"IL-5812","Security","Madico Safetyshield 800","48","0","0","2.403330348E9","ZEROED","2026-01-14","2026-01-14","","","","SECURITY|MADICO SAFETYSHIELD 800","","","","","SourceSheet=Zeroed Out Inventory; SourceRow=1305; DateMethod=back_fill_from_next; ManufacturerSource=lookup_film_width; RawDescription=5812 - Madico Safetyshield 800 48""","false","","","2026-01-14","Imported from Zeroed Out Inventory tab","migration"
"IL-5910","Security","3M S70 EXT","60","0","0","D132324524","ZEROED","2026-01-14","2026-01-14","","","","SECURITY|3M S70 EXT","","","","","SourceSheet=Zeroed Out Inventory; SourceRow=1306; DateMethod=back_fill_from_next; ManufacturerSource=lookup_film_width; RawDescription=5910 - 3M S70 EXT 60""","false","","","2026-01-14","Imported from Zeroed Out Inventory tab","migration"
"IL-6172","Security","3M S140 SH14CLARL","60","0","0","232L","ZEROED","2026-01-14","2026-01-14","","","","SECURITY|3M S140 SH14CLARL","","","","","SourceSheet=Zeroed Out Inventory; SourceRow=1307; DateMethod=back_fill_from_next; ManufacturerSource=lookup_film_width; RawDescription=6172 - 3M S140 SH14CLARL 60""","false","","","2026-01-14","Imported from Zeroed Out Inventory tab","migration"
"IL-6220","Security","Madico 12 Mil Frost Matte","60","0","0","2.404630149E9","ZEROED","2026-01-14","2026-01-14","","","","SECURITY|MADICO 12 MIL FROST MATTE","","","","","SourceSheet=Zeroed Out Inventory; SourceRow=1308; DateMethod=back_fill_from_next; ManufacturerSource=lookup_film_width; RawDescription=6220 - Madico 12 Mil Frost Matte 60""","false","","","2026-01-14","Imported from Zeroed Out Inventory tab","migration"
"IL-3427","Fasara","MILANO SH2MAML","50","0","0","JR-4510-4399-6","ZEROED","2026-01-14","2026-01-14","","","","FASARA|MILANO SH2MAML","","","","","SourceSheet=Zeroed Out Inventory; SourceRow=1309; DateMethod=back_fill_from_next; ManufacturerSource=keyword_fasara; RawDescription=3427- MILANO SH2MAML 50""","false","","","2026-01-14","Imported from Zeroed Out Inventory tab","migration"
"IL-4072","Fasara","3M FASARA San Marino SH2MAMM","60","0","0","104837099A","ZEROED","2026-01-14","2026-01-14","","","","FASARA|3M FASARA SAN MARINO SH2MAMM","","","","","SourceSheet=Zeroed Out Inventory; SourceRow=1310; DateMethod=back_fill_from_next; ManufacturerSource=keyword_fasara; RawDescription=4072 - 3M FASARA San Marino SH2MAMM  60""","false","","","2026-01-14","Imported from Zeroed Out Inventory tab","migration"
"IL-6275","Fasara","Feather Friendly Harmony","36","0","0","","ZEROED","2026-01-14","2026-01-14","","","","FASARA|FEATHER FRIENDLY HARMONY","","","","","SourceSheet=Zeroed Out Inventory; SourceRow=1311; DateMethod=back_fill_from_next; ManufacturerSource=lookup_film_width; RawDescription=6275 - Feather Friendly Harmony 36""","false","","","2026-01-14","Imported from Zeroed Out Inventory tab","migration"
"IL-6276","Fasara","Feather Friendly Harmony","36","0","0","","ZEROED","2026-01-14","2026-01-14","","","","FASARA|FEATHER FRIENDLY HARMONY","","","","","SourceSheet=Zeroed Out Inventory; SourceRow=1312; DateMethod=back_fill_from_next; ManufacturerSource=lookup_film_width; RawDescription=6276 - Feather Friendly Harmony 36""","false","","","2026-01-14","Imported from Zeroed Out Inventory tab","migration"
"IL-6277","Fasara","Feather Friendly Harmony","36","0","0","","ZEROED","2026-01-14","2026-01-14","","","","FASARA|FEATHER FRIENDLY HARMONY","","","","","SourceSheet=Zeroed Out Inventory; SourceRow=1313; DateMethod=back_fill_from_next; ManufacturerSource=lookup_film_width; RawDescription=6277 - Feather Friendly Harmony 36""","false","","","2026-01-14","Imported from Zeroed Out Inventory tab","migration"
"IL-6202","3M Solar","3M PR 20 EXT","36","0","0","E179324833","ZEROED","2026-01-14","2026-01-14","","","","3M SOLAR|3M PR 20 EXT","","","","","SourceSheet=Zeroed Out Inventory; SourceRow=1314; DateMethod=back_fill_from_next; ManufacturerSource=lookup_film_width; RawDescription=6202 - 3M PR 20 EXT 36""","false","","","2026-01-14","Imported from Zeroed Out Inventory tab","migration"
"IL-3844","Solyx","Solyx White Sand Matte SX1409","55","0","0","","ZEROED","2026-01-14","2026-01-14","","","","SOLYX|SOLYX WHITE SAND MATTE SX1409","","","","","SourceSheet=Zeroed Out Inventory; SourceRow=1315; DateMethod=back_fill_from_next; ManufacturerSource=lookup_film; RawDescription=3844 - Solyx White Sand Matte SX1409 55""","false","","","2026-01-14","Imported from Zeroed Out Inventory tab","migration"
"IL-6212","Llumar","Llumar 100% Whiteout","60","0","0","D794557P08","ZEROED","2026-01-14","2026-01-14","","","","LLUMAR|LLUMAR 100% WHITEOUT","","","","","SourceSheet=Zeroed Out Inventory; SourceRow=1316; DateMethod=back_fill_from_next; ManufacturerSource=keyword_llumar; RawDescription=6212 - Llumar 100% Whiteout 60""","false","","","2026-01-14","Imported from Zeroed Out Inventory tab","migration"
"IL-3657","Solar Guard","SG TrueVue 15","36","0","0","5.41587503E9","ZEROED","2026-01-14","2026-01-14","","","","SOLAR GUARD|SG TRUEVUE 15","","","","","SourceSheet=Zeroed Out Inventory; SourceRow=1317; DateMethod=back_fill_from_next; ManufacturerSource=lookup_film_width; RawDescription=3657 - SG TrueVue 15 36""","false","","","2026-01-14","Imported from Zeroed Out Inventory tab","migration"
"IL-3502","Solar Guard","SG Panarama HiLite 70","72","0","0","","ZEROED","2026-01-14","2026-01-14","","","","SOLAR GUARD|SG PANARAMA HILITE 70","","","","","SourceSheet=Zeroed Out Inventory; SourceRow=1318; DateMethod=back_fill_from_next; ManufacturerSource=keyword_solar_guard; RawDescription=3502 - SG Panarama HiLite 70  72""","false","","","2026-01-14","Imported from Zeroed Out Inventory tab","migration"
"IL-6052","Solar Guard","SG Slate 20","60","0","0","5.430914053E9","ZEROED","2026-01-14","2026-01-14","","","","SOLAR GUARD|SG SLATE 20","","","","","SourceSheet=Zeroed Out Inventory; SourceRow=1320; DateMethod=back_fill_from_next; ManufacturerSource=lookup_film_width; RawDescription=6052 - SG Slate 20 60""","false","","","2026-01-14","Imported from Zeroed Out Inventory tab","migration"
"IL-6410","3M Solar","3M IPA White","60","0","0","","ZEROED","2026-01-14","2026-01-14","","","","3M SOLAR|3M IPA WHITE","","","","","SourceSheet=Zeroed Out Inventory; SourceRow=1321; DateMethod=back_fill_from_next; ManufacturerSource=keyword_3m_default; RawDescription=6410 - 3M IPA White","false","","","2026-01-14","Imported from Zeroed Out Inventory tab","migration"
"IL-6105","Vinyl","DOW 995 White Cart.","60","0","0","","ZEROED","2026-01-14","2026-01-14","","","","VINYL|DOW 995 WHITE CART.","","","","","SourceSheet=Zeroed Out Inventory; SourceRow=1322; DateMethod=back_fill_from_next; ManufacturerSource=keyword_vinyl; RawDescription=6105 - DOW 995 White Cart.","false","","","2026-01-14","Imported from Zeroed Out Inventory tab","migration"
"IL-5983","Vinyl","DOW 995 Black","60","0","0","","ZEROED","2026-01-14","2026-01-14","","","","VINYL|DOW 995 BLACK","","","","","SourceSheet=Zeroed Out Inventory; SourceRow=1323; DateMethod=back_fill_from_next; ManufacturerSource=keyword_vinyl; RawDescription=5983 - DOW 995 Black","false","","","2026-01-14","Imported from Zeroed Out Inventory tab","migration"
"IL-3584","3M Solar","3M White IPA Caulk","60","0","0","","ZEROED","2026-01-14","2026-01-14","","","","3M SOLAR|3M WHITE IPA CAULK","","","","","SourceSheet=Zeroed Out Inventory; SourceRow=1324; DateMethod=back_fill_from_next; ManufacturerSource=keyword_3m_default; RawDescription=3584 - 3M White IPA Caulk","false","","","2026-01-14","Imported from Zeroed Out Inventory tab","migration"
"IL-2602","Vinyl","GREY CAULK - STONEY","60","0","0","","ZEROED","2026-01-14","2026-01-14","","","","VINYL|GREY CAULK - STONEY","","","","","SourceSheet=Zeroed Out Inventory; SourceRow=1325; DateMethod=back_fill_from_next; ManufacturerSource=keyword_vinyl; RawDescription=2602 - GREY CAULK - STONEY","false","","","2026-01-14","Imported from Zeroed Out Inventory tab","migration"
"IL-3169","Llumar","LLUMAR PS13","60","0","0","D741155","ZEROED","2026-01-14","2026-01-14","","","","LLUMAR|LLUMAR PS13","","","","","SourceSheet=Zeroed Out Inventory; SourceRow=1326; DateMethod=back_fill_from_next; ManufacturerSource=keyword_llumar; RawDescription=3169 - LLUMAR PS13 60""","false","","","2026-01-14","Imported from Zeroed Out Inventory tab","migration"
"IL-3170","Llumar","LLUMAR PS13","72","0","0","D746852","ZEROED","2026-01-14","2026-01-14","","","","LLUMAR|LLUMAR PS13","","","","","SourceSheet=Zeroed Out Inventory; SourceRow=1327; DateMethod=back_fill_from_next; ManufacturerSource=keyword_llumar; RawDescription=3170 - LLUMAR PS13 72""","false","","","2026-01-14","Imported from Zeroed Out Inventory tab","migration"
"IL-2597","Security","AV Clear 7Mil EXT","72","0","0","","ZEROED","2026-01-14","2026-01-14","","","","SECURITY|AV CLEAR 7MIL EXT","","","","","SourceSheet=Zeroed Out Inventory; SourceRow=1328; DateMethod=back_fill_from_next; ManufacturerSource=default_vinyl; RawDescription=2597 - AV Clear 7Mil EXT 72""; ManufacturerManualReview=move; ManufacturerBefore=Vinyl; ManufacturerAfter=Security; DecisionAtUtc=2026-03-14T22:39:01Z","false","","","2026-01-14","Imported from Zeroed Out Inventory tab","migration"
"IL-6273","Solyx","Xpel Intelligence 65 XVAS65","58","0","0","1.01092149E8","ZEROED","2026-01-14","2026-01-14","","","","SOLYX|XPEL INTELLIGENCE 65 XVAS65","","","","","SourceSheet=Zeroed Out Inventory; SourceRow=1329; DateMethod=back_fill_from_next; ManufacturerSource=lookup_film_width; RawDescription=6273 - Xpel Intelligence 65 XVAS65 58""","false","","","2026-01-14","Imported from Zeroed Out Inventory tab","migration"
"IL-6542","Llumar","Llumar Bronze 20 N1020B","60","0","0","415B053","ZEROED","2026-01-14","2026-01-14","","","","LLUMAR|LLUMAR BRONZE 20 N1020B","","","","","SourceSheet=Zeroed Out Inventory; SourceRow=1330; DateMethod=back_fill_from_next; ManufacturerSource=lookup_film_width; RawDescription=6542 - Llumar Bronze 20 N1020B 60""","false","","","2026-01-14","Imported from Zeroed Out Inventory tab","migration"
"IL-6543","Llumar","Llumar Bronze 20 N1020B","60","0","0","415B053","ZEROED","2026-01-14","2026-01-14","","","","LLUMAR|LLUMAR BRONZE 20 N1020B","","","","","SourceSheet=Zeroed Out Inventory; SourceRow=1331; DateMethod=back_fill_from_next; ManufacturerSource=lookup_film_width; RawDescription=6543 - Llumar Bronze 20 N1020B 60""","false","","","2026-01-14","Imported from Zeroed Out Inventory tab","migration"
"IL-6544","Llumar","Llumar Bronze 20 N1020B","60","0","0","415B053P23","ZEROED","2026-01-14","2026-01-14","","","","LLUMAR|LLUMAR BRONZE 20 N1020B","","","","","SourceSheet=Zeroed Out Inventory; SourceRow=1332; DateMethod=back_fill_from_next; ManufacturerSource=lookup_film_width; RawDescription=6544 - Llumar Bronze 20 N1020B 60""","false","","","2026-01-14","Imported from Zeroed Out Inventory tab","migration"
"IL-6545","Llumar","Llumar Bronze 20 N1020B","60","0","0","415B053","ZEROED","2026-01-14","2026-01-14","","","","LLUMAR|LLUMAR BRONZE 20 N1020B","","","","","SourceSheet=Zeroed Out Inventory; SourceRow=1333; DateMethod=back_fill_from_next; ManufacturerSource=lookup_film_width; RawDescription=6545 - Llumar Bronze 20 N1020B 60""","false","","","2026-01-14","Imported from Zeroed Out Inventory tab","migration"
"IL-6546","Llumar","Llumar Bronze 20 N1020B","60","0","0","415B053","ZEROED","2026-01-14","2026-01-14","","","","LLUMAR|LLUMAR BRONZE 20 N1020B","","","","","SourceSheet=Zeroed Out Inventory; SourceRow=1334; DateMethod=back_fill_from_next; ManufacturerSource=lookup_film_width; RawDescription=6546 - Llumar Bronze 20 N1020B 60""","false","","","2026-01-14","Imported from Zeroed Out Inventory tab","migration"
"IL-6547","Llumar","Llumar Bronze 20 N1020B","72","0","0","455C012","ZEROED","2026-01-14","2026-01-14","","","","LLUMAR|LLUMAR BRONZE 20 N1020B","","","","","SourceSheet=Zeroed Out Inventory; SourceRow=1335; DateMethod=back_fill_from_next; ManufacturerSource=lookup_film_width; RawDescription=6547 - Llumar Bronze 20 N1020B 72""","false","","","2026-01-14","Imported from Zeroed Out Inventory tab","migration"
"IL-6549","Llumar","Llumar Bronze 20 N1020B","72","0","0","455C012P25","ZEROED","2026-01-14","2026-01-14","","","","LLUMAR|LLUMAR BRONZE 20 N1020B","","","","","SourceSheet=Zeroed Out Inventory; SourceRow=1336; DateMethod=back_fill_from_next; ManufacturerSource=lookup_film_width; RawDescription=6549 - Llumar Bronze 20 N1020B 72""","false","","","2026-01-14","Imported from Zeroed Out Inventory tab","migration"
"IL-6553","Security","Madico Safetyshield 800","60","0","0","2.510430127E9","ZEROED","2026-01-14","2026-01-14","","","","SECURITY|MADICO SAFETYSHIELD 800","","","","","SourceSheet=Zeroed Out Inventory; SourceRow=1337; DateMethod=back_fill_from_next; ManufacturerSource=lookup_film_width; RawDescription=6553 - Madico Safetyshield 800 60""","false","","","2026-01-14","Imported from Zeroed Out Inventory tab","migration"
"IL-6554","Security","Madico Safetyshield 800","60","0","0","2.512030196E9","ZEROED","2026-01-14","2026-01-14","","","","SECURITY|MADICO SAFETYSHIELD 800","","","","","SourceSheet=Zeroed Out Inventory; SourceRow=1338; DateMethod=back_fill_from_next; ManufacturerSource=lookup_film_width; RawDescription=6554 - Madico Safetyshield 800 60""","false","","","2026-01-14","Imported from Zeroed Out Inventory tab","migration"
"IL-6198","Security","Madico Safetyshield 800","36","0","0","2.418030157E9","ZEROED","2026-01-14","2026-01-14","","","","SECURITY|MADICO SAFETYSHIELD 800","","","","","SourceSheet=Zeroed Out Inventory; SourceRow=1339; DateMethod=back_fill_from_next; ManufacturerSource=lookup_film_width; RawDescription=6198 - Madico Safetyshield 800 36""","false","","","2026-01-14","Imported from Zeroed Out Inventory tab","migration"
"IL-6556","3M Solar","3M Affinity 15","60","0","0","1.01924014E8","ZEROED","2026-01-14","2026-01-14","","","","3M SOLAR|3M AFFINITY 15","","","","","SourceSheet=Zeroed Out Inventory; SourceRow=1340; DateMethod=back_fill_from_next; ManufacturerSource=lookup_film_width; RawDescription=6556 - 3M Affinity 15 60""","false","","","2026-01-14","Imported from Zeroed Out Inventory tab","migration"
"IL-6557","3M Solar","3M Affinity 15","60","0","0","1.01924014E8","ZEROED","2026-01-14","2026-01-14","","","","3M SOLAR|3M AFFINITY 15","","","","","SourceSheet=Zeroed Out Inventory; SourceRow=1341; DateMethod=back_fill_from_next; ManufacturerSource=lookup_film_width; RawDescription=6557 - 3M Affinity 15 60""","false","","","2026-01-14","Imported from Zeroed Out Inventory tab","migration"
"IL-6256","Fasara","3M Fasara San Marino Milky Milky SH2MAMM","50","0","0","106372915B","ZEROED","2026-01-14","2026-01-14","","","","FASARA|3M FASARA SAN MARINO MILKY MILKY SH2MAMM","","","","","SourceSheet=Zeroed Out Inventory; SourceRow=1342; DateMethod=back_fill_from_next; ManufacturerSource=lookup_film_width; RawDescription=6256 - 3M Fasara San Marino Milky Milky SH2MAMM 50""","false","","","2026-01-14","Imported from Zeroed Out Inventory tab","migration"
"IL-6047","3M Solar","3M PR 40 EXT","60","0","0","E104324756","ZEROED","2026-01-14","2026-01-14","","","","3M SOLAR|3M PR 40 EXT","","","","","SourceSheet=Zeroed Out Inventory; SourceRow=1343; DateMethod=back_fill_from_next; ManufacturerSource=lookup_film_width; RawDescription=6047 - 3M PR 40 EXT 60""","false","","","2026-01-14","Imported from Zeroed Out Inventory tab","migration"
"IL-6341","Security","Madico Safetyshield 800","72","0","0","2.426730156E9","ZEROED","2026-01-14","2026-01-14","","","","SECURITY|MADICO SAFETYSHIELD 800","","","","","SourceSheet=Zeroed Out Inventory; SourceRow=1344; DateMethod=back_fill_from_next; ManufacturerSource=lookup_film_width; RawDescription=6341 - Madico Safetyshield 800 72""","false","","","2026-01-14","Imported from Zeroed Out Inventory tab","migration"
"IL-6284","Security","Madico Safetyshield 800","60","0","0","2.42613006E9","ZEROED","2026-01-14","2026-01-14","","","","SECURITY|MADICO SAFETYSHIELD 800","","","","","SourceSheet=Zeroed Out Inventory; SourceRow=1345; DateMethod=back_fill_from_next; ManufacturerSource=lookup_film_width; RawDescription=6284 - Madico Safetyshield 800 60""","false","","","2026-01-14","Imported from Zeroed Out Inventory tab","migration"
"IL-6298","Security","Madico Safetyshield 800","36","0","0","2.426730215E9","ZEROED","2026-01-14","2026-01-14","","","","SECURITY|MADICO SAFETYSHIELD 800","","","","","SourceSheet=Zeroed Out Inventory; SourceRow=1346; DateMethod=back_fill_from_next; ManufacturerSource=lookup_film_width; RawDescription=6298 - Madico Safetyshield 800 36""","false","","","2026-01-14","Imported from Zeroed Out Inventory tab","migration"
"IL-5389","Security","Madico Frost Matte 2 Mil 200PS","60","0","0","2.317133038E9","ZEROED","2026-01-14","2026-01-14","","","","SECURITY|MADICO FROST MATTE 2 MIL 200PS","","","","","SourceSheet=Zeroed Out Inventory; SourceRow=1347; DateMethod=back_fill_from_next; ManufacturerSource=keyword_security; RawDescription=5389 - Madico Frost Matte 2 Mil 200PS 60""","false","","","2026-01-14","Imported from Zeroed Out Inventory tab","migration"
"IL-6234","3M Solar","3M PR 70 EXT","36","0","0","D343324662","ZEROED","2026-01-14","2026-01-14","","","","3M SOLAR|3M PR 70 EXT","","","","","SourceSheet=Zeroed Out Inventory; SourceRow=1348; DateMethod=back_fill_from_next; ManufacturerSource=lookup_film_width; RawDescription=6234 - 3M PR 70 EXT 36""","false","","","2026-01-14","Imported from Zeroed Out Inventory tab","migration"
"IL-6235","3M Solar","3M PR 70 EXT","36","0","0","D343324662","ZEROED","2026-01-14","2026-01-14","","","","3M SOLAR|3M PR 70 EXT","","","","","SourceSheet=Zeroed Out Inventory; SourceRow=1349; DateMethod=back_fill_from_next; ManufacturerSource=lookup_film_width; RawDescription=6235 - 3M PR 70 EXT 36""","false","","","2026-01-14","Imported from Zeroed Out Inventory tab","migration"
"IL-6528","Solyx","Solyx Safety Sand Blast SXR8785","60","0","0","","ZEROED","2026-01-14","2026-01-14","","","","SOLYX|SOLYX SAFETY SAND BLAST SXR8785","","","","","SourceSheet=Zeroed Out Inventory; SourceRow=1350; DateMethod=back_fill_from_next; ManufacturerSource=keyword_solyx; RawDescription=6528 - Solyx Safety Sand Blast SXR8785 60""","false","","","2026-01-14","Imported from Zeroed Out Inventory tab","migration"
"IL-2733","Solyx","Reed Glass SX-1254 BOX 2/2","60","0","0","","ZEROED","2026-01-14","2026-01-14","","","","SOLYX|REED GLASS SX-1254 BOX 2/2","","","","","SourceSheet=Zeroed Out Inventory; SourceRow=1351; DateMethod=back_fill_from_next; ManufacturerSource=keyword_solyx; RawDescription=2733 - Reed Glass SX-1254 BOX 2/2","false","","","2026-01-14","Imported from Zeroed Out Inventory tab","migration"
"IL-6474","Security","3M Ultra S800","60","0","0","E327324964","ZEROED","2026-01-14","2026-01-14","","","","SECURITY|3M ULTRA S800","","","","","SourceSheet=Zeroed Out Inventory; SourceRow=1352; DateMethod=back_fill_from_next; ManufacturerSource=lookup_film_width; RawDescription=6474 - 3M Ultra S800 60""","false","","","2026-01-14","Imported from Zeroed Out Inventory tab","migration"
"IL-6599","3M Solar","3M S80","60","0","0","242B","ZEROED","2026-01-14","2026-01-14","","","","3M SOLAR|3M S80","","","","","SourceSheet=Zeroed Out Inventory; SourceRow=1353; DateMethod=back_fill_from_next; ManufacturerSource=keyword_3m_default; RawDescription=6599 - 3M S80 60""","false","","","2026-01-14","Imported from Zeroed Out Inventory tab","migration"
"IL-6611","3M Solar","3M S80","60","0","0","242L","ZEROED","2026-01-14","2026-01-14","","","","3M SOLAR|3M S80","","","","","SourceSheet=Zeroed Out Inventory; SourceRow=1354; DateMethod=back_fill_from_next; ManufacturerSource=keyword_3m_default; RawDescription=6611 - 3M S80 60""","false","","","2026-01-14","Imported from Zeroed Out Inventory tab","migration"
"IL-5755","Solyx","Solar Graphics Amber 2400","60","0","0","","ZEROED","2026-01-14","2026-01-14","","","","SOLYX|SOLAR GRAPHICS AMBER 2400","","","","","SourceSheet=Zeroed Out Inventory; SourceRow=1355; DateMethod=back_fill_from_next; ManufacturerSource=lookup_film_width; RawDescription=5755 - Solar Graphics Amber 2400 60""","false","","","2026-01-14","Imported from Zeroed Out Inventory tab","migration"
"IL-6415","Solyx","Solyx White Matte SXWFWM","60","0","0","","ZEROED","2026-01-14","2026-01-14","","","","SOLYX|SOLYX WHITE MATTE SXWFWM","","","","","SourceSheet=Zeroed Out Inventory; SourceRow=1356; DateMethod=back_fill_from_next; ManufacturerSource=lookup_film_width; RawDescription=6415 - Solyx White Matte SXWFWM 60""","false","","","2026-01-14","Imported from Zeroed Out Inventory tab","migration"
"IL-6321","Fasara","Feather Friendly Harmony","48","0","0","","ZEROED","2026-01-14","2026-01-14","","","","FASARA|FEATHER FRIENDLY HARMONY","","","","","SourceSheet=Zeroed Out Inventory; SourceRow=1357; DateMethod=back_fill_from_next; ManufacturerSource=lookup_film_width; RawDescription=6321 - Feather Friendly Harmony 48""","false","","","2026-01-14","Imported from Zeroed Out Inventory tab","migration"
"IL-6323","Fasara","Feather Friendly Harmony","48","0","0","","ZEROED","2026-01-14","2026-01-14","","","","FASARA|FEATHER FRIENDLY HARMONY","","","","","SourceSheet=Zeroed Out Inventory; SourceRow=1358; DateMethod=back_fill_from_next; ManufacturerSource=lookup_film_width; RawDescription=6323 - Feather Friendly Harmony 48""","false","","","2026-01-14","Imported from Zeroed Out Inventory tab","migration"
"IL-6324","Fasara","Feather Friendly Harmony","48","0","0","","ZEROED","2026-01-14","2026-01-14","","","","FASARA|FEATHER FRIENDLY HARMONY","","","","","SourceSheet=Zeroed Out Inventory; SourceRow=1359; DateMethod=back_fill_from_next; ManufacturerSource=lookup_film_width; RawDescription=6324 - Feather Friendly Harmony 48""","false","","","2026-01-14","Imported from Zeroed Out Inventory tab","migration"
"IL-6639","Security","3M S140 SH14CLARL","60","0","0","242E","ZEROED","2026-01-14","2026-01-14","","","","SECURITY|3M S140 SH14CLARL","","","","","SourceSheet=Zeroed Out Inventory; SourceRow=1360; DateMethod=back_fill_from_next; ManufacturerSource=lookup_film_width; RawDescription=6639 - 3M S140 SH14CLARL 60""","false","","","2026-01-14","Imported from Zeroed Out Inventory tab","migration"
"IL-6625","Solyx","Solyx White Black Opaque SXWFWB","59","0","0","","ZEROED","2026-01-14","2026-01-14","","","","SOLYX|SOLYX WHITE BLACK OPAQUE SXWFWB","","","","","SourceSheet=Zeroed Out Inventory; SourceRow=1361; DateMethod=back_fill_from_next; ManufacturerSource=lookup_film_width; RawDescription=6625 - Solyx White Black Opaque SXWFWB 59""","false","","","2026-01-14","Imported from Zeroed Out Inventory tab","migration"
"IL-6586","Llumar","Llumar V 18","48","0","0","475D066P03","ZEROED","2026-01-14","2026-01-14","","","","LLUMAR|LLUMAR V 18","","","","","SourceSheet=Zeroed Out Inventory; SourceRow=1362; DateMethod=back_fill_from_next; ManufacturerSource=lookup_film_width; RawDescription=6586 - Llumar V 18 48""","false","","","2026-01-14","Imported from Zeroed Out Inventory tab","migration"
"IL-6470","3M Solar","3M PR 70","60","0","0","F045325023","ZEROED","2026-01-14","2026-01-14","","","","3M SOLAR|3M PR 70","","","","","SourceSheet=Zeroed Out Inventory; SourceRow=1363; DateMethod=back_fill_from_next; ManufacturerSource=lookup_film_width; RawDescription=6470 - 3M PR 70 60""","false","","","2026-01-14","Imported from Zeroed Out Inventory tab","migration"
"IL-6576","Security","3M S140 SH14CLARL","60","0","0","242B","ZEROED","2026-01-14","2026-01-14","","","","SECURITY|3M S140 SH14CLARL","","","","","SourceSheet=Zeroed Out Inventory; SourceRow=1364; DateMethod=back_fill_from_next; ManufacturerSource=lookup_film_width; RawDescription=6576 - 3M S140 SH14CLARL 60""","false","","","2026-01-14","Imported from Zeroed Out Inventory tab","migration"
"IL-6577","Security","3M S140 SH14CLARL","60","0","0","242B","ZEROED","2026-01-14","2026-01-14","","","","SECURITY|3M S140 SH14CLARL","","","","","SourceSheet=Zeroed Out Inventory; SourceRow=1365; DateMethod=back_fill_from_next; ManufacturerSource=lookup_film_width; RawDescription=6577 - 3M S140 SH14CLARL 60""","false","","","2026-01-14","Imported from Zeroed Out Inventory tab","migration"
"IL-5445","Fasara","3M Fasara Black Blockout Matte 3635-22B","48","0","0","126746.0","ZEROED","2026-01-14","2026-01-14","","","","FASARA|3M FASARA BLACK BLOCKOUT MATTE 3635-22B","","","","","SourceSheet=Zeroed Out Inventory; SourceRow=1366; DateMethod=back_fill_from_next; ManufacturerSource=keyword_fasara; RawDescription=5445 - 3M Fasara Black Blockout Matte 3635-22B 48""","false","","","2026-01-14","Imported from Zeroed Out Inventory tab","migration"
"IL-5413","Llumar","Llumar Frost NRM PS2","60","0","0","403H022","ZEROED","2026-01-14","2026-01-14","","","","LLUMAR|LLUMAR FROST NRM PS2","","","","","SourceSheet=Zeroed Out Inventory; SourceRow=1367; DateMethod=back_fill_from_next; ManufacturerSource=lookup_film_width; RawDescription=5413 - Llumar Frost NRM PS2 60""","false","","","2026-01-14","Imported from Zeroed Out Inventory tab","migration"
"IL-5726","Llumar","Llumar Frost NRM PS2","72","0","0","453L053","ZEROED","2026-01-14","2026-01-14","","","","LLUMAR|LLUMAR FROST NRM PS2","","","","","SourceSheet=Zeroed Out Inventory; SourceRow=1368; DateMethod=back_fill_from_next; ManufacturerSource=lookup_film; RawDescription=5726 - Llumar Frost NRM PS2 72""","false","","","2026-01-14","Imported from Zeroed Out Inventory tab","migration"
"IL-5722","Llumar","Llumar Frost NRM PS2","60","0","0","433L039","ZEROED","2026-01-14","2026-01-14","","","","LLUMAR|LLUMAR FROST NRM PS2","","","","","SourceSheet=Zeroed Out Inventory; SourceRow=1369; DateMethod=back_fill_from_next; ManufacturerSource=lookup_film_width; RawDescription=5722 - Llumar Frost NRM PS2 60""","false","","","2026-01-14","Imported from Zeroed Out Inventory tab","migration"
"IL-5770","Llumar","Llumar Frost NRM PS2","60","0","0","463M006","ZEROED","2026-01-14","2026-01-14","","","","LLUMAR|LLUMAR FROST NRM PS2","","","","","SourceSheet=Zeroed Out Inventory; SourceRow=1370; DateMethod=back_fill_from_next; ManufacturerSource=lookup_film_width; RawDescription=5770 - Llumar Frost NRM PS2 60""","false","","","2026-01-14","Imported from Zeroed Out Inventory tab","migration"
"IL-6501","3M Solar","3M Affinity 15","60","0","0","1.01924015E8","ZEROED","2026-01-14","2026-01-14","","","","3M SOLAR|3M AFFINITY 15","","","","","SourceSheet=Zeroed Out Inventory; SourceRow=1371; DateMethod=back_fill_from_next; ManufacturerSource=lookup_film_width; RawDescription=6501 - 3M Affinity 15 60""","false","","","2026-01-14","Imported from Zeroed Out Inventory tab","migration"
"IL-5255","Llumar","Llumar Frost NRM PS2","60","0","0","463G104","ZEROED","2026-01-14","2026-01-14","","","","LLUMAR|LLUMAR FROST NRM PS2","","","","","SourceSheet=Zeroed Out Inventory; SourceRow=1372; DateMethod=back_fill_from_next; ManufacturerSource=lookup_film_width; RawDescription=5255 - Llumar Frost NRM PS2 60""","false","","","2026-01-14","Imported from Zeroed Out Inventory tab","migration"
"IL-6158","Llumar","Llumar Frost NRM PS2","72","0","0","444F032","ZEROED","2026-01-14","2026-01-14","","","","LLUMAR|LLUMAR FROST NRM PS2","","","","","SourceSheet=Zeroed Out Inventory; SourceRow=1373; DateMethod=back_fill_from_next; ManufacturerSource=lookup_film; RawDescription=6158 - Llumar Frost NRM PS2 72""","false","","","2026-01-14","Imported from Zeroed Out Inventory tab","migration"
"IL-6138","Llumar","Llumar Frost NRM PS2","48","0","0","464F032","ZEROED","2026-01-14","2026-01-14","","","","LLUMAR|LLUMAR FROST NRM PS2","","","","","SourceSheet=Zeroed Out Inventory; SourceRow=1374; DateMethod=back_fill_from_next; ManufacturerSource=lookup_film_width; RawDescription=6138 - Llumar Frost NRM PS2 48""","false","","","2026-01-14","Imported from Zeroed Out Inventory tab","migration"
"IL-6159","Llumar","Llumar Frost NRM PS2","72","0","0","444F032","ZEROED","2026-01-14","2026-01-14","","","","LLUMAR|LLUMAR FROST NRM PS2","","","","","SourceSheet=Zeroed Out Inventory; SourceRow=1375; DateMethod=back_fill_from_next; ManufacturerSource=lookup_film; RawDescription=6159 - Llumar Frost NRM PS2 72""","false","","","2026-01-14","Imported from Zeroed Out Inventory tab","migration"
"IL-6645","Security","Madico Safetyshield 800 Nova 70","72","0","0","2.506330238E9","ZEROED","2026-01-14","2026-01-14","","","","SECURITY|MADICO SAFETYSHIELD 800 NOVA 70","","","","","SourceSheet=Zeroed Out Inventory; SourceRow=1376; DateMethod=back_fill_from_next; ManufacturerSource=lookup_film; RawDescription=6645 - Madico Safetyshield 800 Nova 70 72""","false","","","2026-01-14","Imported from Zeroed Out Inventory tab","migration"
"IL-6646","Security","Madico Safetyshield 800 Nova 70","72","0","0","2.506330269E9","ZEROED","2026-01-14","2026-01-14","","","","SECURITY|MADICO SAFETYSHIELD 800 NOVA 70","","","","","SourceSheet=Zeroed Out Inventory; SourceRow=1377; DateMethod=back_fill_from_next; ManufacturerSource=lookup_film; RawDescription=6646 - Madico Safetyshield 800 Nova 70 72""","false","","","2026-01-14","Imported from Zeroed Out Inventory tab","migration"
"IL-6643","Security","Madico Safetyshield 800 Nova 70","60","0","0","2.506430038E9","ZEROED","2026-01-14","2026-01-14","","","","SECURITY|MADICO SAFETYSHIELD 800 NOVA 70","","","","","SourceSheet=Zeroed Out Inventory; SourceRow=1378; DateMethod=back_fill_from_next; ManufacturerSource=lookup_film_width; RawDescription=6643 - Madico Safetyshield 800 Nova 70 60""","false","","","2026-01-14","Imported from Zeroed Out Inventory tab","migration"
"IL-6500","Security","3M Ultra S800","60","0","0","E115324768","ZEROED","2026-01-14","2026-01-14","","","","SECURITY|3M ULTRA S800","","","","","SourceSheet=Zeroed Out Inventory; SourceRow=1379; DateMethod=back_fill_from_next; ManufacturerSource=lookup_film_width; RawDescription=6500 - 3M Ultra S800 60""","false","","","2026-01-14","Imported from Zeroed Out Inventory tab","migration"
"IL-5757","3M Solar","3M NV 15","72","0","0","D305324639","ZEROED","2026-01-14","2026-01-14","","","","3M SOLAR|3M NV 15","","","","","SourceSheet=Zeroed Out Inventory; SourceRow=1380; DateMethod=back_fill_from_next; ManufacturerSource=lookup_film_width; RawDescription=5757 - 3M NV 15 72""","false","","","2026-01-14","Imported from Zeroed Out Inventory tab","migration"
"IL-6593","3M Solar","3M NV 15","36","0","0","F074325047","ZEROED","2026-01-14","2026-01-14","","","","3M SOLAR|3M NV 15","","","","","SourceSheet=Zeroed Out Inventory; SourceRow=1381; DateMethod=back_fill_from_next; ManufacturerSource=lookup_film_width; RawDescription=6593 - 3M NV 15 36""","false","","","2026-01-14","Imported from Zeroed Out Inventory tab","migration"
"IL-6595","Security","Madico Frost Matte 2 Mil 200PS","72","0","0","2.511130117E9","ZEROED","2026-01-14","2026-01-14","","","","SECURITY|MADICO FROST MATTE 2 MIL 200PS","","","","","SourceSheet=Zeroed Out Inventory; SourceRow=1382; DateMethod=back_fill_from_next; ManufacturerSource=keyword_security; RawDescription=6595 - Madico Frost Matte 2 Mil 200PS 72""","false","","","2026-01-14","Imported from Zeroed Out Inventory tab","migration"
"IL-6631","Llumar","Llumar V 28","60","0","0","","ZEROED","2026-01-14","2026-01-14","","","","LLUMAR|LLUMAR V 28","","","","","SourceSheet=Zeroed Out Inventory; SourceRow=1383; DateMethod=back_fill_from_next; ManufacturerSource=lookup_film; RawDescription=6631 - Llumar V 28 60""","false","","","2026-01-14","Imported from Zeroed Out Inventory tab","migration"
"IL-6414","Fasara","3M Fasara Fine Crystal SH2FNCR","50","0","0","107624212A","ZEROED","2026-01-14","2026-01-14","","","","FASARA|3M FASARA FINE CRYSTAL SH2FNCR","","","","","SourceSheet=Zeroed Out Inventory; SourceRow=1384; DateMethod=back_fill_from_next; ManufacturerSource=lookup_film_width; RawDescription=6414 - 3M Fasara Fine Crystal SH2FNCR 50""","false","","","2026-01-14","Imported from Zeroed Out Inventory tab","migration"
"IL-6605","Security","Madico Safetyshield 800","72","0","0","2.434730311E9","ZEROED","2026-01-14","2026-01-14","","","","SECURITY|MADICO SAFETYSHIELD 800","","","","","SourceSheet=Zeroed Out Inventory; SourceRow=1385; DateMethod=back_fill_from_next; ManufacturerSource=lookup_film_width; RawDescription=6605 - Madico Safetyshield 800 72""","false","","","2026-01-14","Imported from Zeroed Out Inventory tab","migration"
"IL-6567","Security","3M Silver 15 EXT","72","0","0","5438783.0","ZEROED","2026-01-14","2026-01-14","","","","SECURITY|3M SILVER 15 EXT","","","","","SourceSheet=Zeroed Out Inventory; SourceRow=1386; DateMethod=back_fill_from_next; ManufacturerSource=lookup_film_width; RawDescription=6567 - 3M Silver 15 EXT 72""","false","","","2026-01-14","Imported from Zeroed Out Inventory tab","migration"
"IL-6487","Llumar","Llumar Frost NRM PS2","36","0","0","405D003","ZEROED","2026-01-14","2026-01-14","","","","LLUMAR|LLUMAR FROST NRM PS2","","","","","SourceSheet=Zeroed Out Inventory; SourceRow=1387; DateMethod=back_fill_from_next; ManufacturerSource=lookup_film; RawDescription=6487 - Llumar Frost NRM PS2 36""","false","","","2026-01-14","Imported from Zeroed Out Inventory tab","migration"
"IL-5990","Avery Dennison","Avery E-lite 45","60","0","0","RC3225964","ZEROED","2026-01-14","2026-01-14","","","","AVERY DENNISON|AVERY E-LITE 45","","","","","SourceSheet=Zeroed Out Inventory; SourceRow=1388; DateMethod=back_fill_from_next; ManufacturerSource=lookup_film; RawDescription=5990 - Avery E-lite 45 60""","false","","","2026-01-14","Imported from Zeroed Out Inventory tab","migration"
"IL-6651","Avery Dennison","Avery E-Lite 45","36","0","0","RC1083009","ZEROED","2026-01-14","2026-01-14","","","","AVERY DENNISON|AVERY E-LITE 45","","","","","SourceSheet=Zeroed Out Inventory; SourceRow=1389; DateMethod=back_fill_from_next; ManufacturerSource=lookup_film; RawDescription=6651 - Avery E-Lite 45 36""","false","","","2026-01-14","Imported from Zeroed Out Inventory tab","migration"
"IL-6626","Solar Guard","SG Truevue 30","48","0","0","5.42875604E9","ZEROED","2026-01-14","2026-01-14","","","","SOLAR GUARD|SG TRUEVUE 30","","","","","SourceSheet=Zeroed Out Inventory; SourceRow=1390; DateMethod=back_fill_from_next; ManufacturerSource=lookup_film; RawDescription=6626 - SG Truevue 30 48""","false","","","2026-01-14","Imported from Zeroed Out Inventory tab","migration"
"IL-6627","Solar Guard","SG Truevue 30","60","0","0","5.438157024E9","ZEROED","2026-01-14","2026-01-14","","","","SOLAR GUARD|SG TRUEVUE 30","","","","","SourceSheet=Zeroed Out Inventory; SourceRow=1391; DateMethod=back_fill_from_next; ManufacturerSource=lookup_film_width; RawDescription=6627 - SG Truevue 30 60""","false","","","2026-01-14","Imported from Zeroed Out Inventory tab","migration"
"IL-6615","3M Solar","3M PR 20 EXT","60","0","0","F143325115","ZEROED","2026-01-14","2026-01-14","","","","3M SOLAR|3M PR 20 EXT","","","","","SourceSheet=Zeroed Out Inventory; SourceRow=1392; DateMethod=back_fill_from_next; ManufacturerSource=lookup_film; RawDescription=6615 - 3M PR 20 EXT 60""","false","","","2026-01-14","Imported from Zeroed Out Inventory tab","migration"
"IL-6640","Security","3M S140 SH14CLARL","60","0","0","242E","ZEROED","2026-01-14","2026-01-14","","","","SECURITY|3M S140 SH14CLARL","","","","","SourceSheet=Zeroed Out Inventory; SourceRow=1393; DateMethod=back_fill_from_next; ManufacturerSource=lookup_film_width; RawDescription=6640 - 3M S140 SH14CLARL 60""","false","","","2026-01-14","Imported from Zeroed Out Inventory tab","migration"
"IL-6264","Solar Guard","SG Truevue 05","72","0","0","5.433794029E9","ZEROED","2026-01-14","2026-01-14","","","","SOLAR GUARD|SG TRUEVUE 05","","","","","SourceSheet=Zeroed Out Inventory; SourceRow=1394; DateMethod=back_fill_from_next; ManufacturerSource=lookup_film_width; RawDescription=6264 - SG Truevue 05 72""","false","","","2026-01-14","Imported from Zeroed Out Inventory tab","migration"
"IL-1797","Fasara","3M Arpa SH2FGAP","50","0","0","JR-4510-3776-6","ZEROED","2026-01-14","2026-01-14","","","","FASARA|3M ARPA SH2FGAP","","","","","SourceSheet=Zeroed Out Inventory; SourceRow=1395; DateMethod=back_fill_from_next; ManufacturerSource=lookup_film_width; RawDescription=1797 - 3M Arpa SH2FGAP 50""","false","","","2026-01-14","Imported from Zeroed Out Inventory tab","migration"
"IL-6671","Avery Dennison","Avery Perlite 70","36","0","0","RC5005737","ZEROED","2026-01-14","2026-01-14","","","","AVERY DENNISON|AVERY PERLITE 70","","","","","SourceSheet=Zeroed Out Inventory; SourceRow=1396; DateMethod=back_fill_from_next; ManufacturerSource=lookup_film; RawDescription=6671 - Avery Perlite 70 36""","false","","","2026-01-14","Imported from Zeroed Out Inventory tab","migration"
"IL-6673","Avery Dennison","Avery Perlite 70","60","0","0","RC5122001","ZEROED","2026-01-14","2026-01-14","","","","AVERY DENNISON|AVERY PERLITE 70","","","","","SourceSheet=Zeroed Out Inventory; SourceRow=1397; DateMethod=back_fill_from_next; ManufacturerSource=lookup_film; RawDescription=6673 - Avery Perlite 70 60""","false","","","2026-01-14","Imported from Zeroed Out Inventory tab","migration"
"IL-6573","Solyx","Solyx Triangle Gradient SXJ0594","71","0","0","","ZEROED","2026-01-14","2026-01-14","","","","SOLYX|SOLYX TRIANGLE GRADIENT SXJ0594","","","","","SourceSheet=Zeroed Out Inventory; SourceRow=1398; DateMethod=back_fill_from_next; ManufacturerSource=lookup_film_width; RawDescription=6573 - Solyx Triangle Gradient SXJ0594 71""","false","","","2026-01-14","Imported from Zeroed Out Inventory tab","migration"
"IL-6587","3M Solar","3M NV 15","60","0","0","F168325129","ZEROED","2026-01-14","2026-01-14","","","","3M SOLAR|3M NV 15","","","","","SourceSheet=Zeroed Out Inventory; SourceRow=1399; DateMethod=back_fill_from_next; ManufacturerSource=lookup_film_width; RawDescription=6587 - 3M NV 15 60""","false","","","2026-01-14","Imported from Zeroed Out Inventory tab","migration"
"IL-5787","Security","3M S140 SH14CLARL","60","0","0","232J","ZEROED","2026-01-14","2026-01-14","","","","SECURITY|3M S140 SH14CLARL","","","","","SourceSheet=Zeroed Out Inventory; SourceRow=1400; DateMethod=back_fill_from_next; ManufacturerSource=lookup_film_width; RawDescription=5787 - 3M S140 SH14CLARL 60""","false","","","2026-01-14","Imported from Zeroed Out Inventory tab","migration"
"IL-3194B","Fasara","3M Dusted Crystal","32","0","0","G2117101","ZEROED","2026-01-14","2026-01-14","","","","FASARA|3M DUSTED CRYSTAL","","","","","SourceSheet=Zeroed Out Inventory; SourceRow=1401; DateMethod=back_fill_from_next; ManufacturerSource=lookup_film; RawDescription=3194B- 3M Dusted Crystal   32""","false","","","2026-01-14","Imported from Zeroed Out Inventory tab","migration"
"IL-4033","Llumar","Llumar Frost NRM PS2","60","0","0","","ZEROED","2026-01-14","2026-01-14","","","","LLUMAR|LLUMAR FROST NRM PS2","","","","","SourceSheet=Zeroed Out Inventory; SourceRow=1402; DateMethod=back_fill_from_next; ManufacturerSource=lookup_film_width; RawDescription=4033 - Llumar Frost NRM PS2  60""","false","","","2026-01-14","Imported from Zeroed Out Inventory tab","migration"
"IL-6219","3M Solar","3M S80","60","0","0","232G","ZEROED","2026-01-14","2026-01-14","","","","3M SOLAR|3M S80","","","","","SourceSheet=Zeroed Out Inventory; SourceRow=1403; DateMethod=back_fill_from_next; ManufacturerSource=keyword_3m_default; RawDescription=6219 - 3M S80 60""","false","","","2026-01-14","Imported from Zeroed Out Inventory tab","migration"
"IL-4097","Llumar","Llumar Vista V33","60","0","0","443A037P08","ZEROED","2026-01-14","2026-01-14","","","","LLUMAR|LLUMAR VISTA V33","","","","","SourceSheet=Zeroed Out Inventory; SourceRow=1404; DateMethod=back_fill_from_next; ManufacturerSource=lookup_film; RawDescription=4097 - Llumar Vista V33 60""","false","","","2026-01-14","Imported from Zeroed Out Inventory tab","migration"
"IL-6308","Llumar","Llumar V 33","60","0","0","494J063P07","ZEROED","2026-01-14","2026-01-14","","","","LLUMAR|LLUMAR V 33","","","","","SourceSheet=Zeroed Out Inventory; SourceRow=1405; DateMethod=back_fill_from_next; ManufacturerSource=lookup_film; RawDescription=6308 - Llumar V 33 60""","false","","","2026-01-14","Imported from Zeroed Out Inventory tab","migration"
"IL-6320","Solar Guard","SG Truevue 30","60","0","0","5.432689022E9","ZEROED","2026-01-14","2026-01-14","","","","SOLAR GUARD|SG TRUEVUE 30","","","","","SourceSheet=Zeroed Out Inventory; SourceRow=1406; DateMethod=back_fill_from_next; ManufacturerSource=lookup_film_width; RawDescription=6320 - SG Truevue 30 60""","false","","","2026-01-14","Imported from Zeroed Out Inventory tab","migration"
"IL-6680","3M Solar","3M Affinity 15","60","0","0","1.01924014E8","ZEROED","2026-01-14","2026-01-14","","","","3M SOLAR|3M AFFINITY 15","","","","","SourceSheet=Zeroed Out Inventory; SourceRow=1407; DateMethod=back_fill_from_next; ManufacturerSource=lookup_film_width; RawDescription=6680 - 3M Affinity 15 60""","false","","","2026-01-14","Imported from Zeroed Out Inventory tab","migration"
"IL-6682","3M Solar","3M Affinity 15","60","0","0","1.01924014E8","ZEROED","2026-01-14","2026-01-14","","","","3M SOLAR|3M AFFINITY 15","","","","","SourceSheet=Zeroed Out Inventory; SourceRow=1408; DateMethod=back_fill_from_next; ManufacturerSource=lookup_film_width; RawDescription=6682 - 3M Affinity 15 60""","false","","","2026-01-14","Imported from Zeroed Out Inventory tab","migration"
"IL-6663","ASWFVKOOL","V-Kool VK 40","72","0","0","5.435412008E9","ZEROED","2026-01-14","2026-01-14","","","","ASWFVKOOL|V-KOOL VK 40","","","","","SourceSheet=Zeroed Out Inventory; SourceRow=1409; DateMethod=back_fill_from_next; ManufacturerSource=lookup_film; RawDescription=6663 - V-Kool VK 40 72""","false","","","2026-01-14","Imported from Zeroed Out Inventory tab","migration"
"IL-6647","Security","Madico Safetyshield 800 Nova 70","72","0","0","2.506330241E9","ZEROED","2026-01-14","2026-01-14","","","","SECURITY|MADICO SAFETYSHIELD 800 NOVA 70","","","","","SourceSheet=Zeroed Out Inventory; SourceRow=1410; DateMethod=back_fill_from_next; ManufacturerSource=lookup_film; RawDescription=6647 - Madico Safetyshield 800 Nova 70 72""","false","","","2026-01-14","Imported from Zeroed Out Inventory tab","migration"
"IL-6706","Llumar","Llumar Frost NRM PS2","48","0","0","455H047","ZEROED","2026-01-14","2026-01-14","","","","LLUMAR|LLUMAR FROST NRM PS2","","","","","SourceSheet=Zeroed Out Inventory; SourceRow=1411; DateMethod=back_fill_from_next; ManufacturerSource=lookup_film_width; RawDescription=6706 - Llumar Frost NRM PS2 48""","false","","","2026-01-14","Imported from Zeroed Out Inventory tab","migration"
"IL-6708","Llumar","Llumar Frost NRM PS2","72","0","0","435J030","ZEROED","2026-01-14","2026-01-14","","","","LLUMAR|LLUMAR FROST NRM PS2","","","","","SourceSheet=Zeroed Out Inventory; SourceRow=1412; DateMethod=back_fill_from_next; ManufacturerSource=lookup_film; RawDescription=6708 - Llumar Frost NRM PS2 72""","false","","","2026-01-14","Imported from Zeroed Out Inventory tab","migration"
"IL-6259","Security","3M Ultra S800 60""""","60","0","0","E145324804","ZEROED","2026-01-14","2026-01-14","","","","SECURITY|3M ULTRA S800 60""""","","","","","SourceSheet=Zeroed Out Inventory; SourceRow=1413; DateMethod=back_fill_from_next; ManufacturerSource=keyword_security; RawDescription=6259 - 3M Ultra S800 60""""","false","","","2026-01-14","Imported from Zeroed Out Inventory tab","migration"
"IL-6653","Fasara","3M Fasara Mat Crystal SH2MACR-I","60","0","0","1.08394965E8","ZEROED","2026-01-14","2026-01-14","","","","FASARA|3M FASARA MAT CRYSTAL SH2MACR-I","","","","","SourceSheet=Zeroed Out Inventory; SourceRow=1414; DateMethod=back_fill_from_next; ManufacturerSource=lookup_film_width; RawDescription=6653 - 3M Fasara Mat Crystal SH2MACR-I 60""","false","","","2026-01-14","Imported from Zeroed Out Inventory tab","migration"
"IL-6658","Llumar","Llumar Frost NRM PS2","72","0","0","475J027","ZEROED","2026-01-14","2026-01-14","","","","LLUMAR|LLUMAR FROST NRM PS2","","","","","SourceSheet=Zeroed Out Inventory; SourceRow=1415; DateMethod=back_fill_from_next; ManufacturerSource=lookup_film; RawDescription=6658 - Llumar Frost NRM PS2 72""","false","","","2026-01-14","Imported from Zeroed Out Inventory tab","migration"
"IL-6538","Solyx","Solyx Frosted Strie SGV6613","48","0","0","","ZEROED","2026-01-14","2026-01-14","","","","SOLYX|SOLYX FROSTED STRIE SGV6613","","","","","SourceSheet=Zeroed Out Inventory; SourceRow=1416; DateMethod=back_fill_from_next; ManufacturerSource=keyword_solyx; RawDescription=6538 - Solyx Frosted Strie SGV6613 48""","false","","","2026-01-14","Imported from Zeroed Out Inventory tab","migration"
"IL-6674","Security","Madico Frost Matte 2 Mil 200PS","72","0","0","2.513630125E9","ZEROED","2026-01-14","2026-01-14","","","","SECURITY|MADICO FROST MATTE 2 MIL 200PS","","","","","SourceSheet=Zeroed Out Inventory; SourceRow=1417; DateMethod=back_fill_from_next; ManufacturerSource=keyword_security; RawDescription=6674 - Madico Frost Matte 2 Mil 200PS 72""","false","","","2026-01-14","Imported from Zeroed Out Inventory tab","migration"
"IL-6475","3M Solar","3M NV 35","36","0","0","E342324976","ZEROED","2026-01-14","2026-01-14","","","","3M SOLAR|3M NV 35","","","","","SourceSheet=Zeroed Out Inventory; SourceRow=1418; DateMethod=back_fill_from_next; ManufacturerSource=lookup_film; RawDescription=6475 - 3M NV 35 36""","false","","","2026-01-14","Imported from Zeroed Out Inventory tab","migration"
"IL-6719","Solar Guard","SG Slate 10","48","0","0","5.438936021E9","ZEROED","2026-01-14","2026-01-14","","","","SOLAR GUARD|SG SLATE 10","","","","","SourceSheet=Zeroed Out Inventory; SourceRow=1419; DateMethod=back_fill_from_next; ManufacturerSource=lookup_film_width; RawDescription=6719 - SG Slate 10 48""","false","","","2026-01-14","Imported from Zeroed Out Inventory tab","migration"
"IL-6710","Solar Guard","SG Graffitigard 6 Mil","72","0","0","5.438660017E9","ZEROED","2026-01-14","2026-01-14","","","","SOLAR GUARD|SG GRAFFITIGARD 6 MIL","","","","","SourceSheet=Zeroed Out Inventory; SourceRow=1420; DateMethod=back_fill_from_next; ManufacturerSource=keyword_solar_guard; RawDescription=6710 - SG Graffitigard 6 Mil 72""","false","","","2026-01-14","Imported from Zeroed Out Inventory tab","migration"
"IL-6713","Solyx","Solyx Geometric SX3150","60","0","0","","ZEROED","2026-01-14","2026-01-14","","","","SOLYX|SOLYX GEOMETRIC SX3150","","","","","SourceSheet=Zeroed Out Inventory; SourceRow=1421; DateMethod=back_fill_from_next; ManufacturerSource=lookup_film_width; RawDescription=6713 - Solyx Geometric SX3150 60""","false","","","2026-01-14","Imported from Zeroed Out Inventory tab","migration"
"IL-6049","3M Solar","3M PR 50","60","0","0","","ZEROED","2026-01-14","2026-01-14","","","","3M SOLAR|3M PR 50","","","","","SourceSheet=Zeroed Out Inventory; SourceRow=1422; DateMethod=back_fill_from_next; ManufacturerSource=lookup_film_width; RawDescription=6049 - 3M PR 50 60""","false","","","2026-01-14","Imported from Zeroed Out Inventory tab","migration"
"IL-6725","Security","3M AG-4","72","0","0","7.0417581E7","ZEROED","2026-01-14","2026-01-14","","","","SECURITY|3M AG-4","","","","","SourceSheet=Zeroed Out Inventory; SourceRow=1423; DateMethod=back_fill_from_next; ManufacturerSource=lookup_film_width; RawDescription=6725 - 3M AG-4 72""","false","","","2026-01-14","Imported from Zeroed Out Inventory tab","migration"
"IL-6717","Fasara","3M Black Electrocut 7725-12","48","0","0","G2516402","ZEROED","2026-01-14","2026-01-14","","","","FASARA|3M BLACK ELECTROCUT 7725-12","","","","","SourceSheet=Zeroed Out Inventory; SourceRow=1424; DateMethod=back_fill_from_next; ManufacturerSource=lookup_film_width; RawDescription=6717 - 3M Black Electrocut 7725-12 48""","false","","","2026-01-14","Imported from Zeroed Out Inventory tab","migration"
"IL-6582","3M Solar","3M PR 90 EXT","60","0","0","F196325155-2","ZEROED","2026-01-14","2026-01-14","","","","3M SOLAR|3M PR 90 EXT","","","","","SourceSheet=Zeroed Out Inventory; SourceRow=1425; DateMethod=back_fill_from_next; ManufacturerSource=lookup_film_width; RawDescription=6582 - 3M PR 90 EXT 60""","false","","","2026-01-14","Imported from Zeroed Out Inventory tab","migration"
"IL-6622","3M Solar","3M PR 70","36","0","0","F162325126","ZEROED","2026-01-14","2026-01-14","","","","3M SOLAR|3M PR 70","","","","","SourceSheet=Zeroed Out Inventory; SourceRow=1426; DateMethod=back_fill_from_next; ManufacturerSource=lookup_film_width; RawDescription=6622 - 3M PR 70 36""","false","","","2026-01-14","Imported from Zeroed Out Inventory tab","migration"
"IL-6619","Security","Madico Safetyshield 1500","72","0","0","2.521930094E9","ZEROED","2026-01-14","2026-01-14","","","","SECURITY|MADICO SAFETYSHIELD 1500","","","","","SourceSheet=Zeroed Out Inventory; SourceRow=1427; DateMethod=back_fill_from_next; ManufacturerSource=lookup_film_width; RawDescription=6619 - Madico Safetyshield 1500 72""","false","","","2026-01-14","Imported from Zeroed Out Inventory tab","migration"
"IL-6456","Security","Madico Safetyshield 1500","60","0","0","2.507930014E9","ZEROED","2026-01-14","2026-01-14","","","","SECURITY|MADICO SAFETYSHIELD 1500","","","","","SourceSheet=Zeroed Out Inventory; SourceRow=1428; DateMethod=back_fill_from_next; ManufacturerSource=lookup_film_width; RawDescription=6456 - Madico Safetyshield 1500 60""","false","","","2026-01-14","Imported from Zeroed Out Inventory tab","migration"
"IL-6758","3M Solar","3M PR 70 EXT","36","0","0","F157325122","ZEROED","2026-01-14","2026-01-14","","","","3M SOLAR|3M PR 70 EXT","","","","","SourceSheet=Zeroed Out Inventory; SourceRow=1429; DateMethod=back_fill_from_next; ManufacturerSource=lookup_film_width; RawDescription=6758 - 3M PR 70 EXT 36""","false","","","2026-01-14","Imported from Zeroed Out Inventory tab","migration"
"IL-6759","Security","Madico 12 Mil Frost Matte","60","0","0","2.523230256E9","ZEROED","2026-01-14","2026-01-14","","","","SECURITY|MADICO 12 MIL FROST MATTE","","","","","SourceSheet=Zeroed Out Inventory; SourceRow=1430; DateMethod=back_fill_from_next; ManufacturerSource=lookup_film_width; RawDescription=6759 - Madico 12 Mil Frost Matte 60""","false","","","2026-01-14","Imported from Zeroed Out Inventory tab","migration"
"IL-6704","Solyx","Casper Cloaking PF001-801","48","0","0","91825002-3A","ZEROED","2026-01-14","2026-01-14","","","","SOLYX|CASPER CLOAKING PF001-801","","","","","SourceSheet=Zeroed Out Inventory; SourceRow=1431; DateMethod=back_fill_from_next; ManufacturerSource=lookup_film_width; RawDescription=6704 - Casper Cloaking PF001-801 48""","false","","","2026-01-14","Imported from Zeroed Out Inventory tab","migration"
"IL-6760","Solar Guard","SG Slate 10","48","0","0","5.439647014E9","ZEROED","2026-01-14","2026-01-14","","","","SOLAR GUARD|SG SLATE 10","","","","","SourceSheet=Zeroed Out Inventory; SourceRow=1432; DateMethod=back_fill_from_next; ManufacturerSource=lookup_film_width; RawDescription=6760 - SG Slate 10 48""","false","","","2026-01-14","Imported from Zeroed Out Inventory tab","migration"
"IL-6217","3M Solar","3M PR 50","72","0","0","E026324692","ZEROED","2026-01-14","2026-01-14","","","","3M SOLAR|3M PR 50","","","","","SourceSheet=Zeroed Out Inventory; SourceRow=1433; DateMethod=back_fill_from_next; ManufacturerSource=lookup_film; RawDescription=6217 - 3M PR 50 72""","false","","","2026-01-14","Imported from Zeroed Out Inventory tab","migration"
"IL-6634","Solyx","Solyx Geometric SX3150","60","0","0","","ZEROED","2026-01-14","2026-01-14","","","","SOLYX|SOLYX GEOMETRIC SX3150","","","","","SourceSheet=Zeroed Out Inventory; SourceRow=1434; DateMethod=back_fill_from_next; ManufacturerSource=lookup_film_width; RawDescription=6634 - Solyx Geometric SX3150 60""","false","","","2026-01-14","Imported from Zeroed Out Inventory tab","migration"
"IL-5688","3M Solar","3M NV 25","48","0","0","D201324572","ZEROED","2026-01-14","2026-01-14","","","","3M SOLAR|3M NV 25","","","","","SourceSheet=Zeroed Out Inventory; SourceRow=1435; DateMethod=back_fill_from_next; ManufacturerSource=lookup_film; RawDescription=5688 - 3M NV 25 48""","false","","","2026-01-14","Imported from Zeroed Out Inventory tab","migration"
"IL-5689","3M Solar","3M NV 25","60","0","0","D257324607","ZEROED","2026-01-14","2026-01-14","","","","3M SOLAR|3M NV 25","","","","","SourceSheet=Zeroed Out Inventory; SourceRow=1436; DateMethod=back_fill_from_next; ManufacturerSource=lookup_film_width; RawDescription=5689 - 3M NV 25 60""","false","","","2026-01-14","Imported from Zeroed Out Inventory tab","migration"
"IL-6763","Solyx","Solyx Silver/Grey One Way SXSG09","60","0","0","","ZEROED","2026-01-14","2026-01-14","","","","SOLYX|SOLYX SILVER/GREY ONE WAY SXSG09","","","","","SourceSheet=Zeroed Out Inventory; SourceRow=1437; DateMethod=back_fill_from_next; ManufacturerSource=keyword_solyx; RawDescription=6763 - Solyx Silver/Grey One Way SXSG09 60""","false","","","2026-01-14","Imported from Zeroed Out Inventory tab","migration"
"IL-6623","3M Solar","3M PR 70","48","0","0","F157325122","ZEROED","2026-01-14","2026-01-14","","","","3M SOLAR|3M PR 70","","","","","SourceSheet=Zeroed Out Inventory; SourceRow=1438; DateMethod=back_fill_from_next; ManufacturerSource=lookup_film_width; RawDescription=6623 - 3M PR 70 48""","false","","","2026-01-14","Imported from Zeroed Out Inventory tab","migration"
"IL-5816","Security","Madico Safetyshield 800","48","0","0","2.334230126E9","ZEROED","2026-01-14","2026-01-14","","","","SECURITY|MADICO SAFETYSHIELD 800","","","","","SourceSheet=Zeroed Out Inventory; SourceRow=1439; DateMethod=back_fill_from_next; ManufacturerSource=lookup_film_width; RawDescription=5816 - Madico Safetyshield 800 48""","false","","","2026-01-14","Imported from Zeroed Out Inventory tab","migration"
"IL-6551","Security","Madico Safetyshield 800","36","0","0","2.512630407E9","ZEROED","2026-01-14","2026-01-14","","","","SECURITY|MADICO SAFETYSHIELD 800","","","","","SourceSheet=Zeroed Out Inventory; SourceRow=1440; DateMethod=back_fill_from_next; ManufacturerSource=lookup_film_width; RawDescription=6551 - Madico Safetyshield 800 36""","false","","","2026-01-14","Imported from Zeroed Out Inventory tab","migration"
"IL-6182","Security","Madico Safetyshield 1500","60","0","0","2.416630293E9","ZEROED","2026-01-14","2026-01-14","","","","SECURITY|MADICO SAFETYSHIELD 1500","","","","","SourceSheet=Zeroed Out Inventory; SourceRow=1441; DateMethod=back_fill_from_next; ManufacturerSource=lookup_film_width; RawDescription=6182 - Madico Safetyshield 1500 60""","false","","","2026-01-14","Imported from Zeroed Out Inventory tab","migration"
"IL-6479","Security","Madico Safetyshield 1500","60","0","0","2.510730071E9","ZEROED","2026-01-14","2026-01-14","","","","SECURITY|MADICO SAFETYSHIELD 1500","","","","","SourceSheet=Zeroed Out Inventory; SourceRow=1442; DateMethod=back_fill_from_next; ManufacturerSource=lookup_film_width; RawDescription=6479 - Madico Safetyshield 1500 60""","false","","","2026-01-14","Imported from Zeroed Out Inventory tab","migration"
"IL-6830","Solyx","Solyx Total Light Blockout White","60","0","0","","ZEROED","2026-01-14","2026-01-14","","","","SOLYX|SOLYX TOTAL LIGHT BLOCKOUT WHITE","","","","","SourceSheet=Zeroed Out Inventory; SourceRow=1443; DateMethod=back_fill_from_next; ManufacturerSource=lookup_film_width; RawDescription=6830 - Solyx Total Light Blockout White 60""","false","","","2026-01-14","Imported from Zeroed Out Inventory tab","migration"
"IL-6831","Solyx","Solyx Total Light Blockout White","60","0","0","","ZEROED","2026-01-14","2026-01-14","","","","SOLYX|SOLYX TOTAL LIGHT BLOCKOUT WHITE","","","","","SourceSheet=Zeroed Out Inventory; SourceRow=1444; DateMethod=back_fill_from_next; ManufacturerSource=lookup_film_width; RawDescription=6831 - Solyx Total Light Blockout White 60""","false","","","2026-01-14","Imported from Zeroed Out Inventory tab","migration"
"IL-6832","Solyx","Solyx Total Light Blockout White","60","0","0","","ZEROED","2026-01-14","2026-01-14","","","","SOLYX|SOLYX TOTAL LIGHT BLOCKOUT WHITE","","","","","SourceSheet=Zeroed Out Inventory; SourceRow=1445; DateMethod=back_fill_from_next; ManufacturerSource=lookup_film_width; RawDescription=6832 - Solyx Total Light Blockout White 60""","false","","","2026-01-14","Imported from Zeroed Out Inventory tab","migration"
"IL-6833","Solyx","Solyx Total Light Blockout White","60","0","0","","ZEROED","2026-01-14","2026-01-14","","","","SOLYX|SOLYX TOTAL LIGHT BLOCKOUT WHITE","","","","","SourceSheet=Zeroed Out Inventory; SourceRow=1446; DateMethod=back_fill_from_next; ManufacturerSource=lookup_film_width; RawDescription=6833 - Solyx Total Light Blockout White 60""","false","","","2026-01-14","Imported from Zeroed Out Inventory tab","migration"
"IL-6834","Solyx","Solyx Total Light Blockout White","60","0","0","","ZEROED","2026-01-14","2026-01-14","","","","SOLYX|SOLYX TOTAL LIGHT BLOCKOUT WHITE","","","","","SourceSheet=Zeroed Out Inventory; SourceRow=1447; DateMethod=back_fill_from_next; ManufacturerSource=lookup_film_width; RawDescription=6834 - Solyx Total Light Blockout White 60""","false","","","2026-01-14","Imported from Zeroed Out Inventory tab","migration"
"IL-6835","Solyx","Solyx Total Light Blockout White","60","0","0","","ZEROED","2026-01-14","2026-01-14","","","","SOLYX|SOLYX TOTAL LIGHT BLOCKOUT WHITE","","","","","SourceSheet=Zeroed Out Inventory; SourceRow=1448; DateMethod=back_fill_from_next; ManufacturerSource=lookup_film_width; RawDescription=6835 - Solyx Total Light Blockout White 60""","false","","","2026-01-14","Imported from Zeroed Out Inventory tab","migration"
"IL-6836","Solyx","Solyx Total Light Blockout White","60","0","0","","ZEROED","2026-01-14","2026-01-14","","","","SOLYX|SOLYX TOTAL LIGHT BLOCKOUT WHITE","","","","","SourceSheet=Zeroed Out Inventory; SourceRow=1449; DateMethod=back_fill_from_next; ManufacturerSource=lookup_film_width; RawDescription=6836 - Solyx Total Light Blockout White 60""","false","","","2026-01-14","Imported from Zeroed Out Inventory tab","migration"
"IL-6837","Solyx","Solyx Total Light Blockout White","60","0","0","","ZEROED","2026-01-14","2026-01-14","","","","SOLYX|SOLYX TOTAL LIGHT BLOCKOUT WHITE","","","","","SourceSheet=Zeroed Out Inventory; SourceRow=1450; DateMethod=back_fill_from_next; ManufacturerSource=lookup_film_width; RawDescription=6837 - Solyx Total Light Blockout White 60""","false","","","2026-01-14","Imported from Zeroed Out Inventory tab","migration"
"IL-6696","Solar Guard","SG Truevue 05","60","0","0","5.439181033E9","ZEROED","2026-01-14","2026-01-14","","","","SOLAR GUARD|SG TRUEVUE 05","","","","","SourceSheet=Zeroed Out Inventory; SourceRow=1451; DateMethod=back_fill_from_next; ManufacturerSource=lookup_film_width; RawDescription=6696 - SG Truevue 05 60""","false","","","2026-01-14","Imported from Zeroed Out Inventory tab","migration"
"IL-6154","Security","3M Ultra S800","72","0","0","E074324731","ZEROED","2026-01-14","2026-01-14","","","","SECURITY|3M ULTRA S800","","","","","SourceSheet=Zeroed Out Inventory; SourceRow=1452; DateMethod=back_fill_from_next; ManufacturerSource=lookup_film_width; RawDescription=6154 - 3M Ultra S800 72""","false","","","2026-01-14","Imported from Zeroed Out Inventory tab","migration"
"IL-3640","Solyx","SX-3131 Eco Dusted","60","0","0","","ZEROED","2026-01-14","2026-01-14","","","","SOLYX|SX-3131 ECO DUSTED","","","","","SourceSheet=Zeroed Out Inventory; SourceRow=1453; DateMethod=back_fill_from_next; ManufacturerSource=keyword_solyx; RawDescription=3640 - SX-3131 Eco Dusted 60""","false","","","2026-01-14","Imported from Zeroed Out Inventory tab","migration"
"IL-6409","Fasara","3M Fasara Glace SH2MAGL","50","0","0","107530818A","ZEROED","2026-01-14","2026-01-14","","","","FASARA|3M FASARA GLACE SH2MAGL","","","","","SourceSheet=Zeroed Out Inventory; SourceRow=1454; DateMethod=back_fill_from_next; ManufacturerSource=lookup_film_width; RawDescription=6409 - 3M Fasara Glace SH2MAGL 50""","false","","","2026-01-14","Imported from Zeroed Out Inventory tab","migration"
"IL-5450","Solyx","Solyx Blackout SXWFBO","36","0","0","","ZEROED","2026-01-14","2026-01-14","","","","SOLYX|SOLYX BLACKOUT SXWFBO","","","","","SourceSheet=Zeroed Out Inventory; SourceRow=1455; DateMethod=back_fill_from_next; ManufacturerSource=lookup_film_width; RawDescription=5450 - Solyx Blackout SXWFBO 36""","false","","","2026-01-14","Imported from Zeroed Out Inventory tab","migration"
"IL-6796","3M Solar","3M NV 15","72","0","0","F293325231","ZEROED","2026-01-14","2026-01-14","","","","3M SOLAR|3M NV 15","","","","","SourceSheet=Zeroed Out Inventory; SourceRow=1456; DateMethod=back_fill_from_next; ManufacturerSource=lookup_film_width; RawDescription=6796 - 3M NV 15 72""","false","","","2026-01-14","Imported from Zeroed Out Inventory tab","migration"
"IL-6193","Fasara","3M Black Blockout Matte 3635-22B","48","0","0","D19232456","ZEROED","2026-01-14","2026-01-14","","","","FASARA|3M BLACK BLOCKOUT MATTE 3635-22B","","","","","SourceSheet=Zeroed Out Inventory; SourceRow=1457; DateMethod=back_fill_from_next; ManufacturerSource=lookup_film_width; RawDescription=6193 - 3M Black Blockout Matte 3635-22B 48""","false","","","2026-01-14","Imported from Zeroed Out Inventory tab","migration"
"IL-6752","Security","3M Ultra S800","60","0","0","","ZEROED","2026-01-14","2026-01-14","","","","SECURITY|3M ULTRA S800","","","","","SourceSheet=Zeroed Out Inventory; SourceRow=1458; DateMethod=back_fill_from_next; ManufacturerSource=lookup_film_width; RawDescription=6752 - 3M Ultra S800 60""","false","","","2026-01-14","Imported from Zeroed Out Inventory tab","migration"
"IL-6261","Security","3M Ultra S800","72","0","0","E114324767","ZEROED","2026-01-14","2026-01-14","","","","SECURITY|3M ULTRA S800","","","","","SourceSheet=Zeroed Out Inventory; SourceRow=1459; DateMethod=back_fill_from_next; ManufacturerSource=lookup_film_width; RawDescription=6261 - 3M Ultra S800 72""","false","","","2026-01-14","Imported from Zeroed Out Inventory tab","migration"
"IL-6366","Fasara","3M Black Blockout Matte 3635-22B","48","0","0","L2417103","ZEROED","2026-01-14","2026-01-14","","","","FASARA|3M BLACK BLOCKOUT MATTE 3635-22B","","","","","SourceSheet=Zeroed Out Inventory; SourceRow=1460; DateMethod=back_fill_from_next; ManufacturerSource=lookup_film_width; RawDescription=6366 - 3M Black Blockout Matte 3635-22B 48""","false","","","2026-01-14","Imported from Zeroed Out Inventory tab","migration"
"IL-6801","Fasara","3M Black Blockout Matte 3635-22B","48","0","0","L2525801","ZEROED","2026-01-14","2026-01-14","","","","FASARA|3M BLACK BLOCKOUT MATTE 3635-22B","","","","","SourceSheet=Zeroed Out Inventory; SourceRow=1461; DateMethod=back_fill_from_next; ManufacturerSource=lookup_film_width; RawDescription=6801 - 3M Black Blockout Matte 3635-22B 48""","false","","","2026-01-14","Imported from Zeroed Out Inventory tab","migration"
"IL-6742","3M Solar","3M PR 50","36","0","0","F137325107","ZEROED","2026-01-14","2026-01-14","","","","3M SOLAR|3M PR 50","","","","","SourceSheet=Zeroed Out Inventory; SourceRow=1462; DateMethod=back_fill_from_next; ManufacturerSource=lookup_film; RawDescription=6742 - 3M PR 50 36""","false","","","2026-01-14","Imported from Zeroed Out Inventory tab","migration"
"IL-6787","Solyx","Casper Cloaking PF001-801","60","0","0","100625002-21A","ZEROED","2026-01-14","2026-01-14","","","","SOLYX|CASPER CLOAKING PF001-801","","","","","SourceSheet=Zeroed Out Inventory; SourceRow=1463; DateMethod=back_fill_from_next; ManufacturerSource=lookup_film; RawDescription=6787 - Casper Cloaking PF001-801 60""","false","","","2026-01-14","Imported from Zeroed Out Inventory tab","migration"
"IL-6791","Solyx","Solyx Blackout SXWFBO","24","0","0","","ZEROED","2026-01-14","2026-01-14","","","","SOLYX|SOLYX BLACKOUT SXWFBO","","","","","SourceSheet=Zeroed Out Inventory; SourceRow=1464; DateMethod=back_fill_from_next; ManufacturerSource=lookup_film; RawDescription=6791 - Solyx Blackout SXWFBO 24""","false","","","2026-01-14","Imported from Zeroed Out Inventory tab","migration"
"IL-6789","Solyx","Solyx Organic Cotton SX3146","59","0","0","","ZEROED","2026-01-14","2026-01-14","","","","SOLYX|SOLYX ORGANIC COTTON SX3146","","","","","SourceSheet=Zeroed Out Inventory; SourceRow=1465; DateMethod=back_fill_from_next; ManufacturerSource=keyword_solyx; RawDescription=6789 - Solyx Organic Cotton SX3146 59""","false","","","2026-01-14","Imported from Zeroed Out Inventory tab","migration"
"IL-6744","3M Solar","3M NV 25","36","0","0","E345324977","ZEROED","2026-01-14","2026-01-14","","","","3M SOLAR|3M NV 25","","","","","SourceSheet=Zeroed Out Inventory; SourceRow=1466; DateMethod=back_fill_from_next; ManufacturerSource=lookup_film_width; RawDescription=6744 - 3M NV 25 36""","false","","","2026-01-14","Imported from Zeroed Out Inventory tab","migration"
"IL-6484","Security","3M Ultra S800","36","0","0","E073314730","ZEROED","2026-01-14","2026-01-14","","","","SECURITY|3M ULTRA S800","","","","","SourceSheet=Zeroed Out Inventory; SourceRow=1467; DateMethod=back_fill_from_next; ManufacturerSource=lookup_film_width; RawDescription=6484 - 3M Ultra S800 36""","false","","","2026-01-14","Imported from Zeroed Out Inventory tab","migration"
"IL-6598","Solar Guard","SG Truevue 05","36","0","0","5.438811036E9","ZEROED","2026-01-14","2026-01-14","","","","SOLAR GUARD|SG TRUEVUE 05","","","","","SourceSheet=Zeroed Out Inventory; SourceRow=1468; DateMethod=back_fill_from_next; ManufacturerSource=lookup_film_width; RawDescription=6598 - SG Truevue 05 36""","false","","","2026-01-14","Imported from Zeroed Out Inventory tab","migration"
"IL-6695","Solar Guard","SG Truevue 05","36","0","0","5.439179027E9","ZEROED","2026-01-14","2026-01-14","","","","SOLAR GUARD|SG TRUEVUE 05","","","","","SourceSheet=Zeroed Out Inventory; SourceRow=1469; DateMethod=back_fill_from_next; ManufacturerSource=lookup_film_width; RawDescription=6695 - SG Truevue 05 36""","false","","","2026-01-14","Imported from Zeroed Out Inventory tab","migration"
"IL-6779","Solar Guard","SG Truevue 15","48","0","0","5.440007085E9","ZEROED","2026-01-14","2026-01-14","","","","SOLAR GUARD|SG TRUEVUE 15","","","","","SourceSheet=Zeroed Out Inventory; SourceRow=1470; DateMethod=back_fill_from_next; ManufacturerSource=lookup_film_width; RawDescription=6779 - SG Truevue 15 48""","false","","","2026-01-14","Imported from Zeroed Out Inventory tab","migration"
"IL-5782","3M Solar","3M NV 25","48","0","0","D201324572","ZEROED","2026-01-14","2026-01-14","","","","3M SOLAR|3M NV 25","","","","","SourceSheet=Zeroed Out Inventory; SourceRow=1471; DateMethod=back_fill_from_next; ManufacturerSource=lookup_film; RawDescription=5782 - 3M NV 25 48""","false","","","2026-01-14","Imported from Zeroed Out Inventory tab","migration"
"IL-6712","Solyx","Solyx Geometric SX3150","60","0","0","","ZEROED","2026-01-14","2026-01-14","","","","SOLYX|SOLYX GEOMETRIC SX3150","","","","","SourceSheet=Zeroed Out Inventory; SourceRow=1472; DateMethod=back_fill_from_next; ManufacturerSource=lookup_film_width; RawDescription=6712 - Solyx Geometric SX3150 60""","false","","","2026-01-14","Imported from Zeroed Out Inventory tab","migration"
"IL-6355","Solar Guard","SG Slate 10","72","0","0","5.435033026E9","ZEROED","2026-01-14","2026-01-14","","","","SOLAR GUARD|SG SLATE 10","","","","","SourceSheet=Zeroed Out Inventory; SourceRow=1474; DateMethod=back_fill_from_next; ManufacturerSource=lookup_film; RawDescription=6355 - SG Slate 10 72""","false","","","2026-01-14","Imported from Zeroed Out Inventory tab","migration"
"IL-6325","Solar Guard","SG Slate 10","36","0","0","5.433821011E9","ZEROED","2026-01-14","2026-01-14","","","","SOLAR GUARD|SG SLATE 10","","","","","SourceSheet=Zeroed Out Inventory; SourceRow=1475; DateMethod=back_fill_from_next; ManufacturerSource=lookup_film; RawDescription=6325 - SG Slate 10 36""","false","","","2026-01-14","Imported from Zeroed Out Inventory tab","migration"
"IL-6707","Llumar","Llumar Frost NRM PS2","60","0","0","475J024","ZEROED","2026-01-14","2026-01-14","","","","LLUMAR|LLUMAR FROST NRM PS2","","","","","SourceSheet=Zeroed Out Inventory; SourceRow=1477; DateMethod=back_fill_from_next; ManufacturerSource=lookup_film_width; RawDescription=6707 - Llumar Frost NRM PS2 60""","false","","","2026-01-14","Imported from Zeroed Out Inventory tab","migration"
"IL-6589","Security","3M Ultra S800","60","0","0","F113325083","ZEROED","2026-01-14","2026-01-14","","","","SECURITY|3M ULTRA S800","","","","","SourceSheet=Zeroed Out Inventory; SourceRow=1478; DateMethod=back_fill_from_next; ManufacturerSource=lookup_film_width; RawDescription=6589 - 3M Ultra S800 60""","false","","","2026-01-14","Imported from Zeroed Out Inventory tab","migration"
"IL-6590","Security","3M Ultra S800","60","0","0","F113325083","ZEROED","2026-01-14","2026-01-14","","","","SECURITY|3M ULTRA S800","","","","","SourceSheet=Zeroed Out Inventory; SourceRow=1479; DateMethod=back_fill_from_next; ManufacturerSource=lookup_film_width; RawDescription=6590 - 3M Ultra S800 60""","false","","","2026-01-14","Imported from Zeroed Out Inventory tab","migration"
"IL-6821","Fasara","3M Dusted Crystal","48","0","0","G2531504","ZEROED","2026-01-14","2026-01-14","","","","FASARA|3M DUSTED CRYSTAL","","","","","SourceSheet=Zeroed Out Inventory; SourceRow=1480; DateMethod=back_fill_from_next; ManufacturerSource=lookup_film_width; RawDescription=6821 - 3M Dusted Crystal 48""","false","","","2026-01-14","Imported from Zeroed Out Inventory tab","migration"
"IL-6822","Fasara","3M Dusted Crystal","48","0","0","G2531504","ZEROED","2026-01-14","2026-01-14","","","","FASARA|3M DUSTED CRYSTAL","","","","","SourceSheet=Zeroed Out Inventory; SourceRow=1481; DateMethod=back_fill_from_next; ManufacturerSource=lookup_film_width; RawDescription=6822 - 3M Dusted Crystal 48""","false","","","2026-01-14","Imported from Zeroed Out Inventory tab","migration"
"IL-6205","3M Solar","3M PR 20 EXT","60","0","0","E219324879","ZEROED","2026-01-14","2026-01-14","","","","3M SOLAR|3M PR 20 EXT","","","","","SourceSheet=Zeroed Out Inventory; SourceRow=1482; DateMethod=back_fill_from_next; ManufacturerSource=lookup_film; RawDescription=6205 - 3M PR 20 EXT 60""","false","","","2026-01-14","Imported from Zeroed Out Inventory tab","migration"
"IL-6677","3M Solar","3M PR 20 EXT","60","0","0","F211325161","ZEROED","2026-01-14","2026-01-14","","","","3M SOLAR|3M PR 20 EXT","","","","","SourceSheet=Zeroed Out Inventory; SourceRow=1483; DateMethod=back_fill_from_next; ManufacturerSource=lookup_film; RawDescription=6677 - 3M PR 20 EXT 60""","false","","","2026-01-14","Imported from Zeroed Out Inventory tab","migration"
"IL-6798","3M Solar","3M P-18","48","0","0","5439373.0","ZEROED","2026-01-14","2026-01-14","","","","3M SOLAR|3M P-18","","","","","SourceSheet=Zeroed Out Inventory; SourceRow=1484; DateMethod=back_fill_from_next; ManufacturerSource=lookup_film; RawDescription=6798 - 3M P-18 48""","false","","","2026-01-14","Imported from Zeroed Out Inventory tab","migration"
"IL-6375","Llumar","Llumar Frost NRM PS2","60","0","0","464M055","ZEROED","2026-01-14","2026-01-14","","","","LLUMAR|LLUMAR FROST NRM PS2","","","","","SourceSheet=Zeroed Out Inventory; SourceRow=1485; DateMethod=back_fill_from_next; ManufacturerSource=lookup_film_width; RawDescription=6375 - Llumar Frost NRM PS2 60""","false","","","2026-01-14","Imported from Zeroed Out Inventory tab","migration"
"IL-3815","3M Solar","3M PR 20","60","0","0","","ZEROED","2026-01-14","2026-01-14","","","","3M SOLAR|3M PR 20","","","","","SourceSheet=Zeroed Out Inventory; SourceRow=1486; DateMethod=back_fill_from_next; ManufacturerSource=lookup_film_width; RawDescription=3815 - 3M PR 20 60""","false","","","2026-01-14","Imported from Zeroed Out Inventory tab","migration"
"IL-5170","Security","3M Ultra S800","60","0","0","","ZEROED","2026-01-14","2026-01-14","","","","SECURITY|3M ULTRA S800","","","","","SourceSheet=Zeroed Out Inventory; SourceRow=1487; DateMethod=back_fill_from_next; ManufacturerSource=lookup_film_width; RawDescription=5170 - 3M Ultra S800 60""","false","","","2026-01-14","Imported from Zeroed Out Inventory tab","migration"
"IL-5211","Security","Madico Safetyshield 1500","60","0","0","","ZEROED","2026-01-14","2026-01-14","","","","SECURITY|MADICO SAFETYSHIELD 1500","","","","","SourceSheet=Zeroed Out Inventory; SourceRow=1488; DateMethod=back_fill_from_next; ManufacturerSource=lookup_film_width; RawDescription=5211 - Madico Safetyshield 1500 60""","false","","","2026-01-14","Imported from Zeroed Out Inventory tab","migration"
"IL-5082","Avery Dennison","Avery Safety Matte 12 Mil R32311C","60","0","0","","ZEROED","2026-01-14","2026-01-14","","","","AVERY DENNISON|AVERY SAFETY MATTE 12 MIL R32311C","","","","","SourceSheet=Zeroed Out Inventory; SourceRow=1489; DateMethod=back_fill_from_next; ManufacturerSource=keyword_avery; RawDescription=5082 - Avery Safety Matte 12 Mil R32311C 60""","false","","","2026-01-14","Imported from Zeroed Out Inventory tab","migration"
"IL-5953","Solar Guard","SG Sentinel Plus DX5 EXT","72","0","0","","ZEROED","2026-01-14","2026-01-14","","","","SOLAR GUARD|SG SENTINEL PLUS DX5 EXT","","","","","SourceSheet=Zeroed Out Inventory; SourceRow=1490; DateMethod=back_fill_from_next; ManufacturerSource=lookup_film_width; RawDescription=5953 - SG Sentinel Plus DX5 EXT 72""","false","","","2026-01-14","Imported from Zeroed Out Inventory tab","migration"
"IL-6032","3M Solar","3M PR 50","36","0","0","","ZEROED","2026-01-14","2026-01-14","","","","3M SOLAR|3M PR 50","","","","","SourceSheet=Zeroed Out Inventory; SourceRow=1491; DateMethod=back_fill_from_next; ManufacturerSource=lookup_film; RawDescription=6032 - 3M PR 50 36""","false","","","2026-01-14","Imported from Zeroed Out Inventory tab","migration"
"IL-6743","3M Solar","3M PR 50 72"" Transfered to MS","72","0","0","F247325199","ZEROED","2026-01-14","2026-01-14","","","","3M SOLAR|3M PR 50 72"" TRANSFERED TO MS","","","","","SourceSheet=Zeroed Out Inventory; SourceRow=1492; DateMethod=back_fill_from_next; ManufacturerSource=keyword_3m_solar; RawDescription=6743 - 3M PR 50 72"" Transfered to MS","false","","","2026-01-14","Imported from Zeroed Out Inventory tab","migration"
"IL-6399","Fasara","3M Fasara Dusted Crystal 7725-314","60","0","0","G2431803","ZEROED","2026-01-14","2026-01-14","","","","FASARA|3M FASARA DUSTED CRYSTAL 7725-314","","","","","SourceSheet=Zeroed Out Inventory; SourceRow=1493; DateMethod=original_known; ManufacturerSource=lookup_film_width; RawDescription=6399 - 3M Fasara Dusted Crystal 7725-314 60""","false","","","2026-01-14","Imported from Zeroed Out Inventory tab","migration"
"IL-6844","Solyx","SOLYX Etched Dual Dot Gradient SXJ0583","60","0","0","","ZEROED","2026-01-19","2026-01-19","","","","SOLYX|SOLYX ETCHED DUAL DOT GRADIENT SXJ0583","","","","","SourceSheet=Zeroed Out Inventory; SourceRow=1494; DateMethod=original_known; ManufacturerSource=keyword_solyx; RawDescription=6844 - SOLYX Etched Dual Dot Gradient SXJ0583 60""","false","","","2026-01-19","Imported from Zeroed Out Inventory tab","migration"
"IL-6490","Fasara","3M Fasara Milano Milky White SH2MAML","60","0","0","107745250A","ZEROED","2026-01-19","2026-01-19","","","","FASARA|3M FASARA MILANO MILKY WHITE SH2MAML","","","","","SourceSheet=Zeroed Out Inventory; SourceRow=1495; DateMethod=original_known; ManufacturerSource=lookup_film_width; RawDescription=6490 - 3M Fasara Milano Milky White SH2MAML 60""","false","","","2026-01-19","Imported from Zeroed Out Inventory tab","migration"
"IL-6420","Security","Madico Safetyshield 1500","60","0","0","2.507930149E9","ZEROED","2026-01-20","2026-01-20","","","","SECURITY|MADICO SAFETYSHIELD 1500","","","","","SourceSheet=Zeroed Out Inventory; SourceRow=1496; DateMethod=original_known; ManufacturerSource=lookup_film_width; RawDescription=6420 - Madico Safetyshield 1500 60""","false","","","2026-01-20","Imported from Zeroed Out Inventory tab","migration"
"IL-5209","Fasara","3M Fasara Frost Milano Milky White SH2MAML","60","0","0","1.05558515E8","ZEROED","2026-01-22","2026-01-22","","","","FASARA|3M FASARA FROST MILANO MILKY WHITE SH2MAML","","","","","SourceSheet=Zeroed Out Inventory; SourceRow=1497; DateMethod=original_known; ManufacturerSource=lookup_film_width; RawDescription=5209 - 3M Fasara Frost Milano Milky White SH2MAML 60""","false","","","2026-01-22","Imported from Zeroed Out Inventory tab","migration"
"IL-5004","Fasara","3M Fasara Frost Milano Milky White SH2MAML","60","0","0","","ZEROED","2026-01-22","2026-01-22","","","","FASARA|3M FASARA FROST MILANO MILKY WHITE SH2MAML","","","","","SourceSheet=Zeroed Out Inventory; SourceRow=1498; DateMethod=original_known; ManufacturerSource=lookup_film_width; RawDescription=5004 - 3M Fasara Frost Milano Milky White SH2MAML 60""","false","","","2026-01-22","Imported from Zeroed Out Inventory tab","migration"
"IL-5119","Fasara","3M Fasara Frost Milano Milky White SH2MAML","50","0","0","","ZEROED","2026-01-23","2026-01-23","","","","FASARA|3M FASARA FROST MILANO MILKY WHITE SH2MAML","","","","","SourceSheet=Zeroed Out Inventory; SourceRow=1499; DateMethod=interpolated_between_known; ManufacturerSource=lookup_film; RawDescription=5119 - 3M Fasara Frost Milano Milky White SH2MAML 50""","false","","","2026-01-23","Imported from Zeroed Out Inventory tab","migration"
"IL-5251","Fasara","3M Fasara Frost Milano Milky White SH2MAML","60","0","0","","ZEROED","2026-01-24","2026-01-24","","","","FASARA|3M FASARA FROST MILANO MILKY WHITE SH2MAML","","","","","SourceSheet=Zeroed Out Inventory; SourceRow=1500; DateMethod=interpolated_between_known; ManufacturerSource=lookup_film_width; RawDescription=5251 - 3M Fasara Frost Milano Milky White SH2MAML 60""","false","","","2026-01-24","Imported from Zeroed Out Inventory tab","migration"
"IL-5252","Fasara","3M Fasara Frost Milano Milky White SH2MAML","60","0","0","","ZEROED","2026-01-25","2026-01-25","","","","FASARA|3M FASARA FROST MILANO MILKY WHITE SH2MAML","","","","","SourceSheet=Zeroed Out Inventory; SourceRow=1501; DateMethod=interpolated_between_known; ManufacturerSource=lookup_film_width; RawDescription=5252 - 3M Fasara Frost Milano Milky White SH2MAML 60""","false","","","2026-01-25","Imported from Zeroed Out Inventory tab","migration"
"IL-5254","Fasara","3M Fasara Frost Milano Milky White SH2MAML","60","0","0","","ZEROED","2026-01-26","2026-01-26","","","","FASARA|3M FASARA FROST MILANO MILKY WHITE SH2MAML","","","","","SourceSheet=Zeroed Out Inventory; SourceRow=1502; DateMethod=interpolated_between_known; ManufacturerSource=lookup_film_width; RawDescription=5254 - 3M Fasara Frost Milano Milky White SH2MAML 60""","false","","","2026-01-26","Imported from Zeroed Out Inventory tab","migration"
"IL-5153","Fasara","3M Fasara Frost Milano Milky White SH2MAML","50","0","0","","ZEROED","2026-01-27","2026-01-27","","","","FASARA|3M FASARA FROST MILANO MILKY WHITE SH2MAML","","","","","SourceSheet=Zeroed Out Inventory; SourceRow=1503; DateMethod=interpolated_between_known; ManufacturerSource=lookup_film; RawDescription=5153 - 3M Fasara Frost Milano Milky White SH2MAML 50""","false","","","2026-01-27","Imported from Zeroed Out Inventory tab","migration"
"IL-6093","Fasara","3M Fasara Milano Milky White SH2MAML","60","0","0","","ZEROED","2026-01-28","2026-01-28","","","","FASARA|3M FASARA MILANO MILKY WHITE SH2MAML","","","","","SourceSheet=Zeroed Out Inventory; SourceRow=1504; DateMethod=interpolated_between_known; ManufacturerSource=lookup_film_width; RawDescription=6093 - 3M Fasara Milano Milky White SH2MAML 60""","false","","","2026-01-28","Imported from Zeroed Out Inventory tab","migration"
"IL-6233","Fasara","3M Fasara Milano Milky White SH2MAML","60","0","0","","ZEROED","2026-01-28","2026-01-28","","","","FASARA|3M FASARA MILANO MILKY WHITE SH2MAML","","","","","SourceSheet=Zeroed Out Inventory; SourceRow=1505; DateMethod=interpolated_between_known; ManufacturerSource=lookup_film_width; RawDescription=6233 - 3M Fasara Milano Milky White SH2MAML 60""","false","","","2026-01-28","Imported from Zeroed Out Inventory tab","migration"
"IL-6855","Solyx","SOLYX Frosted Stripes SXC-1418","60","0","0","","ZEROED","2026-01-29","2026-01-29","","","","SOLYX|SOLYX FROSTED STRIPES SXC-1418","","","","","SourceSheet=Zeroed Out Inventory; SourceRow=1506; DateMethod=interpolated_between_known; ManufacturerSource=lookup_film_width; RawDescription=6855 - SOLYX Frosted Stripes SXC-1418 60""","false","","","2026-01-29","Imported from Zeroed Out Inventory tab","migration"
"IL-6856","Solyx","SOLYX Frosted Stripes SXC-1418","60","0","0","","ZEROED","2026-01-30","2026-01-30","","","","SOLYX|SOLYX FROSTED STRIPES SXC-1418","","","","","SourceSheet=Zeroed Out Inventory; SourceRow=1507; DateMethod=interpolated_between_known; ManufacturerSource=lookup_film_width; RawDescription=6856 - SOLYX Frosted Stripes SXC-1418 60""","false","","","2026-01-30","Imported from Zeroed Out Inventory tab","migration"
"IL-6857","Solyx","SOLYX Frosted Stripes SXC-1418","60","0","0","","ZEROED","2026-01-31","2026-01-31","","","","SOLYX|SOLYX FROSTED STRIPES SXC-1418","","","","","SourceSheet=Zeroed Out Inventory; SourceRow=1508; DateMethod=interpolated_between_known; ManufacturerSource=lookup_film_width; RawDescription=6857 - SOLYX Frosted Stripes SXC-1418 60""","false","","","2026-01-31","Imported from Zeroed Out Inventory tab","migration"
"IL-6858","Solyx","SOLYX White Dusted Matte SXJ-0550","60","0","0","","ZEROED","2026-02-01","2026-02-01","","","","SOLYX|SOLYX WHITE DUSTED MATTE SXJ-0550","","","","","SourceSheet=Zeroed Out Inventory; SourceRow=1509; DateMethod=interpolated_between_known; ManufacturerSource=lookup_film_width; RawDescription=6858 - SOLYX White Dusted Matte SXJ-0550 60""","false","","","2026-02-01","Imported from Zeroed Out Inventory tab","migration"
"IL-5999","Solyx","Solyx Whiteout SXWFWO","72","0","0","","ZEROED","2026-02-02","2026-02-02","","","","SOLYX|SOLYX WHITEOUT SXWFWO","","","","","SourceSheet=Zeroed Out Inventory; SourceRow=1510; DateMethod=original_known; ManufacturerSource=lookup_film_width; RawDescription=5999 - Solyx Whiteout SXWFWO 72""","false","","","2026-02-02","Imported from Zeroed Out Inventory tab","migration"
"IL-6736","Security","3M S140 SH14CLARL","60","0","0","54395+40","ZEROED","2026-02-02","2026-02-02","","","","SECURITY|3M S140 SH14CLARL","","","","","SourceSheet=Zeroed Out Inventory; SourceRow=1511; DateMethod=original_known; ManufacturerSource=lookup_film_width; RawDescription=6736 - 3M S140 SH14CLARL 60""","false","","","2026-02-02","Imported from Zeroed Out Inventory tab","migration"
"IL-6290","Security","3M S140 SH14CLARL","60","0","0","232L","ZEROED","2026-02-02","2026-02-02","","","","SECURITY|3M S140 SH14CLARL","","","","","SourceSheet=Zeroed Out Inventory; SourceRow=1512; DateMethod=original_known; ManufacturerSource=lookup_film_width; RawDescription=6290 - 3M S140 SH14CLARL 60""","false","","","2026-02-02","Imported from Zeroed Out Inventory tab","migration"
"IL-6288","Security","3M S140 SH14CLARL","60","0","0","242B","ZEROED","2026-02-02","2026-02-02","","","","SECURITY|3M S140 SH14CLARL","","","","","SourceSheet=Zeroed Out Inventory; SourceRow=1513; DateMethod=original_known; ManufacturerSource=lookup_film_width; RawDescription=6288 - 3M S140 SH14CLARL 60""","false","","","2026-02-02","Imported from Zeroed Out Inventory tab","migration"
"IL-6737","Security","3M S140 SH14CLARL","60","0","0","54395+40","ZEROED","2026-02-04","2026-02-04","","","","SECURITY|3M S140 SH14CLARL","","","","","SourceSheet=Zeroed Out Inventory; SourceRow=1514; DateMethod=original_known; ManufacturerSource=lookup_film_width; RawDescription=6737 - 3M S140 SH14CLARL 60""","false","","","2026-02-04","Imported from Zeroed Out Inventory tab","migration"
"IL-6477","Solar Guard","SG Slate 40","60","0","0","5.433222042E9","ZEROED","2026-02-04","2026-02-04","","","","SOLAR GUARD|SG SLATE 40","","","","","SourceSheet=Zeroed Out Inventory; SourceRow=1515; DateMethod=original_known; ManufacturerSource=lookup_film_width; RawDescription=6477 - SG Slate 40 60""","false","","","2026-02-04","Imported from Zeroed Out Inventory tab","migration"
"IL-3513","Solar Guard","SG Slate 20","48","0","0","5.405480062E9","ZEROED","2026-02-04","2026-02-04","","","","SOLAR GUARD|SG SLATE 20","","","","","SourceSheet=Zeroed Out Inventory; SourceRow=1516; DateMethod=original_known; ManufacturerSource=lookup_film; RawDescription=3513 - SG Slate 20 48""","false","","","2026-02-04","Imported from Zeroed Out Inventory tab","migration"
"IL-6397","Solyx","Solyx Total Light Blockout White SXF-5050","60","0","0","","ZEROED","2026-02-04","2026-02-04","","","","SOLYX|SOLYX TOTAL LIGHT BLOCKOUT WHITE SXF-5050","","","","","SourceSheet=Zeroed Out Inventory; SourceRow=1517; DateMethod=original_known; ManufacturerSource=keyword_solyx; RawDescription=6397 - Solyx Total Light Blockout White SXF-5050 60""","false","","","2026-02-04","Imported from Zeroed Out Inventory tab","migration"
"IL-6232","Fasara","3M Fasara Milano Milky White SH2MAML","60","0","0","1.07140859E8","ZEROED","2026-02-04","2026-02-04","","","","FASARA|3M FASARA MILANO MILKY WHITE SH2MAML","","","","","SourceSheet=Zeroed Out Inventory; SourceRow=1518; DateMethod=original_known; ManufacturerSource=lookup_film_width; RawDescription=6232 - 3M Fasara Milano Milky White SH2MAML 60""","false","","","2026-02-04","Imported from Zeroed Out Inventory tab","migration"
"IL-3955","3M Solar","3M Silver P-18 P18ARL","60","0","0","","ZEROED","2026-02-05","2026-02-05","","","","3M SOLAR|3M SILVER P-18 P18ARL","","","","","SourceSheet=Zeroed Out Inventory; SourceRow=1519; DateMethod=original_known; ManufacturerSource=keyword_3m_default; RawDescription=3955 - 3M Silver P-18 P18ARL 60""","false","","","2026-02-05","Imported from Zeroed Out Inventory tab","migration"
"IL-6338","Security","Madico Safetyshield 800","48","0","0","2.432330299E9","ZEROED","2026-02-10","2026-02-10","","","","SECURITY|MADICO SAFETYSHIELD 800","","","","","SourceSheet=Zeroed Out Inventory; SourceRow=1520; DateMethod=original_known; ManufacturerSource=lookup_film_width; RawDescription=6338 - Madico Safetyshield 800 48""","false","","","2026-02-10","Imported from Zeroed Out Inventory tab","migration"
"IL-5709","Security","Madico Safetyshield 800","72","0","0","2.327230019E9","ZEROED","2026-02-10","2026-02-10","","","","SECURITY|MADICO SAFETYSHIELD 800","","","","","SourceSheet=Zeroed Out Inventory; SourceRow=1521; DateMethod=original_known; ManufacturerSource=lookup_film_width; RawDescription=5709 - Madico Safetyshield 800 72""","false","","","2026-02-10","Imported from Zeroed Out Inventory tab","migration"
"IL-6775","Solar Guard","SG Slate 20","48","0","0","5.438923016E9","ZEROED","2026-02-10","2026-02-10","","","","SOLAR GUARD|SG SLATE 20","","","","","SourceSheet=Zeroed Out Inventory; SourceRow=1522; DateMethod=original_known; ManufacturerSource=lookup_film; RawDescription=6775 - SG Slate 20 48""","false","","","2026-02-10","Imported from Zeroed Out Inventory tab","migration"
"IL-6776","Llumar","Llumar Frost NRM PS2","72","0","0","485M028","ZEROED","2026-02-26","2026-02-26","","","","LLUMAR|LLUMAR FROST NRM PS2","","","","","SourceSheet=Zeroed Out Inventory; SourceRow=1523; DateMethod=original_known; ManufacturerSource=lookup_film; RawDescription=6776 - Llumar Frost NRM PS2 72""","false","","","2026-02-26","Imported from Zeroed Out Inventory tab","migration"
"IL-6705","Llumar","Llumar Frost NRM PS2","48","0","0","455H047","ZEROED","2026-02-26","2026-02-26","","","","LLUMAR|LLUMAR FROST NRM PS2","","","","","SourceSheet=Zeroed Out Inventory; SourceRow=1524; DateMethod=original_known; ManufacturerSource=lookup_film_width; RawDescription=6705 - Llumar Frost NRM PS2 48""","false","","","2026-02-26","Imported from Zeroed Out Inventory tab","migration"
"IL-6792","Security","3M S140 SH14CLARL","60","0","0","5439546.0","ZEROED","2026-02-26","2026-02-26","","","","SECURITY|3M S140 SH14CLARL","","","","","SourceSheet=Zeroed Out Inventory; SourceRow=1525; DateMethod=original_known; ManufacturerSource=lookup_film_width; RawDescription=6792 - 3M S140 SH14CLARL 60""","false","","","2026-02-26","Imported from Zeroed Out Inventory tab","migration"
"IL-6530","Security","3M S2400","72","0","0","1.480001374E9","ZEROED","2026-02-26","2026-02-26","","","","SECURITY|3M S2400","","","","","SourceSheet=Zeroed Out Inventory; SourceRow=1526; DateMethod=original_known; ManufacturerSource=lookup_film_width; RawDescription=6530 - 3M S2400 72""","false","","","2026-02-26","Imported from Zeroed Out Inventory tab","migration"
