"BoxID","Manufacturer","FilmName","WidthIn","InitialFeet","FeetAvailable","LotRun","Status","OrderDate","ReceivedDate","InitialWeightLbs","LastRollWeightLbs","LastWeighedDate","FilmKey","CoreType","CoreWeightLbs","LfWeightLbsPerFt","PurchaseCost","Notes","HasEverBeenCheckedOut","LastCheckoutJob","LastCheckoutDate","ZeroedDate","ZeroedReason","ZeroedBy"
"IL-1344","Llumar","V28 SR CDF","60","50","50","748L093","IN_STOCK","2025-07-31","2025-07-31","","","","LLUMAR|V28 SR CDF","","","","","SourceSheet=Llumar; SourceRow=2; RawDescription=1344- V28 SR CDF 60""","false","","","","",""
"IL-1444","Llumar","VS 61","60","50","50","D614360","IN_STOCK","2025-07-31","2025-07-31","","","","LLUMAR|VS 61","","","","","SourceSheet=Llumar; SourceRow=3; RawDescription=1444- VS 61 60""","false","","","","",""
"IL-1445","Llumar","VS 61","72","84","84","D640039","IN_STOCK","2025-07-31","2025-07-31","","","","LLUMAR|VS 61","","","","","SourceSheet=Llumar; SourceRow=4; RawDescription=1445- VS 61 72""","false","","","","",""
"IL-1453","Llumar","White NRMW PS","48","11","11","NA","IN_STOCK","2025-07-31","2025-07-31","","","","LLUMAR|WHITE NRMW PS","","","","","SourceSheet=Llumar; SourceRow=6; RawDescription=1453 - White NRMW PS 48""","false","","","","",""
"IL-1534","Llumar","R35","60","61","61","D34994","IN_STOCK","2025-07-31","2025-07-31","","","","LLUMAR|R35","","","","","SourceSheet=Llumar; SourceRow=7; RawDescription=1534- R35 60""","false","","","","",""
"IL-1619","Llumar","NHE 1020","60","94","94","5015627.0","IN_STOCK","2025-07-31","2025-07-31","","","","LLUMAR|NHE 1020","","","","","SourceSheet=Llumar; SourceRow=8; RawDescription=1619- NHE 1020 60""","false","","","","",""
"IL-1620","Llumar","NHE 1020 ER","48","85","85","5006456.0","IN_STOCK","2025-07-31","2025-07-31","","","","LLUMAR|NHE 1020 ER","","","","","SourceSheet=Llumar; SourceRow=9; RawDescription=1620- NHE 1020 ER 48""","false","","","","",""
"IL-2102","Llumar","V28","60","84","84","748L093","IN_STOCK","2025-07-31","2025-07-31","","","","LLUMAR|V28","","","","","SourceSheet=Llumar; SourceRow=10; RawDescription=2102- V28  60""","false","","","","",""
"IL-2124","Llumar","N1050","48","20","20","3551857A","IN_STOCK","2025-07-31","2025-07-31","","","","LLUMAR|N1050","","","","","SourceSheet=Llumar; SourceRow=11; RawDescription=2124- N1050 48""","false","","","","",""
"IL-2125","Llumar","N1050","72","19","19","D518133P04","IN_STOCK","2025-07-31","2025-07-31","","","","LLUMAR|N1050","","","","","SourceSheet=Llumar; SourceRow=12; RawDescription=2125- N1050 72""","false","","","","",""
"IL-2272","Llumar","LLUMAR OPAQUE BLACK","60","8","8","5.0157287E7","IN_STOCK","2025-07-31","2025-07-31","","","","LLUMAR|LLUMAR OPAQUE BLACK","","","","","SourceSheet=Llumar; SourceRow=15; RawDescription=2272-LLUMAR OPAQUE BLACK 60""","false","","","","",""
"IL-2403","Llumar","V51","72","8","8","NA","IN_STOCK","2025-07-31","2025-07-31","","","","LLUMAR|V51","","","","","SourceSheet=Llumar; SourceRow=18; RawDescription=2403- V51 72""","false","","","","",""
"IL-2582","Llumar","V45","60","16","16","759D056P32","IN_STOCK","2025-07-31","2025-07-31","","","","LLUMAR|V45","","","","","SourceSheet=Llumar; SourceRow=19; RawDescription=2582- V45  60""","false","","","","",""
"IL-2605","Llumar","V45","60","28","28","NA","IN_STOCK","2025-07-31","2025-07-31","","","","LLUMAR|V45","","","","","SourceSheet=Llumar; SourceRow=20; RawDescription=2605 - V45 60""","false","","","","",""
"IL-2671","Llumar","V 14","60","62","62","819K032","IN_STOCK","2025-07-31","2025-07-31","","","","LLUMAR|V 14","","","","","SourceSheet=Llumar; SourceRow=21; RawDescription=2671- V 14 60""","false","","","","",""
"IL-2883","Llumar","V45","60","9","9","760B024","IN_STOCK","2025-07-31","2025-07-31","","","","LLUMAR|V45","","","","","SourceSheet=Llumar; SourceRow=22; RawDescription=2883- V45 60""","false","","","","",""
"IL-3304","Llumar","3258 - LLUMAR MIST","48","7","7","D752318P07","IN_STOCK","2025-07-31","2025-07-31","","","","LLUMAR|3258 - LLUMAR MIST","","","","","SourceSheet=Llumar; SourceRow=23; RawDescription=3304-3258 - LLUMAR MIST 48""","false","","","","",""
"IL-3356","Llumar","LLUMAR FROST SILVER RMS PS2","60","8","8","430K110P17","IN_STOCK","2025-07-31","2025-07-31","","","","LLUMAR|LLUMAR FROST SILVER RMS PS2","","","","","SourceSheet=Llumar; SourceRow=24; RawDescription=3356- LLUMAR FROST SILVER RMS PS2 60""","false","","","","",""
"IL-3358","Llumar","LLUMAR FROSTED SPARKLE","48","7","7","D664741P08","IN_STOCK","2025-07-31","2025-07-31","","","","LLUMAR|LLUMAR FROSTED SPARKLE","","","","","SourceSheet=Llumar; SourceRow=25; RawDescription=3358 - LLUMAR FROSTED SPARKLE 48""","false","","","","",""
"IL-3395","Llumar","Llumar Dusted Crystal NRMV80DC PS3","48","15","15","D764487P04","IN_STOCK","2025-07-31","2025-07-31","","","","LLUMAR|LLUMAR DUSTED CRYSTAL NRMV80DC PS3","","","","","SourceSheet=Llumar; SourceRow=26; RawDescription=3395 - Llumar Dusted Crystal NRMV80DC PS3 48""","false","","","","",""
"IL-3416","Llumar","LLUMAR BRONZE","35","8","8","450L028P46","IN_STOCK","2025-07-31","2025-07-31","","","","LLUMAR|LLUMAR BRONZE","","","","","SourceSheet=Llumar; SourceRow=27; RawDescription=3416 - LLUMAR BRONZE 35""","false","","","","",""
"IL-3420","Llumar","LLUMAR FROST SILVER RMS PS2","60","18","18","431K081P02","IN_STOCK","2025-07-31","2025-07-31","","","","LLUMAR|LLUMAR FROST SILVER RMS PS2","","","","","SourceSheet=Llumar; SourceRow=28; RawDescription=3420- LLUMAR FROST SILVER RMS PS2 60""","false","","","","",""
"IL-3712","Llumar","Llumar DR-35","60","66","66","430F30","IN_STOCK","2025-07-31","2025-07-31","","","","LLUMAR|LLUMAR DR-35","","","","","SourceSheet=Llumar; SourceRow=29; RawDescription=3712 - Llumar DR-35 60""","false","","","","",""
"IL-3713","Llumar","Llumar DR-25","60","21","21","5.0181187E7","IN_STOCK","2025-07-31","2025-07-31","","","","LLUMAR|LLUMAR DR-25","","","","","SourceSheet=Llumar; SourceRow=30; RawDescription=3713 - Llumar DR-25 60""","false","","","","",""
"IL-3714","Llumar","Llumar DR-05","72","20","20","","IN_STOCK","2025-07-31","2025-07-31","","","","LLUMAR|LLUMAR DR-05","","","","","SourceSheet=Llumar; SourceRow=31; RawDescription=3714 - Llumar DR-05 72""","false","","","","",""
"IL-3715","Llumar","Llumar DR-35","60","24","24","5.0181186E7","IN_STOCK","2025-07-31","2025-07-31","","","","LLUMAR|LLUMAR DR-35","","","","","SourceSheet=Llumar; SourceRow=32; RawDescription=3715 - Llumar DR-35 60""","false","","","","",""
"IL-3716","Llumar","Llumar N1020","72","5","5","XKY4KPR","IN_STOCK","2025-07-31","2025-07-31","","","","LLUMAR|LLUMAR N1020","","","","","SourceSheet=Llumar; SourceRow=33; RawDescription=3716 - Llumar N1020 72""","false","","","","",""
"IL-3718","Llumar","Llumar R20","60","6","6","D441406","IN_STOCK","2025-07-31","2025-07-31","","","","LLUMAR|LLUMAR R20","","","","","SourceSheet=Llumar; SourceRow=34; RawDescription=3718 - Llumar R20 60""","false","","","","",""
"IL-3720","Llumar","Llumar White Out NRMW PS3","60","16","16","5.0162314E7","IN_STOCK","2025-07-31","2025-07-31","","","","LLUMAR|LLUMAR WHITE OUT NRMW PS3","","","","","SourceSheet=Llumar; SourceRow=35; RawDescription=3720 - Llumar White Out NRMW PS3 60""","false","","","","",""
"IL-3721","Llumar","Llumar White Out NRMW PS3","44","15","15","5.0157369E7","IN_STOCK","2025-07-31","2025-07-31","","","","LLUMAR|LLUMAR WHITE OUT NRMW PS3","","","","","SourceSheet=Llumar; SourceRow=36; RawDescription=3721 - Llumar White Out NRMW PS3 44""","false","","","","",""
"IL-3722","Llumar","Llumar Black Out NRMM PS2","60","73","73","5.0157287E7","IN_STOCK","2025-07-31","2025-07-31","","","","LLUMAR|LLUMAR BLACK OUT NRMM PS2","","","","","SourceSheet=Llumar; SourceRow=37; RawDescription=3722 - Llumar Black Out NRMM PS2 60""","false","","","","",""
"IL-3725","Llumar","Llumar N1065","48","15","15","NA","IN_STOCK","2025-07-31","2025-07-31","","","","LLUMAR|LLUMAR N1065","","","","","SourceSheet=Llumar; SourceRow=38; RawDescription=3725 - Llumar N1065 48""","false","","","","",""
"IL-3830","Llumar","Llumar Vista 58 (V58)","48","64","64","","IN_STOCK","2025-07-31","2025-07-31","","","","LLUMAR|LLUMAR VISTA 58 (V58)","","","","","SourceSheet=Llumar; SourceRow=39; RawDescription=3830 - Llumar Vista 58 (V58) 48""","false","","","","",""
"IL-3901","Llumar","Llumar Bronze 20 N1020B","60","7","7","","IN_STOCK","2025-07-31","2025-07-31","","","","LLUMAR|LLUMAR BRONZE 20 N1020B","","","","","SourceSheet=Llumar; SourceRow=40; RawDescription=3901 - Llumar Bronze 20 N1020B 60""","false","","","","",""
"IL-4055","Llumar","Vista 61","72","50","50","452G095P12","IN_STOCK","2025-07-31","2025-07-31","","","","LLUMAR|VISTA 61","","","","","SourceSheet=Llumar; SourceRow=41; RawDescription=4055- Vista 61 72""","false","","","","",""
"IL-4056","Llumar","Vista 61","60","100","100","862N030","IN_STOCK","2025-07-31","2025-07-31","","","","LLUMAR|VISTA 61","","","","","SourceSheet=Llumar; SourceRow=42; RawDescription=4056- Vista 61 60""","false","","","","",""
"IL-4060","Llumar","Llumar Silver Sparkle","60","12","12","D770486P07","IN_STOCK","2025-07-31","2025-07-31","","","","LLUMAR|LLUMAR SILVER SPARKLE","","","","","SourceSheet=Llumar; SourceRow=44; RawDescription=4060 - Llumar Silver Sparkle 60""","false","","","","",""
"IL-4073","Llumar","Llumar Vista V33","72","5","5","443A037P03","IN_STOCK","2025-07-31","2025-07-31","","","","LLUMAR|LLUMAR VISTA V33","","","","","SourceSheet=Llumar; SourceRow=45; RawDescription=4073 - Llumar Vista V33 72""","false","","","","",""
"IL-4096","Llumar","Llumar Vista V33","36","8","8","443A037P07","IN_STOCK","2025-07-31","2025-07-31","","","","LLUMAR|LLUMAR VISTA V33","","","","","SourceSheet=Llumar; SourceRow=46; RawDescription=4096 - Llumar Vista V33 36""","false","","","","",""
"IL-5079","Llumar","Llumar V 51","60","16","16","492C103P02","IN_STOCK","2025-07-31","2025-07-31","","","","LLUMAR|LLUMAR V 51","","","","","SourceSheet=Llumar; SourceRow=47; RawDescription=5079 - Llumar V 51 60""","false","","","","",""
"IL-5000","Llumar","Llumar 9 MIL Warm Gray DR 15","60","60","60","D781605","IN_STOCK","2025-07-31","2025-07-31","","","","LLUMAR|LLUMAR 9 MIL WARM GRAY DR 15","","","","","SourceSheet=Llumar; SourceRow=48; RawDescription=5000 - Llumar 9 MIL Warm Gray DR 15 60""","false","","","","",""
"IL-5001","Llumar","Llumar 9 MIL Warm Gray DR 15","72","90","90","D781604","IN_STOCK","2025-07-31","2025-07-31","","","","LLUMAR|LLUMAR 9 MIL WARM GRAY DR 15","","","","","SourceSheet=Llumar; SourceRow=49; RawDescription=5001 - Llumar 9 MIL Warm Gray DR 15 72""","false","","","","",""
"IL-5291","Llumar","Llumar Frost Mist NRM80 PS2","60","75","75","D781614","IN_STOCK","2025-07-31","2025-07-31","","","","LLUMAR|LLUMAR FROST MIST NRM80 PS2","","","","","SourceSheet=Llumar; SourceRow=50; RawDescription=5291 - Llumar Frost Mist NRM80 PS2 60""","false","","","","",""
"IL-5720","Llumar","Llumar DR 15","60","20","20","493K016P10","IN_STOCK","2025-07-31","2025-07-31","","","","LLUMAR|LLUMAR DR 15","","","","","SourceSheet=Llumar; SourceRow=51; RawDescription=5720 - Llumar DR 15 60""","false","","","","",""
"IL-5896","Llumar","Llumar N1065","60","32","32","402L020P45","IN_STOCK","2025-07-31","2025-07-31","","","","LLUMAR|LLUMAR N1065","","","","","SourceSheet=Llumar; SourceRow=52; RawDescription=5896 - Llumar N1065 60""","false","","","","",""
"IL-5977","Llumar","Llumar V45","60","16","16","872N015P15","IN_STOCK","2025-07-31","2025-07-31","","","","LLUMAR|LLUMAR V45","","","","","SourceSheet=Llumar; SourceRow=53; RawDescription=5977 - Llumar V45 60""","false","","","","",""
"IL-5978","Llumar","Llumar V45","72","12","12","453C023P17","IN_STOCK","2025-07-31","2025-07-31","","","","LLUMAR|LLUMAR V45","","","","","SourceSheet=Llumar; SourceRow=54; RawDescription=5978 - Llumar V45 72""","false","","","","",""
"IL-6007","Llumar","Llumar Frost NRM PS2","60","62","62","404C048","IN_STOCK","2025-07-31","2025-07-31","","","","LLUMAR|LLUMAR FROST NRM PS2","","","","","SourceSheet=Llumar; SourceRow=55; RawDescription=6007 - Llumar Frost NRM PS2 60""","false","","","","",""
"IL-6418","Llumar","Llumar SCL SR PS8","72","92","92","D790205","IN_STOCK","2025-07-31","2025-07-31","","","","LLUMAR|LLUMAR SCL SR PS8","","","","","SourceSheet=Llumar; SourceRow=57; RawDescription=6418 - Llumar SCL SR PS8 72""","false","","","","",""
"IL-6473","Llumar","Llumar Frost NRM PS2","48","86","86","405C058","IN_STOCK","2025-07-31","2025-07-31","","","","LLUMAR|LLUMAR FROST NRM PS2","","","","","SourceSheet=Llumar; SourceRow=58; RawDescription=6473 - Llumar Frost NRM PS2 48""","false","","","","",""
"IL-6508","Llumar","Llumar R15 GO","60","20","20","945F021P01","IN_STOCK","2025-07-31","2025-07-31","","","","LLUMAR|LLUMAR R15 GO","","","","","SourceSheet=Llumar; SourceRow=59; RawDescription=6508 - Llumar R15 GO 60""","false","","","","",""
"IL-6536","Llumar","Llumar RN07","48","25","25","","IN_STOCK","2025-07-31","2025-07-31","","","","LLUMAR|LLUMAR RN07","","","","","SourceSheet=Llumar; SourceRow=60; RawDescription=6536 - Llumar RN07 48""","false","","","","",""
"IL-6548","Llumar","Llumar Bronze 20 N1020B","72","14","14","455C012","IN_STOCK","2025-07-31","2025-07-31","","","","LLUMAR|LLUMAR BRONZE 20 N1020B","","","","","SourceSheet=Llumar; SourceRow=61; RawDescription=6548 - Llumar Bronze 20 N1020B 72""","false","","","","",""
"IL-6585","Llumar","Llumar N1020B","60","12","12","","IN_STOCK","2025-07-31","2025-07-31","","","","LLUMAR|LLUMAR N1020B","","","","","SourceSheet=Llumar; SourceRow=62; RawDescription=6585 - Llumar N1020B 60""","false","","","","",""
"IL-6588","Llumar","Llumar V 41","72","24","24","464G078P14","IN_STOCK","2025-07-31","2025-07-31","","","","LLUMAR|LLUMAR V 41","","","","","SourceSheet=Llumar; SourceRow=63; RawDescription=6588 - Llumar V 41 72""","false","","","","",""
"IL-6620","Llumar","Llumar V 18","36","75","75","454H047P10","IN_STOCK","2025-07-31","2025-07-31","","","","LLUMAR|LLUMAR V 18","","","","","SourceSheet=Llumar; SourceRow=64; RawDescription=6620 - Llumar V 18 36""","false","","","","",""
"IL-6621","Llumar","Llumar V 18","48","22","22","475D066P06","IN_STOCK","2025-07-31","2025-07-31","","","","LLUMAR|LLUMAR V 18","","","","","SourceSheet=Llumar; SourceRow=65; RawDescription=6621 - Llumar V 18 48""","false","","","","",""
"IL-6628","Llumar","Llumar V 33","36","40","40","","IN_STOCK","2025-07-31","2025-07-31","","","","LLUMAR|LLUMAR V 33","","","","","SourceSheet=Llumar; SourceRow=66; RawDescription=6628 - Llumar V 33 36""","false","","","","",""
"IL-6629","Llumar","Llumar V33","48","15","15","","IN_STOCK","2025-07-31","2025-07-31","","","","LLUMAR|LLUMAR V33","","","","","SourceSheet=Llumar; SourceRow=67; RawDescription=6629 - Llumar V33 48""","false","","","","",""
"IL-6630","Llumar","Llumar V 28","48","10","10","","IN_STOCK","2025-07-31","2025-07-31","","","","LLUMAR|LLUMAR V 28","","","","","SourceSheet=Llumar; SourceRow=68; RawDescription=6630 - Llumar V 28 48""","false","","","","",""
"IL-6698","Llumar","Llumar Frost NRM PS2","48","42","42","455H047","IN_STOCK","2025-07-31","2025-07-31","","","","LLUMAR|LLUMAR FROST NRM PS2","","","","","SourceSheet=Llumar; SourceRow=69; RawDescription=6698 - Llumar Frost NRM PS2 48""","false","","","","",""
"IL-6700","Llumar","Llumar Frost NRM PS2","60","22","22","475J024","IN_STOCK","2025-07-31","2025-07-31","","","","LLUMAR|LLUMAR FROST NRM PS2","","","","","SourceSheet=Llumar; SourceRow=70; RawDescription=6700 - Llumar Frost NRM PS2 60""","false","","","","",""
"IL-6769","Llumar","Uline One-Way Mirror","48","11","11","445J051","IN_STOCK","2025-07-31","2025-07-31","","","","LLUMAR|ULINE ONE-WAY MIRROR","","","","","SourceSheet=Llumar; SourceRow=71; RawDescription=6769 - Uline One-Way Mirror 48""","false","","","","",""
"IL-6790","Llumar","Llumar V28","72","25","25","465L044P05","IN_STOCK","2025-07-31","2025-07-31","","","","LLUMAR|LLUMAR V28","","","","","SourceSheet=Llumar; SourceRow=72; RawDescription=6790 - Llumar V28 72""","false","","","","",""
"IL-6886","Llumar","Llumar Frost NRMPS2","48","25","25","456B084P01","IN_STOCK","2025-07-31","2025-07-31","","","","LLUMAR|LLUMAR FROST NRMPS2","","","","","SourceSheet=Llumar; SourceRow=73; RawDescription=6886 - Llumar Frost NRMPS2 48""","false","","","","",""
"IL-6887","Llumar","Llumar Frost NRMPS2","72","25","25","456B079P04","IN_STOCK","2025-07-31","2025-07-31","","","","LLUMAR|LLUMAR FROST NRMPS2","","","","","SourceSheet=Llumar; SourceRow=74; RawDescription=6887 - Llumar Frost NRMPS2 72""","false","","","","",""
"IL-1511","3M Solar","PR 60","36","7","7","70-0063-4456-0","IN_STOCK","2023-07-31","2023-07-31","","","","3M SOLAR|PR 60","","","","","SourceSheet=3M Solar; SourceRow=2; RawDescription=1511 - PR 60 36""","false","","","","",""
"IL-2164","3M Solar","3M Amber Low E 35","60","30","30","70-0061-2528-3","IN_STOCK","2023-07-31","2023-07-31","","","","3M SOLAR|3M AMBER LOW E 35","","","","","SourceSheet=3M Solar; SourceRow=3; RawDescription=2164 - 3M Amber Low E 35 60""","false","","","","",""
"IL-2676","3M Solar","3M Amber Low E 20","40","15","15","NA","IN_STOCK","2023-07-31","2023-07-31","","","","3M SOLAR|3M AMBER LOW E 20","","","","","SourceSheet=3M Solar; SourceRow=4; RawDescription=2676 - 3M Amber Low E 20 40""","false","","","","",""
"IL-2771","3M Solar","3M Privacy Mirror","60","14","14","9.2019496E7","IN_STOCK","2023-07-31","2023-07-31","","","","3M SOLAR|3M PRIVACY MIRROR","","","","","SourceSheet=3M Solar; SourceRow=5; RawDescription=2771 - 3M Privacy Mirror 60""","false","","","","",""
"IL-2778","3M Solar","PR 60","60","5","5","A048323606","IN_STOCK","2023-07-31","2023-07-31","","","","3M SOLAR|PR 60","","","","","SourceSheet=3M Solar; SourceRow=6; RawDescription=2778 - PR 60 60""","false","","","","",""
"IL-3138","3M Solar","3M Thinsulate 75","72","7","7","NA","IN_STOCK","2023-07-31","2023-07-31","","","","3M SOLAR|3M THINSULATE 75","","","","","SourceSheet=3M Solar; SourceRow=7; RawDescription=3138 - 3M Thinsulate 75 72""","false","","","","",""
"IL-3597","3M Solar","3M PRX 90 Ext.","60","12","12","na","IN_STOCK","2023-07-31","2023-07-31","","","","3M SOLAR|3M PRX 90 EXT.","","","","","SourceSheet=3M Solar; SourceRow=8; RawDescription=3597 - 3M PRX 90 Ext. 60""","false","","","","",""
"IL-3622","3M Solar","3M Low E Silver 35","72","17","17","9.898498489E9","IN_STOCK","2023-07-31","2023-07-31","","","","3M SOLAR|3M LOW E SILVER 35","","","","","SourceSheet=3M Solar; SourceRow=10; RawDescription=3622 - 3M Low E Silver 35 72""","false","","","","",""
"IL-3663","3M Solar","3M PR 20","72","10","10","323059007c","IN_STOCK","2023-07-31","2023-07-31","","","","3M SOLAR|3M PR 20","","","","","SourceSheet=3M Solar; SourceRow=11; RawDescription=3663 - 3M PR 20 72""","false","","","","",""
"IL-3680","3M Solar","3M Thinsulate 75","72","10","10","Na","IN_STOCK","2023-07-31","2023-07-31","","","","3M SOLAR|3M THINSULATE 75","","","","","SourceSheet=3M Solar; SourceRow=12; RawDescription=3680 - 3M Thinsulate 75 72""","false","","","","",""
"IL-3690","3M Solar","3M RE35NEARL","60","25","25","Na","IN_STOCK","2023-07-31","2023-07-31","","","","3M SOLAR|3M RE35NEARL","","","","","SourceSheet=3M Solar; SourceRow=13; RawDescription=3690 - 3M RE35NEARL 60""","false","","","","",""
"IL-3691","3M Solar","3M Affinity 30","60","15","15","70-0063-1483-5","IN_STOCK","2023-07-31","2023-07-31","","","","3M SOLAR|3M AFFINITY 30","","","","","SourceSheet=3M Solar; SourceRow=14; RawDescription=3691 - 3M Affinity 30 60""","false","","","","",""
"IL-4075","3M Solar","3M PR 40 EXT.","72","6","6","324403.0","IN_STOCK","2023-07-31","2023-07-31","","","","3M SOLAR|3M PR 40 EXT.","","","","","SourceSheet=3M Solar; SourceRow=15; RawDescription=4075 - 3M PR 40 EXT. 72""","false","","","","",""
"IL-5093","3M Solar","3M PR 40 EXT","72","5","5","324521.0","IN_STOCK","2023-07-31","2023-07-31","","","","3M SOLAR|3M PR 40 EXT","","","","","SourceSheet=3M Solar; SourceRow=16; RawDescription=5093 - 3M PR 40 EXT 72""","false","","","","",""
"IL-5130","3M Solar","3M PR 70 EXT","60","6","6","D033324458","IN_STOCK","2023-07-31","2023-07-31","","","","3M SOLAR|3M PR 70 EXT","","","","","SourceSheet=3M Solar; SourceRow=17; RawDescription=5130 - 3M PR 70 EXT 60""","false","","","","",""
"IL-5090","3M Solar","3M Privacy Mirror","60","30","30","","IN_STOCK","2023-07-31","2023-07-31","","","","3M SOLAR|3M PRIVACY MIRROR","","","","","SourceSheet=3M Solar; SourceRow=18; RawDescription=5090 - 3M Privacy Mirror 60""","false","","","","",""
"IL-5385","3M Solar","3M PR 40 EXT","72","4","4","D060324475","IN_STOCK","2023-07-31","2023-07-31","","","","3M SOLAR|3M PR 40 EXT","","","","","SourceSheet=3M Solar; SourceRow=19; RawDescription=5385 - 3M PR 40 EXT 72""","false","","","","",""
"IL-5705","3M Solar","3M PR 40 EXT","60","28","28","D241324596","IN_STOCK","2023-07-31","2023-07-31","","","","3M SOLAR|3M PR 40 EXT","","","","","SourceSheet=3M Solar; SourceRow=20; RawDescription=5705 - 3M PR 40 EXT 60""","false","","","","",""
"IL-5716","3M Solar","3M NV 15","36","6","6","D305324639","IN_STOCK","2023-07-31","2023-07-31","","","","3M SOLAR|3M NV 15","","","","","SourceSheet=3M Solar; SourceRow=21; RawDescription=5716 - 3M NV 15 36""","false","","","","",""
"IL-6054","3M Solar","3M PR 40 EXT","60","42","42","E104324756","IN_STOCK","2023-07-31","2023-07-31","","","","3M SOLAR|3M PR 40 EXT","","","","","SourceSheet=3M Solar; SourceRow=22; RawDescription=6054 - 3M PR 40 EXT 60""","false","","","","",""
"IL-6090","3M Solar","3M PR 70","60","4","4","","IN_STOCK","2023-07-31","2023-07-31","","","","3M SOLAR|3M PR 70","","","","","SourceSheet=3M Solar; SourceRow=23; RawDescription=6090 - 3M PR 70 60""","false","","","","",""
"IL-6124","3M Solar","3M PR 70 EXT","60","10","10","E100324755","IN_STOCK","2023-07-31","2023-07-31","","","","3M SOLAR|3M PR 70 EXT","","","","","SourceSheet=3M Solar; SourceRow=24; RawDescription=6124 - 3M PR 70 EXT 60""","false","","","","",""
"IL-6226","3M Solar","3M PR 70 EXT","60","8","8","E100324755","IN_STOCK","2023-07-31","2023-07-31","","","","3M SOLAR|3M PR 70 EXT","","","","","SourceSheet=3M Solar; SourceRow=25; RawDescription=6226 - 3M PR 70 EXT 60""","false","","","","",""
"IL-6254","3M Solar","3M PR 40 EXT","36","16","16","","IN_STOCK","2023-07-31","2023-07-31","","","","3M SOLAR|3M PR 40 EXT","","","","","SourceSheet=3M Solar; SourceRow=27; RawDescription=6254 - 3M PR 40 EXT 36""","false","","","","",""
"IL-6307","3M Solar","3M Neutral 50 RE50NEARL","60","20","20","5.1924905E7","IN_STOCK","2023-07-31","2023-07-31","","","","3M SOLAR|3M NEUTRAL 50 RE50NEARL","","","","","SourceSheet=3M Solar; SourceRow=28; RawDescription=6307 - 3M Neutral 50 RE50NEARL 60""","false","","","","",""
"IL-6326","3M Solar","3M PR 70","72","6","6","E285324931","IN_STOCK","2023-07-31","2023-07-31","","","","3M SOLAR|3M PR 70","","","","","SourceSheet=3M Solar; SourceRow=29; RawDescription=6326 - 3M PR 70 72""","false","","","","",""
"IL-6379","3M Solar","3M PR 70","36","8","8","","IN_STOCK","2023-07-31","2023-07-31","","","","3M SOLAR|3M PR 70","","","","","SourceSheet=3M Solar; SourceRow=30; RawDescription=6379 - 3M PR 70 36""","false","","","","",""
"IL-6392","3M Solar","3M PR 60","36","64","64","E229324892","IN_STOCK","2023-07-31","2023-07-31","","","","3M SOLAR|3M PR 60","","","","","SourceSheet=3M Solar; SourceRow=31; RawDescription=6392 - 3M PR 60 36""","false","","","","",""
"IL-6395","3M Solar","3M PR 60 EXT","60","8","8","F010324994","IN_STOCK","2023-07-31","2023-07-31","","","","3M SOLAR|3M PR 60 EXT","","","","","SourceSheet=3M Solar; SourceRow=32; RawDescription=6395 - 3M PR 60 EXT 60""","false","","","","",""
"IL-6396","3M Solar","3M PR 60 EXT","72","16","16","E337324971","IN_STOCK","2023-07-31","2023-07-31","","","","3M SOLAR|3M PR 60 EXT","","","","","SourceSheet=3M Solar; SourceRow=33; RawDescription=6396 - 3M PR 60 EXT 72""","false","","","","",""
"IL-6411","3M Solar","3M PR 50 EXT","48","6","6","F010324993","IN_STOCK","2023-07-31","2023-07-31","","","","3M SOLAR|3M PR 50 EXT","","","","","SourceSheet=3M Solar; SourceRow=34; RawDescription=6411 - 3M PR 50 EXT 48""","false","","","","",""
"IL-6413","3M Solar","3M NV 25","36","16","16","E345324977","IN_STOCK","2023-07-31","2023-07-31","","","","3M SOLAR|3M NV 25","","","","","SourceSheet=3M Solar; SourceRow=35; RawDescription=6413 - 3M NV 25 36""","false","","","","",""
"IL-6496","3M Solar","3M LE 20","60","10","10","1.06233483E8","IN_STOCK","2023-07-31","2023-07-31","","","","3M SOLAR|3M LE 20","","","","","SourceSheet=3M Solar; SourceRow=36; RawDescription=6496 - 3M LE 20 60""","false","","","","",""
"IL-6502","3M Solar","3M Affinity 15","72","30","30","8.3024201E7","IN_STOCK","2023-07-31","2023-07-31","","","","3M SOLAR|3M AFFINITY 15","","","","","SourceSheet=3M Solar; SourceRow=37; RawDescription=6502 - 3M Affinity 15 72""","false","","","","",""
"IL-6529","3M Solar","3M PR 50 EXT","60","16","16","F057325030","IN_STOCK","2023-07-31","2023-07-31","","","","3M SOLAR|3M PR 50 EXT","","","","","SourceSheet=3M Solar; SourceRow=38; RawDescription=6529 - 3M PR 50 EXT 60""","false","","","","",""
"IL-6558","3M Solar","3M Affinity 15","60","35","35","1.01924014E8","IN_STOCK","2023-07-31","2023-07-31","","","","3M SOLAR|3M AFFINITY 15","","","","","SourceSheet=3M Solar; SourceRow=39; RawDescription=6558 - 3M Affinity 15 60""","false","","","","",""
"IL-6559","3M Solar","3M Affinity 15","72","14","14","3.2025478E7","IN_STOCK","2023-07-31","2023-07-31","","","","3M SOLAR|3M AFFINITY 15","","","","","SourceSheet=3M Solar; SourceRow=40; RawDescription=6559 - 3M Affinity 15 72""","false","","","","",""
"IL-6578","3M Solar","3M NV 15","36","46","46","F074325047","IN_STOCK","2023-07-31","2023-07-31","","","","3M SOLAR|3M NV 15","","","","","SourceSheet=3M Solar; SourceRow=41; RawDescription=6578 - 3M NV 15 36""","false","","","","",""
"IL-6579","3M Solar","3M NV 15","60","10","10","F168325129","IN_STOCK","2023-07-31","2023-07-31","","","","3M SOLAR|3M NV 15","","","","","SourceSheet=3M Solar; SourceRow=42; RawDescription=6579 - 3M NV 15 60""","false","","","","",""
"IL-6581","3M Solar","3M PR 40 EXT","36","62","62","E275324915","IN_STOCK","2023-07-31","2023-07-31","","","","3M SOLAR|3M PR 40 EXT","","","","","SourceSheet=3M Solar; SourceRow=43; RawDescription=6581 - 3M PR 40 EXT 36""","false","","","","",""
"IL-6584","3M Solar","3M Affinity 15","72","30","30","1.02924001E8","IN_STOCK","2023-07-31","2023-07-31","","","","3M SOLAR|3M AFFINITY 15","","","","","SourceSheet=3M Solar; SourceRow=44; RawDescription=6584 - 3M Affinity 15 72""","false","","","","",""
"IL-6591","3M Solar","3M NV 15","36","100","100","F074325047","IN_STOCK","2023-07-31","2023-07-31","","","","3M SOLAR|3M NV 15","","","","","SourceSheet=3M Solar; SourceRow=45; RawDescription=6591 - 3M NV 15 36""","false","","","","",""
"IL-6592","3M Solar","3M NV 15","36","70","70","F074325047","IN_STOCK","2023-07-31","2023-07-31","","","","3M SOLAR|3M NV 15","","","","","SourceSheet=3M Solar; SourceRow=46; RawDescription=6592 - 3M NV 15 36""","false","","","","",""
"IL-6594","3M Solar","3M NV 15","36","100","100","F074325047","IN_STOCK","2023-07-31","2023-07-31","","","","3M SOLAR|3M NV 15","","","","","SourceSheet=3M Solar; SourceRow=47; RawDescription=6594 - 3M NV 15 36""","false","","","","",""
"IL-6613","3M Solar","3M PR 40 EXT","72","100","100","F142325114","IN_STOCK","2023-07-31","2023-07-31","","","","3M SOLAR|3M PR 40 EXT","","","","","SourceSheet=3M Solar; SourceRow=48; RawDescription=6613 - 3M PR 40 EXT 72""","false","","","","",""
"IL-6614","3M Solar","3M PR 40 EXT","72","50","50","F142325114","IN_STOCK","2023-07-31","2023-07-31","","","","3M SOLAR|3M PR 40 EXT","","","","","SourceSheet=3M Solar; SourceRow=49; RawDescription=6614 - 3M PR 40 EXT 72""","false","","","","",""
"IL-6641","3M Solar","3M Affinity 15","60","90","90","8.2224452E7","IN_STOCK","2023-07-31","2023-07-31","","","","3M SOLAR|3M AFFINITY 15","","","","","SourceSheet=3M Solar; SourceRow=50; RawDescription=6641 - 3M Affinity 15 60""","false","","","","",""
"IL-6670","3M Solar","3M PR 70 EXT","36","26","26","F196325156","IN_STOCK","2023-07-31","2023-07-31","","","","3M SOLAR|3M PR 70 EXT","","","","","SourceSheet=3M Solar; SourceRow=51; RawDescription=6670 - 3M PR 70 EXT 36""","false","","","","",""
"IL-6679","3M Solar","3M Affinity 15","60","80","80","1.01924014E8","IN_STOCK","2023-07-31","2023-07-31","","","","3M SOLAR|3M AFFINITY 15","","","","","SourceSheet=3M Solar; SourceRow=52; RawDescription=6679 - 3M Affinity 15 60""","false","","","","",""
"IL-6681","3M Solar","3M Affinity 15","60","100","100","1.01924014E8","IN_STOCK","2023-07-31","2023-07-31","","","","3M SOLAR|3M AFFINITY 15","","","","","SourceSheet=3M Solar; SourceRow=53; RawDescription=6681 - 3M Affinity 15 60""","false","","","","",""
"IL-6683","3M Solar","3M Affinity 15","72","100","100","1.0302473E8","IN_STOCK","2023-07-31","2023-07-31","","","","3M SOLAR|3M AFFINITY 15","","","","","SourceSheet=3M Solar; SourceRow=54; RawDescription=6683 - 3M Affinity 15 72""","false","","","","",""
"IL-6684","3M Solar","3M PR 70","60","28","28","F157325122","IN_STOCK","2023-07-31","2023-07-31","","","","3M SOLAR|3M PR 70","","","","","SourceSheet=3M Solar; SourceRow=55; RawDescription=6684 - 3M PR 70 60""","false","","","","",""
"IL-6685","3M Solar","3M PR 40 EXT","60","64","64","F211325162","IN_STOCK","2023-07-31","2023-07-31","","","","3M SOLAR|3M PR 40 EXT","","","","","SourceSheet=3M Solar; SourceRow=56; RawDescription=6685 - 3M PR 40 EXT 60""","false","","","","",""
"IL-6692","3M Solar","3M PR 70","48","32","32","F157325122","IN_STOCK","2023-07-31","2023-07-31","","","","3M SOLAR|3M PR 70","","","","","SourceSheet=3M Solar; SourceRow=57; RawDescription=6692 - 3M PR 70 48""","false","","","","",""
"IL-6702","3M Solar","3M PR 60","60","64","64","F010324994","IN_STOCK","2023-07-31","2023-07-31","","","","3M SOLAR|3M PR 60","","","","","SourceSheet=3M Solar; SourceRow=58; RawDescription=6702 - 3M PR 60 60""","false","","","","",""
"IL-6718","3M Solar","3M NV 25","60","74","74","F175325134","IN_STOCK","2023-07-31","2023-07-31","","","","3M SOLAR|3M NV 25","","","","","SourceSheet=3M Solar; SourceRow=59; RawDescription=6718 - 3M NV 25 60""","false","","","","",""
"IL-6721","3M Solar","3M PR 20 EXT","72","50","50","F254325205","IN_STOCK","2023-07-31","2023-07-31","","","","3M SOLAR|3M PR 20 EXT","","","","","SourceSheet=3M Solar; SourceRow=60; RawDescription=6721 - 3M PR 20 EXT 72""","false","","","","",""
"IL-6722","3M Solar","3M PR 20 EXT","36","32","32","F254325205","IN_STOCK","2023-07-31","2023-07-31","","","","3M SOLAR|3M PR 20 EXT","","","","","SourceSheet=3M Solar; SourceRow=61; RawDescription=6722 - 3M PR 20 EXT 36""","false","","","","",""
"IL-6723","3M Solar","3M PR 90 EXT","60","50","50","F196325155","IN_STOCK","2023-07-31","2023-07-31","","","","3M SOLAR|3M PR 90 EXT","","","","","SourceSheet=3M Solar; SourceRow=62; RawDescription=6723 - 3M PR 90 EXT 60""","false","","","","",""
"IL-6729","3M Solar","3M NV 15","36","40","40","F168325129","IN_STOCK","2023-07-31","2023-07-31","","","","3M SOLAR|3M NV 15","","","","","SourceSheet=3M Solar; SourceRow=63; RawDescription=6729 - 3M NV 15 36""","false","","","","",""
"IL-6730","3M Solar","3M NV 35","60","50","50","F071325044","IN_STOCK","2023-07-31","2023-07-31","","","","3M SOLAR|3M NV 35","","","","","SourceSheet=3M Solar; SourceRow=64; RawDescription=6730 - 3M NV 35 60""","false","","","","",""
"IL-6741","3M Solar","3M NV 15","72","72","72","F293325231","IN_STOCK","2023-07-31","2023-07-31","","","","3M SOLAR|3M NV 15","","","","","SourceSheet=3M Solar; SourceRow=65; RawDescription=6741 - 3M NV 15 72""","false","","","","",""
"IL-6745","3M Solar","3M NV 25","36","100","100","E345324977","IN_STOCK","2023-07-31","2023-07-31","","","","3M SOLAR|3M NV 25","","","","","SourceSheet=3M Solar; SourceRow=66; RawDescription=6745 - 3M NV 25 36""","false","","","","",""
"IL-6746","3M Solar","3M PR 90 EXT","60","10","10","F196325155","IN_STOCK","2023-07-31","2023-07-31","","","","3M SOLAR|3M PR 90 EXT","","","","","SourceSheet=3M Solar; SourceRow=67; RawDescription=6746 - 3M PR 90 EXT 60""","false","","","","",""
"IL-6747","3M Solar","3M PR 20","60","100","100","F064325036","IN_STOCK","2023-07-31","2023-07-31","","","","3M SOLAR|3M PR 20","","","","","SourceSheet=3M Solar; SourceRow=68; RawDescription=6747 - 3M PR 20 60""","false","","","","",""
"IL-6748","3M Solar","3M PR 20","60","100","100","F064325036","IN_STOCK","2023-07-31","2023-07-31","","","","3M SOLAR|3M PR 20","","","","","SourceSheet=3M Solar; SourceRow=69; RawDescription=6748 - 3M PR 20 60""","false","","","","",""
"IL-6749","3M Solar","3M PR 20","60","100","100","F064325036","IN_STOCK","2023-07-31","2023-07-31","","","","3M SOLAR|3M PR 20","","","","","SourceSheet=3M Solar; SourceRow=70; RawDescription=6749 - 3M PR 20 60""","false","","","","",""
"IL-6757","3M Solar","3M PR 70","60","32","32","F196325156","IN_STOCK","2023-07-31","2023-07-31","","","","3M SOLAR|3M PR 70","","","","","SourceSheet=3M Solar; SourceRow=71; RawDescription=6757 - 3M PR 70 60""","false","","","","",""
"IL-6764","3M Solar","3M PR 60","48","22","22","F133325104","IN_STOCK","2023-07-31","2023-07-31","","","","3M SOLAR|3M PR 60","","","","","SourceSheet=3M Solar; SourceRow=72; RawDescription=6764 - 3M PR 60 48""","false","","","","",""
"IL-6766","3M Solar","3M PR 50 EXT","72","18","18","F142325113","IN_STOCK","2023-07-31","2023-07-31","","","","3M SOLAR|3M PR 50 EXT","","","","","SourceSheet=3M Solar; SourceRow=73; RawDescription=6766 - 3M PR 50 EXT 72""","false","","","","",""
"IL-6772","3M Solar","3M RE35NEARL","60","35","35","1.20620426E8","IN_STOCK","2023-07-31","2023-07-31","","","","3M SOLAR|3M RE35NEARL","","","","","SourceSheet=3M Solar; SourceRow=74; RawDescription=6772 - 3M RE35NEARL 60""","false","","","","",""
"IL-6794","3M Solar","3M NV 15","60","42","42","F265325216","IN_STOCK","2023-07-31","2023-07-31","","","","3M SOLAR|3M NV 15","","","","","SourceSheet=3M Solar; SourceRow=75; RawDescription=6794 - 3M NV 15 60""","false","","","","",""
"IL-6795","3M Solar","3M NV 15","72","72","72","F293325231","IN_STOCK","2023-07-31","2023-07-31","","","","3M SOLAR|3M NV 15","","","","","SourceSheet=3M Solar; SourceRow=76; RawDescription=6795 - 3M NV 15 72""","false","","","","",""
"IL-6799","3M Solar","3M P-18","60","25","25","5438974.0","IN_STOCK","2023-07-31","2023-07-31","","","","3M SOLAR|3M P-18","","","","","SourceSheet=3M Solar; SourceRow=77; RawDescription=6799 - 3M P-18 60""","false","","","","",""
"IL-6802","3M Solar","3M PR 70","60","100","100","F157325122","IN_STOCK","2023-07-31","2023-07-31","","","","3M SOLAR|3M PR 70","","","","","SourceSheet=3M Solar; SourceRow=78; RawDescription=6802 - 3M PR 70 60""","false","","","","",""
"IL-6812","3M Solar","3M PR 70 EXT","72","80","80","F255325207","IN_STOCK","2023-07-31","2023-07-31","","","","3M SOLAR|3M PR 70 EXT","","","","","SourceSheet=3M Solar; SourceRow=79; RawDescription=6812 - 3M PR 70 EXT 72""","false","","","","",""
"IL-6814","3M Solar","3M P-18 Silver","48","20","20","5439373.0","IN_STOCK","2023-07-31","2023-07-31","","","","3M SOLAR|3M P-18 SILVER","","","","","SourceSheet=3M Solar; SourceRow=80; RawDescription=6814 - 3M P-18 Silver 48""","false","","","","",""
"IL-6398","3M Solar","3M Dusted Crystal 7725-314","60","125","125","G2431830","IN_STOCK","2023-07-31","2023-07-31","","","","3M SOLAR|3M DUSTED CRYSTAL 7725-314","","","","","SourceSheet=3M Solar; SourceRow=81; RawDescription=6398 - 3M Dusted Crystal 7725-314 60""","false","","","","",""
"IL-6803","3M Solar","3M Black Matte 3635-22B","48","60","60","","IN_STOCK","2023-07-31","2023-07-31","","","","3M SOLAR|3M BLACK MATTE 3635-22B","","","","","SourceSheet=3M Solar; SourceRow=82; RawDescription=6803 - 3M Black Matte 3635-22B 48""","false","","","","",""
"IL-6838","3M Solar","3M PR 70","60","7","7","","IN_STOCK","2023-07-31","2023-07-31","","","","3M SOLAR|3M PR 70","","","","","SourceSheet=3M Solar; SourceRow=83; RawDescription=6838 - 3M PR 70 60""","false","","","","",""
"IL-6839","3M Solar","3M PR 50","60","7","7","","IN_STOCK","2023-07-31","2023-07-31","","","","3M SOLAR|3M PR 50","","","","","SourceSheet=3M Solar; SourceRow=84; RawDescription=6839 - 3M PR 50 60""","false","","","","",""
"IL-6849","3M Solar","3M PR 70","72","52","52","","IN_STOCK","2023-07-31","2023-07-31","","","","3M SOLAR|3M PR 70","","","","","SourceSheet=3M Solar; SourceRow=85; RawDescription=6849 - 3M PR 70 72""","false","","","","",""
"IL-6845","3M Solar","3M Silver P-18","48","68","68","","IN_STOCK","2023-07-31","2023-07-31","","","","3M SOLAR|3M SILVER P-18","","","","","SourceSheet=3M Solar; SourceRow=86; RawDescription=6845 - 3M Silver P-18 48""","false","","","","",""
"IL-6848","3M Solar","3M Night Vision 25","72","95","95","F273325221","IN_STOCK","2023-07-31","2023-07-31","","","","3M SOLAR|3M NIGHT VISION 25","","","","","SourceSheet=3M Solar; SourceRow=87; RawDescription=6848 - 3M Night Vision 25 72""","false","","","","",""
"IL-6872","3M Solar","3M PR-70","48","100","100","","IN_STOCK","2023-07-31","2023-07-31","","","","3M SOLAR|3M PR-70","","","","","SourceSheet=3M Solar; SourceRow=88; RawDescription=6872 - 3M PR-70 48""","false","","","","",""
"IL-6873","3M Solar","3M PR-70","48","100","100","","IN_STOCK","2023-07-31","2023-07-31","","","","3M SOLAR|3M PR-70","","","","","SourceSheet=3M Solar; SourceRow=89; RawDescription=6873 - 3M PR-70 48""","false","","","","",""
"IL-1434","Fasara","3M Venetian SH2FGVN","50","9","9","NA","IN_STOCK","2023-02-13","2023-02-13","","","","FASARA|3M VENETIAN SH2FGVN","","","","","SourceSheet=Fasara; SourceRow=2; RawDescription=1434 - 3M Venetian SH2FGVN 50""","false","","","","",""
"IL-1524","Fasara","PRISM SILVER SH2CSPS","50","10","10","NA","IN_STOCK","2023-02-13","2023-02-13","","","","FASARA|PRISM SILVER SH2CSPS","","","","","SourceSheet=Fasara; SourceRow=3; RawDescription=1524- PRISM SILVER  SH2CSPS  50""","false","","","","",""
"IL-1774","Fasara","CLOUD SH2FGL","60","24","24","JR-4510-4603-1","IN_STOCK","2023-02-13","2023-02-13","","","","FASARA|CLOUD SH2FGL","","","","","SourceSheet=Fasara; SourceRow=5; RawDescription=1774- CLOUD SH2FGL  60""","false","","","","",""
"IL-1784","Fasara","3M Acid Etch SXC-314","50","85","85","","IN_STOCK","2023-02-13","2023-02-13","","","","FASARA|3M ACID ETCH SXC-314","","","","","SourceSheet=Fasara; SourceRow=6; RawDescription=1784 - 3M  Acid Etch  SXC-314  50""","false","","","","",""
"IL-1798","Fasara","3M Arpa SH2FGAP","50","13","13","NA","IN_STOCK","2023-02-13","2023-02-13","","","","FASARA|3M ARPA SH2FGAP","","","","","SourceSheet=Fasara; SourceRow=7; RawDescription=1798 - 3M Arpa SH2FGAP 50""","false","","","","",""
"IL-1807","Fasara","AURA 9 SH2PCA9","50","12","12","NA","IN_STOCK","2023-02-13","2023-02-13","","","","FASARA|AURA 9 SH2PCA9","","","","","SourceSheet=Fasara; SourceRow=8; RawDescription=1807- AURA 9 SH2PCA9  50""","false","","","","",""
"IL-2071","Fasara","3M Weave Pearl SH2EMWP","50","30","30","","IN_STOCK","2023-02-13","2023-02-13","","","","FASARA|3M WEAVE PEARL SH2EMWP","","","","","SourceSheet=Fasara; SourceRow=9; RawDescription=2071 - 3M Weave Pearl SH2EMWP 50""","false","","","","",""
"IL-2159","Fasara","3M Lontano SH2FGLO","50","28","28","JR-4510-3894-7","IN_STOCK","2023-02-13","2023-02-13","","","","FASARA|3M LONTANO SH2FGLO","","","","","SourceSheet=Fasara; SourceRow=10; RawDescription=2159 - 3M Lontano SH2FGLO 50""","false","","","","",""
"IL-2252","Fasara","Aerina SH2FGAR","50","12","12","11C011","IN_STOCK","2023-02-13","2023-02-13","","","","FASARA|AERINA SH2FGAR","","","","","SourceSheet=Fasara; SourceRow=11; RawDescription=2252 - Aerina SH2FGAR 50""","false","","","","",""
"IL-2304","Fasara","Lausanne SH2EMLA","50","10","10","JR-4510-3773-3","IN_STOCK","2023-02-13","2023-02-13","","","","FASARA|LAUSANNE SH2EMLA","","","","","SourceSheet=Fasara; SourceRow=12; RawDescription=2304 - Lausanne SH2EMLA 50""","false","","","","",""
"IL-2809","Fasara","FEATHER FRIENDLY RAIN","36","50","50","7.10009033E9","IN_STOCK","2023-02-13","2023-02-13","","","","FASARA|FEATHER FRIENDLY RAIN","","","","","SourceSheet=Fasara; SourceRow=14; RawDescription=2809- FEATHER FRIENDLY RAIN 36""","false","","","","",""
"IL-2814","Fasara","Aerina SH2FGAR","50","29","29","SA28C010","IN_STOCK","2023-02-13","2023-02-13","","","","FASARA|AERINA SH2FGAR","","","","","SourceSheet=Fasara; SourceRow=15; RawDescription=2814 - Aerina SH2FGAR 50""","false","","","","",""
"IL-2911","Fasara","Matte Crystal SH2MACRX2","60","40","40","SE-06C059","IN_STOCK","2023-02-13","2023-02-13","","","","FASARA|MATTE CRYSTAL SH2MACRX2","","","","","SourceSheet=Fasara; SourceRow=16; RawDescription=2911 - Matte Crystal SH2MACRX2 60""","false","","","","",""
"IL-2969","Fasara","Cielo SH2FGCE","50","20","20","TE-22C053","IN_STOCK","2023-02-13","2023-02-13","","","","FASARA|CIELO SH2FGCE","","","","","SourceSheet=Fasara; SourceRow=17; RawDescription=2969 - Cielo SH2FGCE 50""","false","","","","",""
"IL-3098","Fasara","3M Grain Silver SH2CSGS","50","7","7","NA","IN_STOCK","2023-02-13","2023-02-13","","","","FASARA|3M GRAIN SILVER SH2CSGS","","","","","SourceSheet=Fasara; SourceRow=18; RawDescription=3098 - 3M Grain Silver SH2CSGS 50""","false","","","","",""
"IL-3194A","Fasara","3M Dusted Crystal","18","18","18","G2117101","IN_STOCK","2023-02-13","2023-02-13","","","","FASARA|3M DUSTED CRYSTAL","","","","","SourceSheet=Fasara; SourceRow=20; RawDescription=3194A- 3M Dusted Crystal   18""","false","","","","",""
"IL-3564","Fasara","3M San Marino Milky Milky Dark Gray SH2MAMMD","50","7","7","NA","IN_STOCK","2023-02-13","2023-02-13","","","","FASARA|3M SAN MARINO MILKY MILKY DARK GRAY SH2MAMMD","","","","","SourceSheet=Fasara; SourceRow=21; RawDescription=3564 - 3M San Marino Milky Milky Dark Gray SH2MAMMD 50""","false","","","","",""
"IL-3645","Fasara","3M Buck Pearl + Gray SH2FGBUG","50","10","10","N017C034","IN_STOCK","2023-02-13","2023-02-13","","","","FASARA|3M BUCK PEARL + GRAY SH2FGBUG","","","","","SourceSheet=Fasara; SourceRow=23; RawDescription=3645 - 3M Buck Pearl + Gray SH2FGBUG 50""","false","","","","",""
"IL-3743","Fasara","3M Luce","50","6","6","na","IN_STOCK","2023-02-13","2023-02-13","","","","FASARA|3M LUCE","","","","","SourceSheet=Fasara; SourceRow=25; RawDescription=3743 - 3M Luce 50""","false","","","","",""
"IL-3813","Fasara","3M Matte Crystal SH2MACR1","50","12","12","","IN_STOCK","2023-02-13","2023-02-13","","","","FASARA|3M MATTE CRYSTAL SH2MACR1","","","","","SourceSheet=Fasara; SourceRow=26; RawDescription=3813 - 3M Matte Crystal SH2MACR1 50""","false","","","","",""
"IL-3858","Fasara","3M Frost Glace SH2MAGL","48","7","7","","IN_STOCK","2023-02-13","2023-02-13","","","","FASARA|3M FROST GLACE SH2MAGL","","","","","SourceSheet=Fasara; SourceRow=27; RawDescription=3858 - 3M Frost Glace SH2MAGL 48""","false","","","","",""
"IL-3859","Fasara","3M Stripe-Fine Vertical SH2FGFN","50","10","10","","IN_STOCK","2023-02-13","2023-02-13","","","","FASARA|3M STRIPE-FINE VERTICAL SH2FGFN","","","","","SourceSheet=Fasara; SourceRow=28; RawDescription=3859 - 3M Stripe-Fine Vertical SH2FGFN 50""","false","","","","",""
"IL-3849","Fasara","3M Fabric-Sensai Linen Champagne Gold SH2CSSEC","50","39","39","","IN_STOCK","2023-02-13","2023-02-13","","","","FASARA|3M FABRIC-SENSAI LINEN CHAMPAGNE GOLD SH2CSSEC","","","","","SourceSheet=Fasara; SourceRow=29; RawDescription=3849 - 3M Fabric-Sensai Linen Champagne Gold SH2CSSEC 50""","false","","","","",""
"M131","Fasara","SH2EMES","50","5","5","","IN_STOCK","2023-02-13","2023-02-13","","","","FASARA|SH2EMES","","","","","SourceSheet=Fasara; SourceRow=30; RawDescription=M131 - SH2EMES  50""","false","","","","",""
"IL-4018","Fasara","3M BORDER-SLAT G HORIZONTAL SH2FGSL-G","50","25","25","","IN_STOCK","2023-02-13","2023-02-13","","","","FASARA|3M BORDER-SLAT G HORIZONTAL SH2FGSL-G","","","","","SourceSheet=Fasara; SourceRow=31; RawDescription=4018 - 3M BORDER-SLAT G HORIZONTAL SH2FGSL-G 50""","false","","","","",""
"IL-4042","Fasara","3M Milky Crystal SHMLCRX","50","16","16","","IN_STOCK","2023-02-13","2023-02-13","","","","FASARA|3M MILKY CRYSTAL SHMLCRX","","","","","SourceSheet=Fasara; SourceRow=32; RawDescription=4042 - 3M Milky Crystal SHMLCRX  50""","false","","","","",""
"IL-4047","Fasara","Mare SH2FGMR","50","10","10","","IN_STOCK","2023-02-13","2023-02-13","","","","FASARA|MARE SH2FGMR","","","","","SourceSheet=Fasara; SourceRow=33; RawDescription=4047 - Mare SH2FGMR 50""","false","","","","",""
"IL-5046","Fasara","3M Fasara Frost San Marino Milky Milky SH2MAMM","50","14","14","105357345B","IN_STOCK","2023-02-13","2023-02-13","","","","FASARA|3M FASARA FROST SAN MARINO MILKY MILKY SH2MAMM","","","","","SourceSheet=Fasara; SourceRow=34; RawDescription=5046 - 3M Fasara Frost San Marino Milky Milky SH2MAMM 50""","false","","","","",""
"IL-5054","Fasara","3M Fasara Frost Opaque White SH2MAOW","50","30","30","105.0","IN_STOCK","2023-02-13","2023-02-13","","","","FASARA|3M FASARA FROST OPAQUE WHITE SH2MAOW","","","","","SourceSheet=Fasara; SourceRow=35; RawDescription=5054 - 3M Fasara Frost Opaque White SH2MAOW 50""","false","","","","",""
"IL-5075","Fasara","Feather Friendly Horizon","36","150","150","","IN_STOCK","2023-02-13","2023-02-13","","","","FASARA|FEATHER FRIENDLY HORIZON","","","","","SourceSheet=Fasara; SourceRow=36; RawDescription=5075 - Feather Friendly Horizon 36""","false","","","","",""
"IL-5076","Fasara","Feather Friendly Horizon","36","50","50","","IN_STOCK","2023-02-13","2023-02-13","","","","FASARA|FEATHER FRIENDLY HORIZON","","","","","SourceSheet=Fasara; SourceRow=37; RawDescription=5076 - Feather Friendly Horizon 36""","false","","","","",""
"IL-5280","Fasara","3M Fasara Frost Opaque White SH2MAOW","50","5","5","1.05504524E8","IN_STOCK","2023-02-13","2023-02-13","","","","FASARA|3M FASARA FROST OPAQUE WHITE SH2MAOW","","","","","SourceSheet=Fasara; SourceRow=38; RawDescription=5280 - 3M Fasara Frost Opaque White SH2MAOW 50""","false","","","","",""
"IL-5278","Fasara","3M Fasara Frost Walnut Smoke SH2PTFWS","60","9","9","","IN_STOCK","2023-02-13","2023-02-13","","","","FASARA|3M FASARA FROST WALNUT SMOKE SH2PTFWS","","","","","SourceSheet=Fasara; SourceRow=39; RawDescription=5278 - 3M Fasara Frost Walnut Smoke SH2PTFWS 60""","false","","","","",""
"IL-5327","Fasara","3M Fasara Frost Opaque White SH2MAOW","50","98","98","1.05426022E8","IN_STOCK","2023-02-13","2023-02-13","","","","FASARA|3M FASARA FROST OPAQUE WHITE SH2MAOW","","","","","SourceSheet=Fasara; SourceRow=40; RawDescription=5327 - 3M Fasara Frost Opaque White SH2MAOW 50""","false","","","","",""
"IL-5376","Fasara","3M Fasara Luce SH2FGLU","50","86","86","105527736B","IN_STOCK","2023-02-13","2023-02-13","","","","FASARA|3M FASARA LUCE SH2FGLU","","","","","SourceSheet=Fasara; SourceRow=41; RawDescription=5376 - 3M Fasara Luce SH2FGLU 50""","false","","","","",""
"IL-5392","Fasara","3M Fasara Border Paracell Horizontal SH2FGPR","50","15","15","123-90","IN_STOCK","2023-02-13","2023-02-13","","","","FASARA|3M FASARA BORDER PARACELL HORIZONTAL SH2FGPR","","","","","SourceSheet=Fasara; SourceRow=42; RawDescription=5392 - 3M Fasara Border Paracell Horizontal SH2FGPR 50""","false","","","","",""
"IL-5419","Fasara","3M Fasara Fabric Weave Pearl Dk Gray SH2EMWG","50","9","9","CN-28C019","IN_STOCK","2023-02-13","2023-02-13","","","","FASARA|3M FASARA FABRIC WEAVE PEARL DK GRAY SH2EMWG","","","","","SourceSheet=Fasara; SourceRow=43; RawDescription=5419 - 3M Fasara Fabric Weave Pearl Dk Gray SH2EMWG 50""","false","","","","",""
"IL-5452","Fasara","3M Fasara Dusted Crystal 7725-314","48","40","40","G2321401","IN_STOCK","2023-02-13","2023-02-13","","","","FASARA|3M FASARA DUSTED CRYSTAL 7725-314","","","","","SourceSheet=Fasara; SourceRow=44; RawDescription=5452 - 3M Fasara Dusted Crystal 7725-314 48""","false","","","","",""
"IL-5756","Fasara","3M Fasara Frost Mat Crystal SH2MACR-I","60","8","8","105767640A","IN_STOCK","2023-02-13","2023-02-13","","","","FASARA|3M FASARA FROST MAT CRYSTAL SH2MACR-I","","","","","SourceSheet=Fasara; SourceRow=45; RawDescription=5756 - 3M Fasara Frost Mat Crystal SH2MACR-I 60""","false","","","","",""
"IL-5691","Fasara","3M Fasara Frost Essen SH2EMES","50","10","10","1.0590472E8","IN_STOCK","2023-02-13","2023-02-13","","","","FASARA|3M FASARA FROST ESSEN SH2EMES","","","","","SourceSheet=Fasara; SourceRow=46; RawDescription=5691 - 3M Fasara Frost Essen SH2EMES 50""","false","","","","",""
"IL-5957","Fasara","3M Fasara Glace SH2MAGL","50","6","6","106747-020A","IN_STOCK","2023-02-13","2023-02-13","","","","FASARA|3M FASARA GLACE SH2MAGL","","","","","SourceSheet=Fasara; SourceRow=47; RawDescription=5957 - 3M Fasara Glace SH2MAGL 50""","false","","","","",""
"IL-5958","Fasara","3M Fasara Cloud Narrow White SH2FGCN","50","13","13","7.100200149E9","IN_STOCK","2023-02-13","2023-02-13","","","","FASARA|3M FASARA CLOUD NARROW WHITE SH2FGCN","","","","","SourceSheet=Fasara; SourceRow=48; RawDescription=5958 - 3M Fasara Cloud Narrow White SH2FGCN 50""","false","","","","",""
"IL-5961","Fasara","3M Fasara San Marino Milky Milky SH2MAMM","50","19","19","2793B","IN_STOCK","2023-02-13","2023-02-13","","","","FASARA|3M FASARA SAN MARINO MILKY MILKY SH2MAMM","","","","","SourceSheet=Fasara; SourceRow=49; RawDescription=5961 - 3M Fasara San Marino Milky Milky SH2MAMM 50""","false","","","","",""
"IL-5997","Fasara","3M Fasara Dusted Crystal 7725-314","60","10","10","G2407501","IN_STOCK","2023-02-13","2023-02-13","","","","FASARA|3M FASARA DUSTED CRYSTAL 7725-314","","","","","SourceSheet=Fasara; SourceRow=50; RawDescription=5997 - 3M Fasara Dusted Crystal 7725-314 60""","false","","","","",""
"IL-6002","Fasara","3M Fasara Dusted Crystal 7725-314","60","13","13","G2407501","IN_STOCK","2023-02-13","2023-02-13","","","","FASARA|3M FASARA DUSTED CRYSTAL 7725-314","","","","","SourceSheet=Fasara; SourceRow=51; RawDescription=6002 - 3M Fasara Dusted Crystal 7725-314 60""","false","","","","",""
"IL-6076","Fasara","3M Fasara Frost Milano Milky White SH2MAML","60","40","40","106897512B","IN_STOCK","2023-02-13","2023-02-13","","","","FASARA|3M FASARA FROST MILANO MILKY WHITE SH2MAML","","","","","SourceSheet=Fasara; SourceRow=52; RawDescription=6076 - 3M Fasara Frost Milano Milky White SH2MAML 60""","false","","","","",""
"IL-6150","Fasara","3M Fasara Milky Crystal SH2MLCRX","50","6","6","106839959A","IN_STOCK","2023-02-13","2023-02-13","","","","FASARA|3M FASARA MILKY CRYSTAL SH2MLCRX","","","","","SourceSheet=Fasara; SourceRow=53; RawDescription=6150 - 3M Fasara Milky Crystal SH2MLCRX 50""","false","","","","",""
"IL-6152","Fasara","3M Fasara Milky Crystal SH2MLCRX","50","15","15","106302316B","IN_STOCK","2023-02-13","2023-02-13","","","","FASARA|3M FASARA MILKY CRYSTAL SH2MLCRX","","","","","SourceSheet=Fasara; SourceRow=54; RawDescription=6152 - 3M Fasara Milky Crystal SH2MLCRX 50""","false","","","","",""
"IL-6160","Fasara","3M Fasara Milky Crystal SH2MLCRX","50","15","15","106398260B","IN_STOCK","2023-02-13","2023-02-13","","","","FASARA|3M FASARA MILKY CRYSTAL SH2MLCRX","","","","","SourceSheet=Fasara; SourceRow=55; RawDescription=6160 - 3M Fasara Milky Crystal SH2MLCRX 50""","false","","","","",""
"IL-6036","Fasara","3M White Blockout Matte 3635-20","48","20","20","L2335603","IN_STOCK","2023-02-13","2023-02-13","","","","FASARA|3M WHITE BLOCKOUT MATTE 3635-20","","","","","SourceSheet=Fasara; SourceRow=56; RawDescription=6036 - 3M White Blockout Matte 3635-20 48""","false","","","","",""
"IL-6070","Fasara","3M White Blockout Matte 3635-20","48","70","70","","IN_STOCK","2023-02-13","2023-02-13","","","","FASARA|3M WHITE BLOCKOUT MATTE 3635-20","","","","","SourceSheet=Fasara; SourceRow=57; RawDescription=6070 - 3M White Blockout Matte 3635-20 48""","false","","","","",""
"IL-6203","Fasara","3M Fasara Cloud Narrow White SH2FGCN","50","98","98","JR-4510-4692-4","IN_STOCK","2023-02-13","2023-02-13","","","","FASARA|3M FASARA CLOUD NARROW WHITE SH2FGCN","","","","","SourceSheet=Fasara; SourceRow=58; RawDescription=6203 - 3M Fasara Cloud Narrow White SH2FGCN 50""","false","","","","",""
"IL-6210","Fasara","3M Fasara Mare SH2FGMR","50","20","20","1.07243526E8","IN_STOCK","2023-02-13","2023-02-13","","","","FASARA|3M FASARA MARE SH2FGMR","","","","","SourceSheet=Fasara; SourceRow=59; RawDescription=6210 - 3M Fasara Mare SH2FGMR 50""","false","","","","",""
"IL-6211","Fasara","3M Fasara Chamonix SH2EMCH","50","7","7","107168131B","IN_STOCK","2023-02-13","2023-02-13","","","","FASARA|3M FASARA CHAMONIX SH2EMCH","","","","","SourceSheet=Fasara; SourceRow=60; RawDescription=6211 - 3M Fasara Chamonix SH2EMCH 50""","false","","","","",""
"IL-6221","Fasara","3M Fasara Mare SH2FGMR","50","6","6","107092003B","IN_STOCK","2023-02-13","2023-02-13","","","","FASARA|3M FASARA MARE SH2FGMR","","","","","SourceSheet=Fasara; SourceRow=61; RawDescription=6221 - 3M Fasara Mare SH2FGMR 50""","false","","","","",""
"IL-6244","Fasara","3M Fasara Shutie Vertical SH2FGST","50","6","6","AE12542","IN_STOCK","2023-02-13","2023-02-13","","","","FASARA|3M FASARA SHUTIE VERTICAL SH2FGST","","","","","SourceSheet=Fasara; SourceRow=62; RawDescription=6244 - 3M Fasara Shutie Vertical SH2FGST 50""","false","","","","",""
"IL-6246","Fasara","3M Fasara Shutie Vertical SH2FGST","50","22","22","1.5060732E7","IN_STOCK","2023-02-13","2023-02-13","","","","FASARA|3M FASARA SHUTIE VERTICAL SH2FGST","","","","","SourceSheet=Fasara; SourceRow=63; RawDescription=6246 - 3M Fasara Shutie Vertical SH2FGST 50""","false","","","","",""
"IL-6250","Fasara","3M Fasara Shutie Vertical SH2FGST","50","70","70","1.06673305E8","IN_STOCK","2023-02-13","2023-02-13","","","","FASARA|3M FASARA SHUTIE VERTICAL SH2FGST","","","","","SourceSheet=Fasara; SourceRow=64; RawDescription=6250 - 3M Fasara Shutie Vertical SH2FGST 50""","false","","","","",""
"IL-6278","Fasara","Feather Friendly Harmony","36","30","30","","IN_STOCK","2023-02-13","2023-02-13","","","","FASARA|FEATHER FRIENDLY HARMONY","","","","","SourceSheet=Fasara; SourceRow=65; RawDescription=6278 - Feather Friendly Harmony 36""","false","","","","",""
"IL-6304","Fasara","Bird Divert","12","170","170","","IN_STOCK","2023-02-13","2023-02-13","","","","FASARA|BIRD DIVERT","","","","","SourceSheet=Fasara; SourceRow=66; RawDescription=6304 - Bird Divert 12""","false","","","","",""
"IL-6322","Fasara","Feather Friendly Harmony","48","70","70","","IN_STOCK","2023-02-13","2023-02-13","","","","FASARA|FEATHER FRIENDLY HARMONY","","","","","SourceSheet=Fasara; SourceRow=67; RawDescription=6322 - Feather Friendly Harmony 48""","false","","","","",""
"IL-6332","Fasara","3M Fasara Fabric Sagano SH2PTSA2","50","53","53","1.08813228E8","IN_STOCK","2023-02-13","2023-02-13","","","","FASARA|3M FASARA FABRIC SAGANO SH2PTSA2","","","","","SourceSheet=Fasara; SourceRow=68; RawDescription=6332 - 3M Fasara Fabric Sagano SH2PTSA2 50""","false","","","","",""
"IL-6391","Fasara","3M Fasara San Marino Milky² Blue Gray SH2MAMMB","50","40","40","1.06785146E8","IN_STOCK","2023-02-13","2023-02-13","","","","FASARA|3M FASARA SAN MARINO MILKY² BLUE GRAY SH2MAMMB","","","","","SourceSheet=Fasara; SourceRow=69; RawDescription=6391 - 3M Fasara San Marino Milky² Blue Gray SH2MAMMB 50""","false","","","","",""
"IL-6434","Fasara","3M Fasara Stripe Safari SH2PTSR","50","12","12","1.07296409E8","IN_STOCK","2023-02-13","2023-02-13","","","","FASARA|3M FASARA STRIPE SAFARI SH2PTSR","","","","","SourceSheet=Fasara; SourceRow=71; RawDescription=6434 - 3M Fasara Stripe Safari SH2PTSR 50""","false","","","","",""
"IL-6464","Fasara","Feather Friendly Harmony","36","70","70","","IN_STOCK","2023-02-13","2023-02-13","","","","FASARA|FEATHER FRIENDLY HARMONY","","","","","SourceSheet=Fasara; SourceRow=72; RawDescription=6464 - Feather Friendly Harmony 36""","false","","","","",""
"IL-6466","Fasara","3M Fasara San Marino Milky² SH2MAMM","50","78","78","107921037B","IN_STOCK","2023-02-13","2023-02-13","","","","FASARA|3M FASARA SAN MARINO MILKY² SH2MAMM","","","","","SourceSheet=Fasara; SourceRow=73; RawDescription=6466 - 3M Fasara San Marino Milky² SH2MAMM 50""","false","","","","",""
"IL-6472","Fasara","3M Fasara Glace SH2MAGL","50","6","6","107922825A","IN_STOCK","2023-02-13","2023-02-13","","","","FASARA|3M FASARA GLACE SH2MAGL","","","","","SourceSheet=Fasara; SourceRow=74; RawDescription=6472 - 3M Fasara Glace SH2MAGL 50""","false","","","","",""
"IL-6488","Fasara","3M Fasara San Marino Milky² SH2MAMM","60","15","15","107823989B","IN_STOCK","2023-02-13","2023-02-13","","","","FASARA|3M FASARA SAN MARINO MILKY² SH2MAMM","","","","","SourceSheet=Fasara; SourceRow=75; RawDescription=6488 - 3M Fasara San Marino Milky² SH2MAMM 60""","false","","","","",""
"IL-6513","Fasara","3M Fasara Fine Crystal SH2FNCR","50","3","3","107624212A","IN_STOCK","2023-02-13","2023-02-13","","","","FASARA|3M FASARA FINE CRYSTAL SH2FNCR","","","","","SourceSheet=Fasara; SourceRow=76; RawDescription=6513 - 3M Fasara Fine Crystal SH2FNCR 50""","false","","","","",""
"IL-6535","Fasara","3M Fasara Linen SH2FGLN","50","40","40","1.07320452E8","IN_STOCK","2023-02-13","2023-02-13","","","","FASARA|3M FASARA LINEN SH2FGLN","","","","","SourceSheet=Fasara; SourceRow=77; RawDescription=6535 - 3M Fasara Linen SH2FGLN 50""","false","","","","",""
"IL-6550","Fasara","3M Fasara Mat Crystal SH2MACR-I","50","9","9","108200144C","IN_STOCK","2023-02-13","2023-02-13","","","","FASARA|3M FASARA MAT CRYSTAL SH2MACR-I","","","","","SourceSheet=Fasara; SourceRow=78; RawDescription=6550 - 3M Fasara Mat Crystal SH2MACR-I 50""","false","","","","",""
"IL-6568","Fasara","3M Fasara Safari SH2PTSR","50","35","35","1.06373036E8","IN_STOCK","2023-02-13","2023-02-13","","","","FASARA|3M FASARA SAFARI SH2PTSR","","","","","SourceSheet=Fasara; SourceRow=79; RawDescription=6568 - 3M Fasara Safari SH2PTSR 50""","false","","","","",""
"IL-6569","Fasara","3M Fasara Essen SH2EMES","50","9","9","108061937A","IN_STOCK","2023-02-13","2023-02-13","","","","FASARA|3M FASARA ESSEN SH2EMES","","","","","SourceSheet=Fasara; SourceRow=80; RawDescription=6569 - 3M Fasara Essen SH2EMES 50""","false","","","","",""
"IL-6609","Fasara","3M Fasara Frosted Crystal 7725-324","48","50","50","H2511701","IN_STOCK","2023-02-13","2023-02-13","","","","FASARA|3M FASARA FROSTED CRYSTAL 7725-324","","","","","SourceSheet=Fasara; SourceRow=81; RawDescription=6609 - 3M Fasara Frosted Crystal 7725-324 48""","false","","","","",""
"IL-6624","Fasara","3M Black Electrocut 7725-12","48","8","8","G2405803","IN_STOCK","2023-02-13","2023-02-13","","","","FASARA|3M BLACK ELECTROCUT 7725-12","","","","","SourceSheet=Fasara; SourceRow=82; RawDescription=6624 - 3M Black Electrocut 7725-12 48""","false","","","","",""
"IL-6649","Fasara","3M Fasara Milano Milky White SH2MAML","60","125","125","108089347B","IN_STOCK","2023-02-13","2023-02-13","","","","FASARA|3M FASARA MILANO MILKY WHITE SH2MAML","","","","","SourceSheet=Fasara; SourceRow=83; RawDescription=6649 - 3M Fasara Milano Milky White SH2MAML 60""","false","","","","",""
"IL-6688","Fasara","3M Fasara Frosted Crystal 7725-324","60","30","30","H2514201","IN_STOCK","2023-02-13","2023-02-13","","","","FASARA|3M FASARA FROSTED CRYSTAL 7725-324","","","","","SourceSheet=Fasara; SourceRow=84; RawDescription=6688 - 3M Fasara Frosted Crystal 7725-324 60""","false","","","","",""
"IL-6689","Fasara","3M Fasara Mat Crystal SH2MACR-I","60","70","70","1.08474365E8","IN_STOCK","2023-02-13","2023-02-13","","","","FASARA|3M FASARA MAT CRYSTAL SH2MACR-I","","","","","SourceSheet=Fasara; SourceRow=85; RawDescription=6689 - 3M Fasara Mat Crystal SH2MACR-I 60""","false","","","","",""
"IL-6691","Fasara","3M Fasara Arpa Crystal SH2APCR","50","48","48","1.08089232E8","IN_STOCK","2023-02-13","2023-02-13","","","","FASARA|3M FASARA ARPA CRYSTAL SH2APCR","","","","","SourceSheet=Fasara; SourceRow=86; RawDescription=6691 - 3M Fasara Arpa Crystal SH2APCR 50""","false","","","","",""
"IL-6701","Fasara","3M Fasara Vista Dot SH2FGVI","50","20","20","1.07320757E8","IN_STOCK","2023-02-13","2023-02-13","","","","FASARA|3M FASARA VISTA DOT SH2FGVI","","","","","SourceSheet=Fasara; SourceRow=87; RawDescription=6701 - 3M Fasara Vista Dot SH2FGVI 50""","false","","","","",""
"IL-6711","Fasara","3M Fasara Oslo SH2EMOS","50","6","6","1.08474361E8","IN_STOCK","2023-02-13","2023-02-13","","","","FASARA|3M FASARA OSLO SH2EMOS","","","","","SourceSheet=Fasara; SourceRow=88; RawDescription=6711 - 3M Fasara Oslo SH2EMOS 50""","false","","","","",""
"IL-6716","Fasara","3M Black Electrocut 7725-12","48","30","30","G2516402","IN_STOCK","2023-02-13","2023-02-13","","","","FASARA|3M BLACK ELECTROCUT 7725-12","","","","","SourceSheet=Fasara; SourceRow=89; RawDescription=6716 - 3M Black Electrocut 7725-12 48""","false","","","","",""
"IL-6724","Fasara","3M Fasara Straight Washi SH2FGSW","50","7","7","1.07530899E8","IN_STOCK","2023-02-13","2023-02-13","","","","FASARA|3M FASARA STRAIGHT WASHI SH2FGSW","","","","","SourceSheet=Fasara; SourceRow=90; RawDescription=6724 - 3M Fasara Straight Washi SH2FGSW 50""","false","","","","",""
"IL-6732","Fasara","3M Fasara Cross Hairline Sucre SH2CHSC","48","7","7","1.0632612E8","IN_STOCK","2023-02-13","2023-02-13","","","","FASARA|3M FASARA CROSS HAIRLINE SUCRE SH2CHSC","","","","","SourceSheet=Fasara; SourceRow=91; RawDescription=6732 - 3M Fasara Cross Hairline Sucre SH2CHSC 48""","false","","","","",""
"IL-6755","Fasara","3M Fasara Fusion Pearl SH2CSFP","50","6","6","1.07371394E8","IN_STOCK","2023-02-13","2023-02-13","","","","FASARA|3M FASARA FUSION PEARL SH2CSFP","","","","","SourceSheet=Fasara; SourceRow=92; RawDescription=6755 - 3M Fasara Fusion Pearl SH2CSFP 50""","false","","","","",""
"IL-6784","Fasara","3M Fasara San Marino Milky Milky SH2MAMM","60","15","15","107823989A","IN_STOCK","2023-02-13","2023-02-13","","","","FASARA|3M FASARA SAN MARINO MILKY MILKY SH2MAMM","","","","","SourceSheet=Fasara; SourceRow=93; RawDescription=6784 - 3M Fasara San Marino Milky Milky SH2MAMM 60""","false","","","","",""
"IL-6804","Fasara","3M Fasara Glace SH2MAGL","50","98","98","108473739B","IN_STOCK","2023-02-13","2023-02-13","","","","FASARA|3M FASARA GLACE SH2MAGL","","","","","SourceSheet=Fasara; SourceRow=95; RawDescription=6804 - 3M Fasara Glace SH2MAGL 50""","false","","","","",""
"IL-6820","Fasara","3M SH2EMCH Frost Chamonix","50","15","15","108745364A","IN_STOCK","2023-02-13","2023-02-13","","","","FASARA|3M SH2EMCH FROST CHAMONIX","","","","","SourceSheet=Fasara; SourceRow=96; RawDescription=6820 - 3M SH2EMCH Frost Chamonix 50""","false","","","","",""
"IL-6823","Fasara","3M Dusted Crystal","48","55","55","G2531504","IN_STOCK","2023-02-13","2023-02-13","","","","FASARA|3M DUSTED CRYSTAL","","","","","SourceSheet=Fasara; SourceRow=97; RawDescription=6823 - 3M Dusted Crystal 48""","false","","","","",""
"IL-6826","Fasara","3M SH2FNCR Fine Crystal","50","10","10","108871934A","IN_STOCK","2023-02-13","2023-02-13","","","","FASARA|3M SH2FNCR FINE CRYSTAL","","","","","SourceSheet=Fasara; SourceRow=98; RawDescription=6826 - 3M SH2FNCR Fine Crystal 50""","false","","","","",""
"IL-6840","Fasara","3M SH2FGMI-W Mist-W","60","25","25","108745364A","IN_STOCK","2023-02-13","2023-02-13","","","","FASARA|3M SH2FGMI-W MIST-W","","","","","SourceSheet=Fasara; SourceRow=99; RawDescription=6840 - 3M SH2FGMI-W Mist-W 60""","false","","","","",""
"IL-6841","Fasara","3M SH2FGMI-S Mist-S","60","25","25","109015511B","IN_STOCK","2023-02-13","2023-02-13","","","","FASARA|3M SH2FGMI-S MIST-S","","","","","SourceSheet=Fasara; SourceRow=100; RawDescription=6841 - 3M SH2FGMI-S Mist-S 60""","false","","","","",""
"IL-6842","Fasara","3M SH2MLCRX Milky Crystal","50","10","10","108771904D","IN_STOCK","2023-02-13","2023-02-13","","","","FASARA|3M SH2MLCRX MILKY CRYSTAL","","","","","SourceSheet=Fasara; SourceRow=101; RawDescription=6842 - 3M SH2MLCRX Milky Crystal 50""","false","","","","",""
"IL-6851","Fasara","3M Fasara Milky Milky Blue Gray SH2MAMMB","50","98","98","1.08312953E8","IN_STOCK","2023-02-13","2023-02-13","","","","FASARA|3M FASARA MILKY MILKY BLUE GRAY SH2MAMMB","","","","","SourceSheet=Fasara; SourceRow=102; RawDescription=6851 - 3M Fasara Milky Milky Blue Gray SH2MAMMB 50""","false","","","","",""
"IL-2349","Solar Guard","Sterling 50","36","15","15","NA","IN_STOCK","2023-07-31","2023-07-31","","","","SOLAR GUARD|STERLING 50","","","","","SourceSheet=Solar Guard; SourceRow=2; RawDescription=2349 - Sterling 50  36""","false","","","","",""
"IL-3134","Solar Guard","SG SX 50","60","13","13","5.402887063E9","IN_STOCK","2023-07-31","2023-07-31","","","","SOLAR GUARD|SG SX 50","","","","","SourceSheet=Solar Guard; SourceRow=3; RawDescription=3134 - SG SX 50 60""","false","","","","",""
"IL-3171","Solar Guard","Panaroma Slate 20","72","9","9","5.40950601E9","IN_STOCK","2023-07-31","2023-07-31","","","","SOLAR GUARD|PANAROMA SLATE 20","","","","","SourceSheet=Solar Guard; SourceRow=4; RawDescription=3171 - Panaroma Slate 20 72""","false","","","","",""
"IL-3189","Solar Guard","SG Silver 35","72","100","100","5.405893005E9","IN_STOCK","2023-07-31","2023-07-31","","","","SOLAR GUARD|SG SILVER 35","","","","","SourceSheet=Solar Guard; SourceRow=5; RawDescription=3189 - SG Silver 35 72""","false","","","","",""
"IL-3510","Solar Guard","SG Panorama Sterling 70","72","8","8","5.405879046E9","IN_STOCK","2023-07-31","2023-07-31","","","","SOLAR GUARD|SG PANORAMA STERLING 70","","","","","SourceSheet=Solar Guard; SourceRow=6; RawDescription=3510 - SG Panorama Sterling 70 72""","false","","","","",""
"IL-8130","Solar Guard","8MIL SG SS 35","36","55","55","","IN_STOCK","2023-07-31","2023-07-31","","","","SOLAR GUARD|8MIL SG SS 35","","","","","SourceSheet=Solar Guard; SourceRow=7; RawDescription=8130 - 8MIL SG SS 35 36""","false","","","","",""
"IL-3650","Solar Guard","SG Panorama Slate 30","36","6","6","NA","IN_STOCK","2023-07-31","2023-07-31","","","","SOLAR GUARD|SG PANORAMA SLATE 30","","","","","SourceSheet=Solar Guard; SourceRow=8; RawDescription=3650 - SG Panorama Slate 30 36""","false","","","","",""
"IL-3651","Solar Guard","SG Panorama Sterling 60","60","60","60","5.36327022E8","IN_STOCK","2023-07-31","2023-07-31","","","","SOLAR GUARD|SG PANORAMA STERLING 60","","","","","SourceSheet=Solar Guard; SourceRow=9; RawDescription=3651 - SG Panorama Sterling 60 60""","false","","","","",""
"IL-3655","Solar Guard","SG TrueVue 40","60","5","5","5.394049067E9","IN_STOCK","2023-07-31","2023-07-31","","","","SOLAR GUARD|SG TRUEVUE 40","","","","","SourceSheet=Solar Guard; SourceRow=10; RawDescription=3655 - SG TrueVue 40 60""","false","","","","",""
"IL-3736","Solar Guard","SG Slate 40","72","7","7","5.396790053E9","IN_STOCK","2023-07-31","2023-07-31","","","","SOLAR GUARD|SG SLATE 40","","","","","SourceSheet=Solar Guard; SourceRow=11; RawDescription=3736 - SG Slate 40 72""","false","","","","",""
"IL-3749","Solar Guard","SG Sentinel Plus Silver 20 Ext.","48","100","100","5.416444089E9","IN_STOCK","2023-07-31","2023-07-31","","","","SOLAR GUARD|SG SENTINEL PLUS SILVER 20 EXT.","","","","","SourceSheet=Solar Guard; SourceRow=12; RawDescription=3749 - SG Sentinel Plus Silver 20 Ext. 48""","false","","","","",""
"IL-3750","Solar Guard","SG Sentinel Plus Silver 20 Ext.","48","76","76","5.41749801E9","IN_STOCK","2023-07-31","2023-07-31","","","","SOLAR GUARD|SG SENTINEL PLUS SILVER 20 EXT.","","","","","SourceSheet=Solar Guard; SourceRow=13; RawDescription=3750 - SG Sentinel Plus Silver 20 Ext. 48""","false","","","","",""
"IL-3805","Solar Guard","SG TrueVue 05","36","10","10","","IN_STOCK","2023-07-31","2023-07-31","","","","SOLAR GUARD|SG TRUEVUE 05","","","","","SourceSheet=Solar Guard; SourceRow=14; RawDescription=3805 - SG TrueVue 05 36""","false","","","","",""
"IL-3842","Solar Guard","SG Sterling 70","48","18","18","","IN_STOCK","2023-07-31","2023-07-31","","","","SOLAR GUARD|SG STERLING 70","","","","","SourceSheet=Solar Guard; SourceRow=15; RawDescription=3842 - SG Sterling 70 48""","false","","","","",""
"IL-3864","Solar Guard","SG TrueVue 15","60","6","6","5.417951032E9","IN_STOCK","2023-07-31","2023-07-31","","","","SOLAR GUARD|SG TRUEVUE 15","","","","","SourceSheet=Solar Guard; SourceRow=16; RawDescription=3864 - SG TrueVue 15 60""","false","","","","",""
"IL-3922","Solar Guard","SG TrueVue 40","48","38","38","5.416617046E9","IN_STOCK","2023-07-31","2023-07-31","","","","SOLAR GUARD|SG TRUEVUE 40","","","","","SourceSheet=Solar Guard; SourceRow=17; RawDescription=3922 - SG TrueVue 40 48""","false","","","","",""
"IL-3918","Solar Guard","SG TrueVue 05","48","9","9","5.418877127E9","IN_STOCK","2023-07-31","2023-07-31","","","","SOLAR GUARD|SG TRUEVUE 05","","","","","SourceSheet=Solar Guard; SourceRow=18; RawDescription=3918 - SG TrueVue 05 48""","false","","","","",""
"IL-5203","Solar Guard","SG Silver 20","60","15","15","5.423108037E9","IN_STOCK","2023-07-31","2023-07-31","","","","SOLAR GUARD|SG SILVER 20","","","","","SourceSheet=Solar Guard; SourceRow=20; RawDescription=5203 - SG Silver 20 60""","false","","","","",""
"IL-3767","Solar Guard","SG Silver 20 HC","48","13","13","5.411494064E9","IN_STOCK","2023-07-31","2023-07-31","","","","SOLAR GUARD|SG SILVER 20 HC","","","","","SourceSheet=Solar Guard; SourceRow=21; RawDescription=3767 - SG Silver 20 HC 48""","false","","","","",""
"IL-3768","Solar Guard","SG Silver 20 HC","48","50","50","5.416629015E9","IN_STOCK","2023-07-31","2023-07-31","","","","SOLAR GUARD|SG SILVER 20 HC","","","","","SourceSheet=Solar Guard; SourceRow=22; RawDescription=3768 - SG Silver 20 HC 48""","false","","","","",""
"IL-5404","Solar Guard","SG Ecolux 70","48","30","30","5.423466012E9","IN_STOCK","2023-07-31","2023-07-31","","","","SOLAR GUARD|SG ECOLUX 70","","","","","SourceSheet=Solar Guard; SourceRow=23; RawDescription=5404 - SG Ecolux 70 48""","false","","","","",""
"IL-5369","Solar Guard","SG Truevue 40","72","10","10","5.426559013E9","IN_STOCK","2023-07-31","2023-07-31","","","","SOLAR GUARD|SG TRUEVUE 40","","","","","SourceSheet=Solar Guard; SourceRow=24; RawDescription=5369 - SG Truevue 40 72""","false","","","","",""
"IL-5711","Solar Guard","SG Truevue 15","36","10","10","5.427189053E9","IN_STOCK","2023-07-31","2023-07-31","","","","SOLAR GUARD|SG TRUEVUE 15","","","","","SourceSheet=Solar Guard; SourceRow=25; RawDescription=5711 - SG Truevue 15 36""","false","","","","",""
"IL-5712","Solar Guard","SG GraffitiGuard 4 Mil","36","18","18","5.42223751E9","IN_STOCK","2023-07-31","2023-07-31","","","","SOLAR GUARD|SG GRAFFITIGUARD 4 MIL","","","","","SourceSheet=Solar Guard; SourceRow=26; RawDescription=5712 - SG GraffitiGuard 4 Mil 36""","false","","","","",""
"IL-5835","Solar Guard","Solar Gard Slate 40","36","5","5","5.412868035E9","IN_STOCK","2023-07-31","2023-07-31","","","","SOLAR GUARD|SOLAR GARD SLATE 40","","","","","SourceSheet=Solar Guard; SourceRow=27; RawDescription=5835 - Solar Gard Slate 40 36""","false","","","","",""
"IL-5692","Solar Guard","SG Sentinel Plus DX5 EXT","48","25","25","5.418051066E9","IN_STOCK","2023-07-31","2023-07-31","","","","SOLAR GUARD|SG SENTINEL PLUS DX5 EXT","","","","","SourceSheet=Solar Guard; SourceRow=28; RawDescription=5692 - SG Sentinel Plus DX5 EXT 48""","false","","","","",""
"IL-5693","Solar Guard","SG Sentinel Plus DX5 EXT","48","60","60","5.41805104E9","IN_STOCK","2023-07-31","2023-07-31","","","","SOLAR GUARD|SG SENTINEL PLUS DX5 EXT","","","","","SourceSheet=Solar Guard; SourceRow=29; RawDescription=5693 - SG Sentinel Plus DX5 EXT 48""","false","","","","",""
"IL-5694","Solar Guard","SG Sentinel Plus DX5 EXT","48","25","25","5.418051058E9","IN_STOCK","2023-07-31","2023-07-31","","","","SOLAR GUARD|SG SENTINEL PLUS DX5 EXT","","","","","SourceSheet=Solar Guard; SourceRow=30; RawDescription=5694 - SG Sentinel Plus DX5 EXT 48""","false","","","","",""
"IL-5973","Solar Guard","SG Slate 30","60","20","20","5.423092034E9","IN_STOCK","2023-07-31","2023-07-31","","","","SOLAR GUARD|SG SLATE 30","","","","","SourceSheet=Solar Guard; SourceRow=31; RawDescription=5973 - SG Slate 30 60""","false","","","","",""
"IL-6004","Solar Guard","SG Truevue 15","36","15","15","5.429907091E9","IN_STOCK","2023-07-31","2023-07-31","","","","SOLAR GUARD|SG TRUEVUE 15","","","","","SourceSheet=Solar Guard; SourceRow=32; RawDescription=6004 - SG Truevue 15 36""","false","","","","",""
"IL-6309","Solar Guard","SG Slate 40","60","40","40","5.432098053E9","IN_STOCK","2023-07-31","2023-07-31","","","","SOLAR GUARD|SG SLATE 40","","","","","SourceSheet=Solar Guard; SourceRow=33; RawDescription=6309 - SG Slate 40 60""","false","","","","",""
"IL-6310","Solar Guard","SG Slate 40","60","50","50","5.433222042E9","IN_STOCK","2023-07-31","2023-07-31","","","","SOLAR GUARD|SG SLATE 40","","","","","SourceSheet=Solar Guard; SourceRow=34; RawDescription=6310 - SG Slate 40 60""","false","","","","",""
"IL-6333","Solar Guard","SG Sterling 70","60","20","20","5.432116015E9","IN_STOCK","2023-07-31","2023-07-31","","","","SOLAR GUARD|SG STERLING 70","","","","","SourceSheet=Solar Guard; SourceRow=35; RawDescription=6333 - SG Sterling 70 60""","false","","","","",""
"IL-6360","Solar Guard","SG Slate 40","48","10","10","5.434333029E9","IN_STOCK","2023-07-31","2023-07-31","","","","SOLAR GUARD|SG SLATE 40","","","","","SourceSheet=Solar Guard; SourceRow=37; RawDescription=6360 - SG Slate 40 48""","false","","","","",""
"IL-6361","Solar Guard","SG Slate 40","60","100","100","5.434333016E9","IN_STOCK","2023-07-31","2023-07-31","","","","SOLAR GUARD|SG SLATE 40","","","","","SourceSheet=Solar Guard; SourceRow=38; RawDescription=6361 - SG Slate 40 60""","false","","","","",""
"IL-6362","Solar Guard","SG Slate 40","60","100","100","5.434333017E9","IN_STOCK","2023-07-31","2023-07-31","","","","SOLAR GUARD|SG SLATE 40","","","","","SourceSheet=Solar Guard; SourceRow=39; RawDescription=6362 - SG Slate 40 60"" ","false","","","","",""
"IL-6363","Solar Guard","SG Slate 40","60","60","60","5.434333018E9","IN_STOCK","2023-07-31","2023-07-31","","","","SOLAR GUARD|SG SLATE 40","","","","","SourceSheet=Solar Guard; SourceRow=40; RawDescription=6363 - SG Slate 40 60""","false","","","","",""
"IL-6370","Solar Guard","SG Truevue 15","60","15","15","5.435025046E9","IN_STOCK","2023-07-31","2023-07-31","","","","SOLAR GUARD|SG TRUEVUE 15","","","","","SourceSheet=Solar Guard; SourceRow=41; RawDescription=6370 - SG Truevue 15 60""","false","","","","",""
"IL-6436","Solar Guard","SG Hilite 70","60","15","15","5.434130021E9","IN_STOCK","2023-07-31","2023-07-31","","","","SOLAR GUARD|SG HILITE 70","","","","","SourceSheet=Solar Guard; SourceRow=42; RawDescription=6436 - SG Hilite 70 60""","false","","","","",""
"IL-6442","Solar Guard","SG Solar Bronze 20","60","15","15","5.432104055E9","IN_STOCK","2023-07-31","2023-07-31","","","","SOLAR GUARD|SG SOLAR BRONZE 20","","","","","SourceSheet=Solar Guard; SourceRow=43; RawDescription=6442 - SG Solar Bronze 20 60""","false","","","","",""
"IL-6459","Solar Guard","SG Slate 20","60","5","5","5.437008011E9","IN_STOCK","2023-07-31","2023-07-31","","","","SOLAR GUARD|SG SLATE 20","","","","","SourceSheet=Solar Guard; SourceRow=44; RawDescription=6459 - SG Slate 20 60""","false","","","","",""
"IL-6512","Solar Guard","SG Truevue 05","60","7","7","5.437432062E9","IN_STOCK","2023-07-31","2023-07-31","","","","SOLAR GUARD|SG TRUEVUE 05","","","","","SourceSheet=Solar Guard; SourceRow=45; RawDescription=6512 - SG Truevue 05 60""","false","","","","",""
"IL-6531","Solar Guard","SG Truevue 15","72","9","9","5.438102006E9","IN_STOCK","2023-07-31","2023-07-31","","","","SOLAR GUARD|SG TRUEVUE 15","","","","","SourceSheet=Solar Guard; SourceRow=46; RawDescription=6531 - SG Truevue 15 72""","false","","","","",""
"IL-6537","Solar Guard","SG Truevue 30","36","11","11","5.437018008E9","IN_STOCK","2023-07-31","2023-07-31","","","","SOLAR GUARD|SG TRUEVUE 30","","","","","SourceSheet=Solar Guard; SourceRow=47; RawDescription=6537 - SG Truevue 30 36""","false","","","","",""
"IL-6574","Solar Guard","SG Truevue 15","48","75","75","5.438574069E9","IN_STOCK","2023-07-31","2023-07-31","","","","SOLAR GUARD|SG TRUEVUE 15","","","","","SourceSheet=Solar Guard; SourceRow=48; RawDescription=6574 - SG Truevue 15 48""","false","","","","",""
"IL-6664","Solar Guard","SG Truevue 05","48","26","26","5.439181045E9","IN_STOCK","2023-07-31","2023-07-31","","","","SOLAR GUARD|SG TRUEVUE 05","","","","","SourceSheet=Solar Guard; SourceRow=49; RawDescription=6664 - SG Truevue 05 48""","false","","","","",""
"IL-6693","Solar Guard","SG Truevue 05","48","5","5","5.439179012E9","IN_STOCK","2023-07-31","2023-07-31","","","","SOLAR GUARD|SG TRUEVUE 05","","","","","SourceSheet=Solar Guard; SourceRow=50; RawDescription=6693 - SG Truevue 05 48""","false","","","","",""
"IL-6694","Solar Guard","SG Truevue 05","48","100","100","5.43917903E9","IN_STOCK","2023-07-31","2023-07-31","","","","SOLAR GUARD|SG TRUEVUE 05","","","","","SourceSheet=Solar Guard; SourceRow=51; RawDescription=6694 - SG Truevue 05 48""","false","","","","",""
"IL-6697","Solar Guard","SG Truevue 30","60","70","70","5.438961053E9","IN_STOCK","2023-07-31","2023-07-31","","","","SOLAR GUARD|SG TRUEVUE 30","","","","","SourceSheet=Solar Guard; SourceRow=52; RawDescription=6697 - SG Truevue 30 60""","false","","","","",""
"IL-6709","Solar Guard","SG Sentinel Plus DX5 EXT","72","15","15","5.439795034E9","IN_STOCK","2023-07-31","2023-07-31","","","","SOLAR GUARD|SG SENTINEL PLUS DX5 EXT","","","","","SourceSheet=Solar Guard; SourceRow=53; RawDescription=6709 - SG Sentinel Plus DX5 EXT 72""","false","","","","",""
"IL-6715","Solar Guard","SG Slate 10","48","15","15","5.438936018E9","IN_STOCK","2023-07-31","2023-07-31","","","","SOLAR GUARD|SG SLATE 10","","","","","SourceSheet=Solar Guard; SourceRow=54; RawDescription=6715 - SG Slate 10 48""","false","","","","",""
"IL-6728","Solar Guard","SG Truevue 15","36","25","25","5.438102072E9","IN_STOCK","2023-07-31","2023-07-31","","","","SOLAR GUARD|SG TRUEVUE 15","","","","","SourceSheet=Solar Guard; SourceRow=55; RawDescription=6728 - SG Truevue 15 36""","false","","","","",""
"IL-6751","Solar Guard","SG Truevue 15","48","40","40","5.439370063E9","IN_STOCK","2023-07-31","2023-07-31","","","","SOLAR GUARD|SG TRUEVUE 15","","","","","SourceSheet=Solar Guard; SourceRow=56; RawDescription=6751 - SG Truevue 15 48""","false","","","","",""
"IL-6761","Solar Guard","SG Slate 10","60","50","50","5.439651011E9","IN_STOCK","2023-07-31","2023-07-31","","","","SOLAR GUARD|SG SLATE 10","","","","","SourceSheet=Solar Guard; SourceRow=57; RawDescription=6761 - SG Slate 10 60""","false","","","","",""
"IL-6850","Solar Guard","SG 7MIL Graffiti Gard SRX","72","25","25","5.439475043E9","IN_STOCK","2023-07-31","2023-07-31","","","","SOLAR GUARD|SG 7MIL GRAFFITI GARD SRX","","","","","SourceSheet=Solar Guard; SourceRow=58; RawDescription=6850 - SG 7MIL Graffiti Gard SRX 72""","false","","","","",""
"IL-6871","Solar Guard","SG Slate 20","60","50","50","","IN_STOCK","2023-07-31","2023-07-31","","","","SOLAR GUARD|SG SLATE 20","","","","","SourceSheet=Solar Guard; SourceRow=59; RawDescription=6871 - SG Slate 20 60""","false","","","","",""
"IL-1384","Security","Ultra S15","50","12","12","NA","IN_STOCK","2023-07-31","2023-07-31","","","","SECURITY|ULTRA S15","","","","","SourceSheet=Security; SourceRow=2; RawDescription=1384 - Ultra S15 50""","false","","","","",""
"IL-1485","Security","PR 70 Ultra","60","8","8","NA","IN_STOCK","2023-07-31","2023-07-31","","","","SECURITY|PR 70 ULTRA","","","","","SourceSheet=Security; SourceRow=3; RawDescription=1485-PR 70 Ultra 60""","false","","","","",""
"IL-2064","Security","Ultra S600","14","88","88","NA","IN_STOCK","2023-07-31","2023-07-31","","","","SECURITY|ULTRA S600","","","","","SourceSheet=Security; SourceRow=4; RawDescription=2064 - Ultra S600 14""","false","","","","",""
"IL-2208","Security","PR Ultra 70","36","100","100","8.077323056E9","IN_STOCK","2023-07-31","2023-07-31","","","","SECURITY|PR ULTRA 70","","","","","SourceSheet=Security; SourceRow=5; RawDescription=2208 - PR Ultra 70 36""","false","","","","",""
"IL-2209","Security","PR Ultra 70","60","20","20","9.249323449E9","IN_STOCK","2023-07-31","2023-07-31","","","","SECURITY|PR ULTRA 70","","","","","SourceSheet=Security; SourceRow=6; RawDescription=2209 - PR Ultra 70 60""","false","","","","",""
"IL-2289","Security","7MIL","72","20","20","5391734.0","IN_STOCK","2023-07-31","2023-07-31","","","","SECURITY|7MIL","","","","","SourceSheet=Security; SourceRow=7; RawDescription=2289 - 7MIL 72""","false","","","","",""
"IL-2335","Security","S600","60","100","100","9.1923231E9","IN_STOCK","2023-07-31","2023-07-31","","","","SECURITY|S600","","","","","SourceSheet=Security; SourceRow=8; RawDescription=2335- S600 60""","false","","","","",""
"IL-2336","Security","S600","60","100","100","9.112323349E9","IN_STOCK","2023-07-31","2023-07-31","","","","SECURITY|S600","","","","","SourceSheet=Security; SourceRow=9; RawDescription=2336- S600 60""","false","","","","",""
"IL-2337","Security","S600","60","74","74","9.1923234E9","IN_STOCK","2023-07-31","2023-07-31","","","","SECURITY|S600","","","","","SourceSheet=Security; SourceRow=10; RawDescription=2337- S600 60""","false","","","","",""
"IL-2385","Security","GCL SR RPS6 Anti Graffiti","60","91","91","","IN_STOCK","2023-07-31","2023-07-31","","","","SECURITY|GCL SR RPS6 ANTI GRAFFITI","","","","","SourceSheet=Security; SourceRow=11; RawDescription=2385 - GCL SR RPS6 Anti Graffiti 60""","false","","","","",""
"IL-2386","Security","Anti Graffiti 6 MIL","72","85","85","NA","IN_STOCK","2023-07-31","2023-07-31","","","","SECURITY|ANTI GRAFFITI 6 MIL","","","","","SourceSheet=Security; SourceRow=12; RawDescription=2386 - Anti Graffiti 6 MIL 72"" ","false","","","","",""
"IL-2856","Security","AV Clear 7 MIL","60","16","16","NA","IN_STOCK","2023-07-31","2023-07-31","","","","SECURITY|AV CLEAR 7 MIL","","","","","SourceSheet=Security; SourceRow=13; RawDescription=2856 - AV Clear 7 MIL 60""","false","","","","",""
"IL-3018","Security","3M 7Mil S70","72","28","28","5406373.0","IN_STOCK","2023-07-31","2023-07-31","","","","SECURITY|3M 7MIL S70","","","","","SourceSheet=Security; SourceRow=16; RawDescription=3018- 3M 7Mil S70 72""","false","","","","",""
"IL-3123","Security","3M S40 ext","60","65","65","B037323878","IN_STOCK","2023-07-31","2023-07-31","","","","SECURITY|3M S40 EXT","","","","","SourceSheet=Security; SourceRow=18; RawDescription=3123-3M S40 ext 60""","false","","","","",""
"IL-3318","Security","SOL Ultrasafe WM560","60","100","100","NA","IN_STOCK","2023-07-31","2023-07-31","","","","SECURITY|SOL ULTRASAFE WM560","","","","","SourceSheet=Security; SourceRow=19; RawDescription=3318 -SOL  Ultrasafe WM560 60""","false","","","","",""
"IL-8108","Security","Madico SS 800","72","28","28","NA","IN_STOCK","2023-07-31","2023-07-31","","","","SECURITY|MADICO SS 800","","","","","SourceSheet=Security; SourceRow=20; RawDescription=8108 - Madico SS 800 72""","false","","","","",""
"IL-8111","Security","LLUMAR SCL PS 8 MIL","36","48","48","NA","IN_STOCK","2023-07-31","2023-07-31","","","","SECURITY|LLUMAR SCL PS 8 MIL","","","","","SourceSheet=Security; SourceRow=21; RawDescription=8111 - LLUMAR SCL PS 8 MIL 36""","false","","","","",""
"IL-3704","Security","3M S20 Silver","60","31","31","NA","IN_STOCK","2023-07-31","2023-07-31","","","","SECURITY|3M S20 SILVER","","","","","SourceSheet=Security; SourceRow=22; RawDescription=3704 - 3M S20 Silver 60""","false","","","","",""
"IL-3708","Security","Llumar PS-8 Silver","72","25","25","NA","IN_STOCK","2023-07-31","2023-07-31","","","","SECURITY|LLUMAR PS-8 SILVER","","","","","SourceSheet=Security; SourceRow=23; RawDescription=3708 - Llumar PS-8 Silver 72""","false","","","","",""
"IL-3709","Security","3M Ultra PR-50","36","20","20","9282323486-016-B","IN_STOCK","2023-07-31","2023-07-31","","","","SECURITY|3M ULTRA PR-50","","","","","SourceSheet=Security; SourceRow=24; RawDescription=3709 - 3M Ultra PR-50 36""","false","","","","",""
"IL-3710","Security","3M Ultra PR-50","60","10","10","Na","IN_STOCK","2023-07-31","2023-07-31","","","","SECURITY|3M ULTRA PR-50","","","","","SourceSheet=Security; SourceRow=25; RawDescription=3710 - 3M Ultra PR-50 60""","false","","","","",""
"M262","Security","3M AG 4","72","22","22","7.00130388E8","IN_STOCK","2023-07-31","2023-07-31","","","","SECURITY|3M AG 4","","","","","SourceSheet=Security; SourceRow=26; RawDescription=M262 - 3M AG 4 72""","false","","","","",""
"M411","Security","Avery Safety Matte 12 mil","60","51","51","R32311C","IN_STOCK","2023-07-31","2023-07-31","","","","SECURITY|AVERY SAFETY MATTE 12 MIL","","","","","SourceSheet=Security; SourceRow=27; RawDescription=M411 - Avery Safety Matte 12 mil  60""","false","","","","",""
"IL-5115","Security","Avery Safety Clear 12 Mil","48","24","24","RC3791538","IN_STOCK","2023-07-31","2023-07-31","","","","SECURITY|AVERY SAFETY CLEAR 12 MIL","","","","","SourceSheet=Security; SourceRow=28; RawDescription=5115 - Avery Safety Clear 12 Mil 48""","false","","","","",""
"IL-5160","Security","Avery Safety Matte 5 Mil R14811","60","100","100","RC4066761","IN_STOCK","2023-07-31","2023-07-31","","","","SECURITY|AVERY SAFETY MATTE 5 MIL R14811","","","","","SourceSheet=Security; SourceRow=29; RawDescription=5160 - Avery Safety Matte 5 Mil R14811 60""","false","","","","",""
"IL-5420","Security","Madico Safety Clear 4 Mil CL400","48","40","40","2.316634028E9","IN_STOCK","2023-07-31","2023-07-31","","","","SECURITY|MADICO SAFETY CLEAR 4 MIL CL400","","","","","SourceSheet=Security; SourceRow=30; RawDescription=5420 - Madico Safety Clear 4 Mil CL400 48""","false","","","","",""
"IL-5714","Security","3M Ultra NV 25","36","62","62","D227324589","IN_STOCK","2023-07-31","2023-07-31","","","","SECURITY|3M ULTRA NV 25","","","","","SourceSheet=Security; SourceRow=31; RawDescription=5714 - 3M Ultra NV 25 36""","false","","","","",""
"IL-5381","Security","3M S40 SH4CLARL","60","80","80","232H","IN_STOCK","2023-07-31","2023-07-31","","","","SECURITY|3M S40 SH4CLARL","","","","","SourceSheet=Security; SourceRow=32; RawDescription=5381 - 3M S40 SH4CLARL 60""","false","","","","",""
"IL-5739","Security","Madico Safetyshield 800","60","20","20","2.330630358E9","IN_STOCK","2023-07-31","2023-07-31","","","","SECURITY|MADICO SAFETYSHIELD 800","","","","","SourceSheet=Security; SourceRow=33; RawDescription=5739 - Madico Safetyshield 800 60""","false","","","","",""
"IL-5382","Security","3M S40 SH4CLARL","60","30","30","232H","IN_STOCK","2023-07-31","2023-07-31","","","","SECURITY|3M S40 SH4CLARL","","","","","SourceSheet=Security; SourceRow=34; RawDescription=5382 - 3M S40 SH4CLARL 60""","false","","","","",""
"IL-5761","Security","Madico Safetyshield 800 Optiv. 15","60","40","40","2.328930041E9","IN_STOCK","2023-07-31","2023-07-31","","","","SECURITY|MADICO SAFETYSHIELD 800 OPTIV. 15","","","","","SourceSheet=Security; SourceRow=35; RawDescription=5761 - Madico Safetyshield 800 Optiv. 15 60""","false","","","","",""
"IL-5762","Security","Madico Safetyshield 800","48","10","10","2.33063035E9","IN_STOCK","2023-07-31","2023-07-31","","","","SECURITY|MADICO SAFETYSHIELD 800","","","","","SourceSheet=Security; SourceRow=36; RawDescription=5762 - Madico Safetyshield 800 48""","false","","","","",""
"IL-5814","Security","Madico Safetyshield 800 Optivision 25","72","20","20","2.329230369E9","IN_STOCK","2023-07-31","2023-07-31","","","","SECURITY|MADICO SAFETYSHIELD 800 OPTIVISION 25","","","","","SourceSheet=Security; SourceRow=37; RawDescription=5814 - Madico Safetyshield 800 Optivision 25 72""","false","","","","",""
"IL-5815","Security","Madico Safetyshield 800","48","30","30","2.335530263E9","IN_STOCK","2023-07-31","2023-07-31","","","","SECURITY|MADICO SAFETYSHIELD 800","","","","","SourceSheet=Security; SourceRow=38; RawDescription=5815 - Madico Safetyshield 800 48""","false","","","","",""
"IL-5893","Security","Madico Graffiti Free 4 Mil","60","10","10","2.335330343E9","IN_STOCK","2023-07-31","2023-07-31","","","","SECURITY|MADICO GRAFFITI FREE 4 MIL","","","","","SourceSheet=Security; SourceRow=39; RawDescription=5893 - Madico Graffiti Free 4 Mil 60""","false","","","","",""
"IL-5900","Security","Madico Safetyshield 800 Silver 20","60","60","60","2.403730181E9","IN_STOCK","2023-07-31","2023-07-31","","","","SECURITY|MADICO SAFETYSHIELD 800 SILVER 20","","","","","SourceSheet=Security; SourceRow=40; RawDescription=5900 - Madico Safetyshield 800 Silver 20 60""","false","","","","",""
"IL-5844","Security","3M S70 EXT","60","30","30","D132324524","IN_STOCK","2023-07-31","2023-07-31","","","","SECURITY|3M S70 EXT","","","","","SourceSheet=Security; SourceRow=41; RawDescription=5844 - 3M S70 EXT 60""","false","","","","",""
"IL-6082","Security","Madico 7 Mil EXT CL700E","60","50","50","2.412730306E9","IN_STOCK","2023-07-31","2023-07-31","","","","SECURITY|MADICO 7 MIL EXT CL700E","","","","","SourceSheet=Security; SourceRow=42; RawDescription=6082 - Madico 7 Mil EXT CL700E 60""","false","","","","",""
"IL-6084","Security","Madico 7 Mil EXT CL700E","60","20","20","2.412730344E9","IN_STOCK","2023-07-31","2023-07-31","","","","SECURITY|MADICO 7 MIL EXT CL700E","","","","","SourceSheet=Security; SourceRow=43; RawDescription=6084 - Madico 7 Mil EXT CL700E 60""","false","","","","",""
"IL-6079","Security","Madico Deco. Optivision 15","48","50","50","2.41343031E9","IN_STOCK","2023-07-31","2023-07-31","","","","SECURITY|MADICO DECO. OPTIVISION 15","","","","","SourceSheet=Security; SourceRow=44; RawDescription=6079 - Madico Deco. Optivision 15 48""","false","","","","",""
"IL-6088","Security","Madico 7 Mil EXT CL700E","72","25","25","2.4135304E9","IN_STOCK","2023-07-31","2023-07-31","","","","SECURITY|MADICO 7 MIL EXT CL700E","","","","","SourceSheet=Security; SourceRow=45; RawDescription=6088 - Madico 7 Mil EXT CL700E 72""","false","","","","",""
"IL-6099","Security","Madico 7 Mil EXT CL700E","60","100","100","2.412730361E9","IN_STOCK","2023-07-31","2023-07-31","","","","SECURITY|MADICO 7 MIL EXT CL700E","","","","","SourceSheet=Security; SourceRow=46; RawDescription=6099 - Madico 7 Mil EXT CL700E 60""","false","","","","",""
"IL-6100","Security","Madico 7 Mil EXT CL700E","72","50","50","2.413630164E9","IN_STOCK","2023-07-31","2023-07-31","","","","SECURITY|MADICO 7 MIL EXT CL700E","","","","","SourceSheet=Security; SourceRow=47; RawDescription=6100 - Madico 7 Mil EXT CL700E 72""","false","","","","",""
"IL-6129","Security","Madico Safetyshield 1500","60","10","10","2.411430111E9","IN_STOCK","2023-07-31","2023-07-31","","","","SECURITY|MADICO SAFETYSHIELD 1500","","","","","SourceSheet=Security; SourceRow=48; RawDescription=6129 - Madico Safetyshield 1500 60""","false","","","","",""
"IL-6168","Security","3M S70 Ext","60","10","10","E165324820","IN_STOCK","2023-07-31","2023-07-31","","","","SECURITY|3M S70 EXT","","","","","SourceSheet=Security; SourceRow=49; RawDescription=6168 - 3M S70 Ext 60""","false","","","","",""
"IL-6171","Security","3M S140 SH14CLARL","60","4","4","232L","IN_STOCK","2023-07-31","2023-07-31","","","","SECURITY|3M S140 SH14CLARL","","","","","SourceSheet=Security; SourceRow=50; RawDescription=6171 - 3M S140 SH14CLARL 60""","false","","","","",""
"IL-6188","Security","Madico Safetyshield 800","48","50","50","2.403330356E9","IN_STOCK","2023-07-31","2023-07-31","","","","SECURITY|MADICO SAFETYSHIELD 800","","","","","SourceSheet=Security; SourceRow=51; RawDescription=6188 - Madico Safetyshield 800 48""","false","","","","",""
"IL-6225","Security","Madico Safetyshield 1500","60","30","30","2.424730041E9","IN_STOCK","2023-07-31","2023-07-31","","","","SECURITY|MADICO SAFETYSHIELD 1500","","","","","SourceSheet=Security; SourceRow=52; RawDescription=6225 - Madico Safetyshield 1500 60""","false","","","","",""
"IL-6271","Security","3M Ultra S800","72","36","36","E107324761","IN_STOCK","2023-07-31","2023-07-31","","","","SECURITY|3M ULTRA S800","","","","","SourceSheet=Security; SourceRow=53; RawDescription=6271 - 3M Ultra S800 72""","false","","","","",""
"IL-6281","Security","Madico 12 Mil Frost Matte","60","15","15","2.329239025E9","IN_STOCK","2023-07-31","2023-07-31","","","","SECURITY|MADICO 12 MIL FROST MATTE","","","","","SourceSheet=Security; SourceRow=54; RawDescription=6281 - Madico 12 Mil Frost Matte 60""","false","","","","",""
"IL-6286","Security","3M Anti Graffiti AG-6","60","20","20","240328.0","IN_STOCK","2023-07-31","2023-07-31","","","","SECURITY|3M ANTI GRAFFITI AG-6","","","","","SourceSheet=Security; SourceRow=55; RawDescription=6286 - 3M Anti Graffiti AG-6 60""","false","","","","",""
"IL-6289","Security","3M S140 SH14CLARL","60","29","29","242B","IN_STOCK","2023-07-31","2023-07-31","","","","SECURITY|3M S140 SH14CLARL","","","","","SourceSheet=Security; SourceRow=56; RawDescription=6289 - 3M S140 SH14CLARL 60""","false","","","","",""
"IL-6293","Security","3M S140 SH14CLARL","60","13","13","242B","IN_STOCK","2023-07-31","2023-07-31","","","","SECURITY|3M S140 SH14CLARL","","","","","SourceSheet=Security; SourceRow=57; RawDescription=6293 - 3M S140 SH14CLARL 60""","false","","","","",""
"IL-6335","Security","Madico Safetyshield 800","48","40","40","2.421430203E9","IN_STOCK","2023-07-31","2023-07-31","","","","SECURITY|MADICO SAFETYSHIELD 800","","","","","SourceSheet=Security; SourceRow=59; RawDescription=6335 - Madico Safetyshield 800 48""","false","","","","",""
"IL-6339","Security","Madico Safetyshield 800","60","20","20","2.420130101E9","IN_STOCK","2023-07-31","2023-07-31","","","","SECURITY|MADICO SAFETYSHIELD 800","","","","","SourceSheet=Security; SourceRow=60; RawDescription=6339 - Madico Safetyshield 800 60""","false","","","","",""
"IL-6340","Security","Madico Safetyshield 800","60","80","80","2.426130064E9","IN_STOCK","2023-07-31","2023-07-31","","","","SECURITY|MADICO SAFETYSHIELD 800","","","","","SourceSheet=Security; SourceRow=61; RawDescription=6340 - Madico Safetyshield 800 60""","false","","","","",""
"IL-6353","Security","Madico Reflective Silver 40","72","50","50","2.431830092E9","IN_STOCK","2023-07-31","2023-07-31","","","","SECURITY|MADICO REFLECTIVE SILVER 40","","","","","SourceSheet=Security; SourceRow=62; RawDescription=6353 - Madico Reflective Silver 40 72""","false","","","","",""
"IL-6367","Security","3M S2400","60","20","20","1.480001374E9","IN_STOCK","2023-07-31","2023-07-31","","","","SECURITY|3M S2400","","","","","SourceSheet=Security; SourceRow=63; RawDescription=6367 - 3M S2400 60""","false","","","","",""
"IL-6408","Security","3M Ultra S800","36","98","98","E116324770","IN_STOCK","2023-07-31","2023-07-31","","","","SECURITY|3M ULTRA S800","","","","","SourceSheet=Security; SourceRow=64; RawDescription=6408 - 3M Ultra S800 36""","false","","","","",""
"IL-6417","Security","Llumar SCL SR PS8","60","100","100","U786139","IN_STOCK","2023-07-31","2023-07-31","","","","SECURITY|LLUMAR SCL SR PS8","","","","","SourceSheet=Security; SourceRow=65; RawDescription=6417 - Llumar SCL SR PS8 60""","false","","","","",""
"IL-6432","Security","3M S70 EXT","72","44","44","E317324958","IN_STOCK","2023-07-31","2023-07-31","","","","SECURITY|3M S70 EXT","","","","","SourceSheet=Security; SourceRow=67; RawDescription=6432 - 3M S70 EXT 72""","false","","","","",""
"IL-6441","Security","Madico Safetyshield 1500","72","10","10","2.508330062E9","IN_STOCK","2023-07-31","2023-07-31","","","","SECURITY|MADICO SAFETYSHIELD 1500","","","","","SourceSheet=Security; SourceRow=68; RawDescription=6441 - Madico Safetyshield 1500 72""","false","","","","",""
"IL-6452","Security","Madico Safetyshield 1500","60","100","100","2.507930032E9","IN_STOCK","2023-07-31","2023-07-31","","","","SECURITY|MADICO SAFETYSHIELD 1500","","","","","SourceSheet=Security; SourceRow=69; RawDescription=6452 - Madico Safetyshield 1500 60""","false","","","","",""
"IL-6480","Security","Madico Safetyshield 1500","60","100","100","2.510730029E9","IN_STOCK","2023-07-31","2023-07-31","","","","SECURITY|MADICO SAFETYSHIELD 1500","","","","","SourceSheet=Security; SourceRow=70; RawDescription=6480 - Madico Safetyshield 1500 60""","false","","","","",""
"IL-6482","Security","3M Ultra S800","36","12","12","E149324805","IN_STOCK","2023-07-31","2023-07-31","","","","SECURITY|3M ULTRA S800","","","","","SourceSheet=Security; SourceRow=71; RawDescription=6482 - 3M Ultra S800 36""","false","","","","",""
"IL-6495","Security","3M Ultra S800","36","16","16","E073324730","IN_STOCK","2023-07-31","2023-07-31","","","","SECURITY|3M ULTRA S800","","","","","SourceSheet=Security; SourceRow=72; RawDescription=6495 - 3M Ultra S800 36""","false","","","","",""
"IL-6497","Security","3M Ultra NV 25","60","16","16","F035325016","IN_STOCK","2023-07-31","2023-07-31","","","","SECURITY|3M ULTRA NV 25","","","","","SourceSheet=Security; SourceRow=73; RawDescription=6497 - 3M Ultra NV 25 60""","false","","","","",""
"IL-6514","Security","3M Ultra S800","36","80","80","E073324730","IN_STOCK","2023-07-31","2023-07-31","","","","SECURITY|3M ULTRA S800","","","","","SourceSheet=Security; SourceRow=74; RawDescription=6514 - 3M Ultra S800 36""","false","","","","",""
"IL-6518","Security","3M Ultra S800","72","68","68","D352324672","IN_STOCK","2023-07-31","2023-07-31","","","","SECURITY|3M ULTRA S800","","","","","SourceSheet=Security; SourceRow=75; RawDescription=6518 - 3M Ultra S800 72""","false","","","","",""
"IL-6525","Security","3M S70 EXT","72","50","50","E317324958","IN_STOCK","2023-07-31","2023-07-31","","","","SECURITY|3M S70 EXT","","","","","SourceSheet=Security; SourceRow=76; RawDescription=6525 - 3M S70 EXT 72""","false","","","","",""
"IL-6552","Security","Madico Safetyshield 800","48","100","100","2.512030196E9","IN_STOCK","2023-07-31","2023-07-31","","","","SECURITY|MADICO SAFETYSHIELD 800","","","","","SourceSheet=Security; SourceRow=77; RawDescription=6552 - Madico Safetyshield 800 48""","false","","","","",""
"IL-6583","Security","Madico Safetyshield 800 Grey 45","72","30","30","2.429830238E9","IN_STOCK","2023-07-31","2023-07-31","","","","SECURITY|MADICO SAFETYSHIELD 800 GREY 45","","","","","SourceSheet=Security; SourceRow=78; RawDescription=6583 - Madico Safetyshield 800 Grey 45 72""","false","","","","",""
"IL-6601","Security","Madico Safetyshield 1500","60","10","10","2.518830012E9","IN_STOCK","2023-07-31","2023-07-31","","","","SECURITY|MADICO SAFETYSHIELD 1500","","","","","SourceSheet=Security; SourceRow=79; RawDescription=6601 - Madico Safetyshield 1500 60""","false","","","","",""
"IL-6602","Security","Madico Safetyshield 800","36","50","50","2.512630408E9","IN_STOCK","2023-07-31","2023-07-31","","","","SECURITY|MADICO SAFETYSHIELD 800","","","","","SourceSheet=Security; SourceRow=80; RawDescription=6602 - Madico Safetyshield 800 36""","false","","","","",""
"IL-6603","Security","Madico Safetyshield 800","48","12","12","2.512030246E9","IN_STOCK","2023-07-31","2023-07-31","","","","SECURITY|MADICO SAFETYSHIELD 800","","","","","SourceSheet=Security; SourceRow=81; RawDescription=6603 - Madico Safetyshield 800 48""","false","","","","",""
"IL-6604","Security","Madico Safetyshield 800","60","70","70","2.516030043E9","IN_STOCK","2023-07-31","2023-07-31","","","","SECURITY|MADICO SAFETYSHIELD 800","","","","","SourceSheet=Security; SourceRow=82; RawDescription=6604 - Madico Safetyshield 800 60""","false","","","","",""
"IL-6618","Security","Madico Safetyshield 1500","60","40","40","2.518930257E9","IN_STOCK","2023-07-31","2023-07-31","","","","SECURITY|MADICO SAFETYSHIELD 1500","","","","","SourceSheet=Security; SourceRow=83; RawDescription=6618 - Madico Safetyshield 1500 60""","false","","","","",""
"IL-6637","Security","3M Ultra NV 25","60","80","80","F035325016","IN_STOCK","2023-07-31","2023-07-31","","","","SECURITY|3M ULTRA NV 25","","","","","SourceSheet=Security; SourceRow=84; RawDescription=6637 - 3M Ultra NV 25 60"" ","false","","","","",""
"IL-6638","Security","3M Ultra NV 25","72","28","28","F035325016","IN_STOCK","2023-07-31","2023-07-31","","","","SECURITY|3M ULTRA NV 25","","","","","SourceSheet=Security; SourceRow=85; RawDescription=6638 - 3M Ultra NV 25 72""","false","","","","",""
"IL-6642","Security","Madico Safetyshield 800 Nova 70","60","30","30","2.506430089E9","IN_STOCK","2023-07-31","2023-07-31","","","","SECURITY|MADICO SAFETYSHIELD 800 NOVA 70","","","","","SourceSheet=Security; SourceRow=86; RawDescription=6642 - Madico Safetyshield 800 Nova 70 60""","false","","","","",""
"IL-6644","Security","Madico Safetyshield 800 Nova 70","60","100","100","2.506430011E9","IN_STOCK","2023-07-31","2023-07-31","","","","SECURITY|MADICO SAFETYSHIELD 800 NOVA 70","","","","","SourceSheet=Security; SourceRow=87; RawDescription=6644 - Madico Safetyshield 800 Nova 70 60""","false","","","","",""
"IL-6648","Security","Madico Safetyshield 800","60","70","70","2.516030048E9","IN_STOCK","2023-07-31","2023-07-31","","","","SECURITY|MADICO SAFETYSHIELD 800","","","","","SourceSheet=Security; SourceRow=88; RawDescription=6648 - Madico Safetyshield 800 60""","false","","","","",""
"IL-6650","Security","3M S2400","72","10","10","1.480001406E9","IN_STOCK","2023-07-31","2023-07-31","","","","SECURITY|3M S2400","","","","","SourceSheet=Security; SourceRow=89; RawDescription=6650 - 3M S2400 72""","false","","","","",""
"IL-6676","Security","3M Silver 15 EXT","60","20","20","5438759.0","IN_STOCK","2023-07-31","2023-07-31","","","","SECURITY|3M SILVER 15 EXT","","","","","SourceSheet=Security; SourceRow=90; RawDescription=6676 - 3M Silver 15 EXT 60""","false","","","","",""
"IL-6686","Security","3M Silver 15 EXT","72","30","30","5438791.0","IN_STOCK","2023-07-31","2023-07-31","","","","SECURITY|3M SILVER 15 EXT","","","","","SourceSheet=Security; SourceRow=91; RawDescription=6686 - 3M Silver 15 EXT 72""","false","","","","",""
"IL-6714","Security","3M AG-6","60","6","6","250518W026648","IN_STOCK","2023-07-31","2023-07-31","","","","SECURITY|3M AG-6","","","","","SourceSheet=Security; SourceRow=92; RawDescription=6714 - 3M AG-6 60""","false","","","","",""
"IL-6726","Security","3M AG-4","60","60","60","250430-E01","IN_STOCK","2023-07-31","2023-07-31","","","","SECURITY|3M AG-4","","","","","SourceSheet=Security; SourceRow=93; RawDescription=6726 - 3M AG-4 60""","false","","","","",""
"IL-6735","Security","3M S140 SH14CLARL","60","53","53","54395+40","IN_STOCK","2023-07-31","2023-07-31","","","","SECURITY|3M S140 SH14CLARL","","","","","SourceSheet=Security; SourceRow=94; RawDescription=6735 - 3M S140 SH14CLARL 60""","false","","","","",""
"IL-6739","Security","Madico SG 35","60","18","18","2514030+171","IN_STOCK","2023-07-31","2023-07-31","","","","SECURITY|MADICO SG 35","","","","","SourceSheet=Security; SourceRow=95; RawDescription=6739 - Madico SG 35 60""","false","","","","",""
"IL-6740","Security","Madico Safetyshield 800 Grey 45","48","50","50","2435330+610","IN_STOCK","2023-07-31","2023-07-31","","","","SECURITY|MADICO SAFETYSHIELD 800 GREY 45","","","","","SourceSheet=Security; SourceRow=96; RawDescription=6740 - Madico Safetyshield 800 Grey 45 48""","false","","","","",""
"IL-6753","Security","3M Ultra S800","72","2535","2535","E325324962","IN_STOCK","2023-07-31","2023-07-31","","","","SECURITY|3M ULTRA S800","","","","","SourceSheet=Security; SourceRow=97; RawDescription=6753 - 3M Ultra S800 72""","false","","","","",""
"IL-6762","Security","3M AG-6","60","30","30","230312+E10","IN_STOCK","2023-07-31","2023-07-31","","","","SECURITY|3M AG-6","","","","","SourceSheet=Security; SourceRow=98; RawDescription=6762 - 3M AG-6 60""","false","","","","",""
"IL-6770","Security","3M Ultra NV 25","36","20","20","","IN_STOCK","2023-07-31","2023-07-31","","","","SECURITY|3M ULTRA NV 25","","","","","SourceSheet=Security; SourceRow=99; RawDescription=6770 - 3M Ultra NV 25 36""","false","","","","",""
"IL-6771","Security","Madico Safetyshield 800 DG 35","60","46","46","316691-2","IN_STOCK","2023-07-31","2023-07-31","","","","SECURITY|MADICO SAFETYSHIELD 800 DG 35","","","","","SourceSheet=Security; SourceRow=100; RawDescription=6771 - Madico Safetyshield 800 DG 35 60""","false","","","","",""
"IL-6781","Security","3M Ultra S800","60","72","72","F116325087","IN_STOCK","2023-07-31","2023-07-31","","","","SECURITY|3M ULTRA S800","","","","","SourceSheet=Security; SourceRow=101; RawDescription=6781 - 3M Ultra S800 60""","false","","","","",""
"IL-6805","Security","3M S70","60","100","100","252C","IN_STOCK","2023-07-31","2023-07-31","","","","SECURITY|3M S70","","","","","SourceSheet=Security; SourceRow=102; RawDescription=6805 - 3M S70 60""","false","","","","",""
"IL-6824","Security","Madico SafetyShield CL800","72","100","100","","IN_STOCK","2023-07-31","2023-07-31","","","","SECURITY|MADICO SAFETYSHIELD CL800","","","","","SourceSheet=Security; SourceRow=103; RawDescription=6824 - Madico SafetyShield CL800 72""","false","","","","",""
"IL-6825","Security","Madico SafetyShield CL800","72","100","100","","IN_STOCK","2023-07-31","2023-07-31","","","","SECURITY|MADICO SAFETYSHIELD CL800","","","","","SourceSheet=Security; SourceRow=104; RawDescription=6825 - Madico SafetyShield CL800 72""","false","","","","",""
"IL-5839","Security","3M Ultra S800","72","10","10","D352324672","IN_STOCK","2023-07-31","2023-07-31","","","","SECURITY|3M ULTRA S800","","","","","SourceSheet=Security; SourceRow=105; RawDescription=5839 - 3M Ultra S800 72""","false","","","","",""
"IL-6874","Security","Madico Safetyshield 800","72","25","25","2.416230112E9","IN_STOCK","2023-07-31","2023-07-31","","","","SECURITY|MADICO SAFETYSHIELD 800","","","","","SourceSheet=Security; SourceRow=106; RawDescription=6874 - Madico Safetyshield 800 72""","false","","","","",""
"IL-6875","Security","Madico Safetyshield 800","72","100","100","2.327830222E9","IN_STOCK","2023-07-31","2023-07-31","","","","SECURITY|MADICO SAFETYSHIELD 800","","","","","SourceSheet=Security; SourceRow=107; RawDescription=6875 - Madico Safetyshield 800 72""","false","","","","",""
"IL-6876","Security","Madico Safetyshield 800","60","100","100","2.413030281E9","IN_STOCK","2023-07-31","2023-07-31","","","","SECURITY|MADICO SAFETYSHIELD 800","","","","","SourceSheet=Security; SourceRow=108; RawDescription=6876 - Madico Safetyshield 800 60""","false","","","","",""
"IL-6866","Security","Madico Safetyshield 1500","60","100","100","","IN_STOCK","2023-07-31","2023-07-31","","","","SECURITY|MADICO SAFETYSHIELD 1500","","","","","SourceSheet=Security; SourceRow=109; RawDescription=6866 - Madico Safetyshield 1500 60""","false","","","","",""
"IL-6867","Security","Madico Safetyshield 1500","60","100","100","","IN_STOCK","2023-07-31","2023-07-31","","","","SECURITY|MADICO SAFETYSHIELD 1500","","","","","SourceSheet=Security; SourceRow=110; RawDescription=6867 - Madico Safetyshield 1500 60""","false","","","","",""
"IL-6868","Security","Madico Safetyshield 1500","72","50","50","","IN_STOCK","2023-07-31","2023-07-31","","","","SECURITY|MADICO SAFETYSHIELD 1500","","","","","SourceSheet=Security; SourceRow=111; RawDescription=6868 - Madico Safetyshield 1500 72""","false","","","","",""
"IL-6870","Security","Madico Safety Clear 4 mil","60","75","75","","IN_STOCK","2023-07-31","2023-07-31","","","","SECURITY|MADICO SAFETY CLEAR 4 MIL","","","","","SourceSheet=Security; SourceRow=112; RawDescription=6870 - Madico Safety Clear 4 mil 60""","false","","","","",""
"IL-6880","Security","3M Ultra S800","60","100","100","","IN_STOCK","2023-07-31","2023-07-31","","","","SECURITY|3M ULTRA S800","","","","","SourceSheet=Security; SourceRow=113; RawDescription=6880 - 3M Ultra S800 60""","false","","","","",""
"IL-6884","Security","Madico CL 800 PS SR","72","100","100","2.535330011E9","IN_STOCK","2023-07-31","2023-07-31","","","","SECURITY|MADICO CL 800 PS SR","","","","","SourceSheet=Security; SourceRow=114; RawDescription=6884 - Madico CL 800 PS SR 72""","false","","","","",""
"IL-3289","Di-Noc","DI-NOC PS-","959","15","15","818161.0","IN_STOCK","2023-02-13","2023-02-13","","","","DI-NOC|DI-NOC PS-","","","","","SourceSheet=Di-Noc; SourceRow=4; RawDescription=3289 - DI-NOC PS-959","false","","","","",""
"IL-3357","Di-Noc","3M Di-Noc Fine Wood","48","145","145","FW-1745","IN_STOCK","2023-02-13","2023-02-13","","","","DI-NOC|3M DI-NOC FINE WOOD","","","","","SourceSheet=Di-Noc; SourceRow=5; RawDescription=3357 - 3M Di-Noc Fine Wood 48""","false","","","","",""
"IL-3401","Di-Noc","3M Di-Noc Wood Grain-1147","164","7","7","","IN_STOCK","2023-02-13","2023-02-13","","","","DI-NOC|3M DI-NOC WOOD GRAIN-1147","","","","","SourceSheet=Di-Noc; SourceRow=6; RawDescription=3401 - 3M Di-Noc Wood Grain-1147 164""","false","","","","",""
"IL-3442","Di-Noc","3M Di-Noc Fine Wood-1771H","48","13","13","862591.0","IN_STOCK","2023-02-13","2023-02-13","","","","DI-NOC|3M DI-NOC FINE WOOD-1771H","","","","","SourceSheet=Di-Noc; SourceRow=8; RawDescription=3442 - 3M Di-Noc Fine Wood-1771H 48""","false","","","","",""
"IL-3519","Di-Noc","3M DI-NOC NU-2179 TEXTILE NUNO","48","30","30","","IN_STOCK","2023-02-13","2023-02-13","","","","DI-NOC|3M DI-NOC NU-2179 TEXTILE NUNO","","","","","SourceSheet=Di-Noc; SourceRow=11; RawDescription=3519 - 3M DI-NOC NU-2179  TEXTILE NUNO 48""","false","","","","",""
"IL-3893A","Di-Noc","3M Di-Noc Wood Grain Ext. WG1044EX","48","4","4","922387.0","IN_STOCK","2023-02-13","2023-02-13","","","","DI-NOC|3M DI-NOC WOOD GRAIN EXT. WG1044EX","","","","","SourceSheet=Di-Noc; SourceRow=12; RawDescription=3893A - 3M Di-Noc Wood Grain Ext. WG1044EX 48""","false","","","","",""
"IL-3753","Di-Noc","DI-NOC OYSTER LINEN F","473","50","50","","IN_STOCK","2023-02-13","2023-02-13","","","","DI-NOC|DI-NOC OYSTER LINEN F","","","","","SourceSheet=Di-Noc; SourceRow=14; RawDescription=3753 - DI-NOC OYSTER LINEN  F473 ","false","","","","",""
"IL-3963","Di-Noc","3M Di-Noc PS1870MT Single Color Matte-Black","48","15","15","","IN_STOCK","2023-02-13","2023-02-13","","","","DI-NOC|3M DI-NOC PS1870MT SINGLE COLOR MATTE-BLACK","","","","","SourceSheet=Di-Noc; SourceRow=16; RawDescription=3963 - 3M Di-Noc PS1870MT Single Color Matte-Black 48""","false","","","","",""
"IL-4067","Di-Noc","3M DI-NOC FINE WOOD-COLOGNE WALNUT FW1751","48","27","27","","IN_STOCK","2023-02-13","2023-02-13","","","","DI-NOC|3M DI-NOC FINE WOOD-COLOGNE WALNUT FW1751","","","","","SourceSheet=Di-Noc; SourceRow=17; RawDescription=4067- 3M DI-NOC FINE WOOD-COLOGNE WALNUT FW1751 48""","false","","","","",""
"IL-4074","Di-Noc","3MDINOC MATTE BREEN WALNUT DW1882MT","48","10","10","","IN_STOCK","2023-02-13","2023-02-13","","","","DI-NOC|3MDINOC MATTE BREEN WALNUT DW1882MT","","","","","SourceSheet=Di-Noc; SourceRow=18; RawDescription=4074 - 3MDINOC MATTE BREEN WALNUT DW1882MT 48""","false","","","","",""
"IL-5987","Di-Noc","3M Di-Noc Carbon Black CA421","48","15","15","172303.0","IN_STOCK","2023-02-13","2023-02-13","","","","DI-NOC|3M DI-NOC CARBON BLACK CA421","","","","","SourceSheet=Di-Noc; SourceRow=19; RawDescription=5987 - 3M Di-Noc Carbon Black CA421 48""","false","","","","",""
"IL-5991","Di-Noc","3M Di-Noc High Gloss Fire Brick HG1511","48","15","15","172304.0","IN_STOCK","2023-02-13","2023-02-13","","","","DI-NOC|3M DI-NOC HIGH GLOSS FIRE BRICK HG1511","","","","","SourceSheet=Di-Noc; SourceRow=20; RawDescription=5991 - 3M Di-Noc High Gloss Fire Brick HG1511 48""","false","","","","",""
"IL-5952","Di-Noc","3M Di-Noc Fine Wood Bronco Teak FW1272","48","15","15","151684.0","IN_STOCK","2023-02-13","2023-02-13","","","","DI-NOC|3M DI-NOC FINE WOOD BRONCO TEAK FW1272","","","","","SourceSheet=Di-Noc; SourceRow=22; RawDescription=5952 - 3M Di-Noc Fine Wood Bronco Teak FW1272 48""","false","","","","",""
"IL-1338","Avery Dennison","Titan 7 Xtra","48","10","10","RU044583","IN_STOCK","2023-02-13","2023-02-13","","","","AVERY DENNISON|TITAN 7 XTRA","","","","","SourceSheet=Avery Dennison; SourceRow=2; RawDescription=1338 - Titan 7 Xtra 48""","false","","","","",""
"IL-1472","Avery Dennison","Avery SkyLite 20 XTRM Poly","48","35","35","3197957.0","IN_STOCK","2023-02-13","2023-02-13","","","","AVERY DENNISON|AVERY SKYLITE 20 XTRM POLY","","","","","SourceSheet=Avery Dennison; SourceRow=3; RawDescription=1472 - Avery SkyLite 20 XTRM Poly 48""","false","","","","",""
"IL-2692","Avery Dennison","Titan 7 Xtra","60","74","74","NA","IN_STOCK","2023-02-13","2023-02-13","","","","AVERY DENNISON|TITAN 7 XTRA","","","","","SourceSheet=Avery Dennison; SourceRow=4; RawDescription=2692 - Titan 7 Xtra 60""","false","","","","",""
"IL-3107","Avery Dennison","Avery Silver 20 Poly EXT","60","15","15","RU058998","IN_STOCK","2023-02-13","2023-02-13","","","","AVERY DENNISON|AVERY SILVER 20 POLY EXT","","","","","SourceSheet=Avery Dennison; SourceRow=5; RawDescription=3107 - Avery Silver 20 Poly EXT 60""","false","","","","",""
"IL-3648","Avery Dennison","AD DR Grey 20-X","60","25","25","","IN_STOCK","2023-02-13","2023-02-13","","","","AVERY DENNISON|AD DR GREY 20-X","","","","","SourceSheet=Avery Dennison; SourceRow=6; RawDescription=3648 - AD DR Grey 20-X 60""","false","","","","",""
"IL-3649","Avery Dennison","AD Ex Silver 20","48","54","54","","IN_STOCK","2023-02-13","2023-02-13","","","","AVERY DENNISON|AD EX SILVER 20","","","","","SourceSheet=Avery Dennison; SourceRow=7; RawDescription=3649 - AD Ex Silver 20 48""","false","","","","",""
"IL-3739","Avery Dennison","AD R Silver 20X Poly","60","28","28","","IN_STOCK","2023-02-13","2023-02-13","","","","AVERY DENNISON|AD R SILVER 20X POLY","","","","","SourceSheet=Avery Dennison; SourceRow=8; RawDescription=3739 - AD R Silver 20X Poly 60""","false","","","","",""
"IL-2938","Avery Dennison","HT ELITE","48","53","53","RU056136","IN_STOCK","2023-02-13","2023-02-13","","","","AVERY DENNISON|HT ELITE","","","","","SourceSheet=Avery Dennison; SourceRow=9; RawDescription=2938- HT ELITE   48""         ","false","","","","",""
"IL-3793","Avery Dennison","AD DR Grey 10X","60","13","13","RU057348","IN_STOCK","2023-02-13","2023-02-13","","","","AVERY DENNISON|AD DR GREY 10X","","","","","SourceSheet=Avery Dennison; SourceRow=10; RawDescription=3793 - AD DR Grey 10X 60""","false","","","","",""
"IL-4019","Avery Dennison","AVERY Silver 20 EXTRM (exterior)","48","100","100","for warranty work","IN_STOCK","2023-02-13","2023-02-13","","","","AVERY DENNISON|AVERY SILVER 20 EXTRM (EXTERIOR)","","","","","SourceSheet=Avery Dennison; SourceRow=11; RawDescription=4019 - AVERY Silver 20 EXTRM (exterior) 48""","false","","","","",""
"IL-4035","Avery Dennison","AVERY - Silver 20 XRTM Exterior","60","33","33","for warranty work","IN_STOCK","2023-02-13","2023-02-13","","","","AVERY DENNISON|AVERY - SILVER 20 XRTM EXTERIOR","","","","","SourceSheet=Avery Dennison; SourceRow=12; RawDescription=4035 - AVERY - Silver 20 XRTM Exterior 60""         ","false","","","","",""
"IL-4036","Avery Dennison","AVERY - Silver 20 XRTM Exterior","60","33","33","for warranty work","IN_STOCK","2023-02-13","2023-02-13","","","","AVERY DENNISON|AVERY - SILVER 20 XRTM EXTERIOR","","","","","SourceSheet=Avery Dennison; SourceRow=13; RawDescription=4036 - AVERY - Silver 20 XRTM Exterior 60""","false","","","","",""
"IL-5049","Avery Dennison","Avery Titan 07","60","10","10","","IN_STOCK","2023-02-13","2023-02-13","","","","AVERY DENNISON|AVERY TITAN 07","","","","","SourceSheet=Avery Dennison; SourceRow=14; RawDescription=5049 - Avery Titan 07 60""","false","","","","",""
"IL-5056","Avery Dennison","Avery Titan 07","60","9","9","","IN_STOCK","2023-02-13","2023-02-13","","","","AVERY DENNISON|AVERY TITAN 07","","","","","SourceSheet=Avery Dennison; SourceRow=15; RawDescription=5056 - Avery Titan 07 60""","false","","","","",""
"IL-5068","Avery Dennison","Avery E-Lite 70","60","10","10","","IN_STOCK","2023-02-13","2023-02-13","","","","AVERY DENNISON|AVERY E-LITE 70","","","","","SourceSheet=Avery Dennison; SourceRow=16; RawDescription=5068 - Avery E-Lite 70 60""","false","","","","",""
"IL-5069","Avery Dennison","Avery Titan 07","60","100","100","","IN_STOCK","2023-02-13","2023-02-13","","","","AVERY DENNISON|AVERY TITAN 07","","","","","SourceSheet=Avery Dennison; SourceRow=17; RawDescription=5069 - Avery Titan 07 60"" ","false","","","","",""
"IL-5908","Avery Dennison","Avery Natura 30","72","20","20","RC3264759","IN_STOCK","2023-02-13","2023-02-13","","","","AVERY DENNISON|AVERY NATURA 30","","","","","SourceSheet=Avery Dennison; SourceRow=19; RawDescription=5908 - Avery Natura 30 72""","false","","","","",""
"IL-5924","Avery Dennison","Avery Natura 30","48","15","15","RC3251102","IN_STOCK","2023-02-13","2023-02-13","","","","AVERY DENNISON|AVERY NATURA 30","","","","","SourceSheet=Avery Dennison; SourceRow=20; RawDescription=5924 - Avery Natura 30 48""","false","","","","",""
"IL-6104","Avery Dennison","Avery E-Lite 70","36","40","40","RC4468519","IN_STOCK","2023-02-13","2023-02-13","","","","AVERY DENNISON|AVERY E-LITE 70","","","","","SourceSheet=Avery Dennison; SourceRow=21; RawDescription=6104 - Avery E-Lite 70 36""","false","","","","",""
"IL-6331","Avery Dennison","Avery Blue Sandstone","48","10","10","2F904240F203402","IN_STOCK","2023-02-13","2023-02-13","","","","AVERY DENNISON|AVERY BLUE SANDSTONE","","","","","SourceSheet=Avery Dennison; SourceRow=22; RawDescription=6331 - Avery Blue Sandstone 48""","false","","","","",""
"IL-6435","Avery Dennison","Avery DR Warm Grey 10X","48","20","20","RC3230401","IN_STOCK","2023-02-13","2023-02-13","","","","AVERY DENNISON|AVERY DR WARM GREY 10X","","","","","SourceSheet=Avery Dennison; SourceRow=23; RawDescription=6435 - Avery DR Warm Grey 10X 48""","false","","","","",""
"IL-6612","Avery Dennison","Avery E-Lite 70X","72","25","25","2F3H1240L","IN_STOCK","2023-02-13","2023-02-13","","","","AVERY DENNISON|AVERY E-LITE 70X","","","","","SourceSheet=Avery Dennison; SourceRow=24; RawDescription=6612 - Avery E-Lite 70X 72""","false","","","","",""
"IL-6652","Avery Dennison","Avery E-Lite 45","48","11","11","RC3225920","IN_STOCK","2023-02-13","2023-02-13","","","","AVERY DENNISON|AVERY E-LITE 45","","","","","SourceSheet=Avery Dennison; SourceRow=25; RawDescription=6652 - Avery E-Lite 45 48""","false","","","","",""
"IL-6672","Avery Dennison","Avery Perlite 70","72","25","25","RC5265231","IN_STOCK","2023-02-13","2023-02-13","","","","AVERY DENNISON|AVERY PERLITE 70","","","","","SourceSheet=Avery Dennison; SourceRow=26; RawDescription=6672 - Avery Perlite 70 72""","false","","","","",""
"IL-1436","Solyx","VERTICAL STRIPES SX-9","200","45","45","NA","IN_STOCK","2023-07-31","2023-07-31","","","","SOLYX|VERTICAL STRIPES SX-9","","","","","SourceSheet=Solyx; SourceRow=2; RawDescription=1436 - VERTICAL STRIPES SX-9200","false","","","","",""
"IL-1437","Solyx","VERTICAL STRIPES SX-9","200","46","46","NA","IN_STOCK","2023-07-31","2023-07-31","","","","SOLYX|VERTICAL STRIPES SX-9","","","","","SourceSheet=Solyx; SourceRow=3; RawDescription=1437 - VERTICAL STRIPES SX-9200","false","","","","",""
"IL-1456","Solyx","WHITE RICE PAPER SXG-","1","40","40","NA","IN_STOCK","2023-07-31","2023-07-31","","","","SOLYX|WHITE RICE PAPER SXG-","","","","","SourceSheet=Solyx; SourceRow=5; RawDescription=1456 - WHITE RICE PAPER SXG-001","false","","","","",""
"IL-1457","Solyx","WHITE RICE PAPER SXG-0","18","23","23","NA","IN_STOCK","2023-07-31","2023-07-31","","","","SOLYX|WHITE RICE PAPER SXG-0","","","","","SourceSheet=Solyx; SourceRow=6; RawDescription=1457 - WHITE RICE PAPER SXG-0018","false","","","","",""
"IL-1537","Solyx","Regimental Bars 131","36","30","30","NA","IN_STOCK","2023-07-31","2023-07-31","","","","SOLYX|REGIMENTAL BARS 131","","","","","SourceSheet=Solyx; SourceRow=7; RawDescription=1537 - Regimental Bars 131 36""","false","","","","",""
"IL-1764","Solyx","CLEAR BRUSH SXHE-02","36","43","43","NA","IN_STOCK","2023-07-31","2023-07-31","","","","SOLYX|CLEAR BRUSH SXHE-02","","","","","SourceSheet=Solyx; SourceRow=8; RawDescription=1764 - CLEAR BRUSH SXHE-02 36""","false","","","","",""
"IL-1780","Solyx","Cracked Ice SX-SC540","14","65","65","NA","IN_STOCK","2023-07-31","2023-07-31","","","","SOLYX|CRACKED ICE SX-SC540","","","","","SourceSheet=Solyx; SourceRow=9; RawDescription=1780 - Cracked Ice SX-SC540 14""","false","","","","",""
"IL-2132","Solyx","GLOSS BLACK VINYL","48","50","50","NA","IN_STOCK","2023-07-31","2023-07-31","","","","SOLYX|GLOSS BLACK VINYL","","","","","SourceSheet=Solyx; SourceRow=10; RawDescription=2132- GLOSS BLACK VINYL 48""","false","","","","",""
"IL-2140","Solyx","Traffic Blue 48"" SXO-","57","7","7","NA","IN_STOCK","2023-07-31","2023-07-31","","","","SOLYX|TRAFFIC BLUE 48"" SXO-","","","","","SourceSheet=Solyx; SourceRow=12; RawDescription=2140 - Traffic Blue 48"" SXO-057","false","","","","",""
"IL-2147","Solyx","SOL CHARCOAL MATTE SXWF-CM","60","25","25","NA","IN_STOCK","2023-07-31","2023-07-31","","","","SOLYX|SOL CHARCOAL MATTE SXWF-CM","","","","","SourceSheet=Solyx; SourceRow=13; RawDescription=2147 - SOL CHARCOAL MATTE SXWF-CM 60""","false","","","","",""
"IL-2148","Solyx","SOL CHARCOAL MATTE SXWF-CM","60","40","40","NA","IN_STOCK","2023-07-31","2023-07-31","","","","SOLYX|SOL CHARCOAL MATTE SXWF-CM","","","","","SourceSheet=Solyx; SourceRow=14; RawDescription=2148 - SOL CHARCOAL MATTE SXWF-CM 60""","false","","","","",""
"IL-2152","Solyx","GLOSS BLACK VINYL SXV-9-1003","60","20","20","NA","IN_STOCK","2023-07-31","2023-07-31","","","","SOLYX|GLOSS BLACK VINYL SXV-9-1003","","","","","SourceSheet=Solyx; SourceRow=15; RawDescription=2152- GLOSS BLACK VINYL SXV-9-1003 60""","false","","","","",""
"IL-2165","Solyx","Beach Grass SXJ-0545","71","32","32","NA","IN_STOCK","2023-07-31","2023-07-31","","","","SOLYX|BEACH GRASS SXJ-0545","","","","","SourceSheet=Solyx; SourceRow=16; RawDescription=2165 - Beach Grass SXJ-0545 71""","false","","","","",""
"IL-2246","Solyx","SOLYX LINEN SX-C387","60","16","16","NA","IN_STOCK","2023-07-31","2023-07-31","","","","SOLYX|SOLYX LINEN SX-C387","","","","","SourceSheet=Solyx; SourceRow=17; RawDescription=2246 - SOLYX LINEN SX-C387 60""","false","","","","",""
"IL-2283","Solyx","BRUSHED METAL SXS-M300","54","20","20","NA","IN_STOCK","2023-07-31","2023-07-31","","","","SOLYX|BRUSHED METAL SXS-M300","","","","","SourceSheet=Solyx; SourceRow=18; RawDescription=2283 - BRUSHED METAL SXS-M300 54""","false","","","","",""
"IL-2613","Solyx","Organic Strie SX-5015","48","90","90","NA","IN_STOCK","2023-07-31","2023-07-31","","","","SOLYX|ORGANIC STRIE SX-5015","","","","","SourceSheet=Solyx; SourceRow=19; RawDescription=2613 - Organic Strie SX-5015 48""","false","","","","",""
"IL-2670","Solyx","Acid Etch SOL SX3-","314","18","18","NA","IN_STOCK","2023-07-31","2023-07-31","","","","SOLYX|ACID ETCH SOL SX3-","","","","","SourceSheet=Solyx; SourceRow=20; RawDescription=2670 - Acid Etch SOL SX3-314 ","false","","","","",""
"IL-2804","Solyx","SX-C384 ETCHED STRIPES","36","14","14","NA","IN_STOCK","2023-07-31","2023-07-31","","","","SOLYX|SX-C384 ETCHED STRIPES","","","","","SourceSheet=Solyx; SourceRow=21; RawDescription=2804 - SX-C384 ETCHED STRIPES 36""","false","","","","",""
"IL-2891","Solyx","SOL SXJ-0500 White Dusted Matt. Dot Gradiant","60","10","10","NA","IN_STOCK","2023-07-31","2023-07-31","","","","SOLYX|SOL SXJ-0500 WHITE DUSTED MATT. DOT GRADIANT","","","","","SourceSheet=Solyx; SourceRow=23; RawDescription=2891 - SOL SXJ-0500 White Dusted Matt. Dot Gradiant 60""","false","","","","",""
"IL-2897","Solyx","SOL SILVER UltraCool-S3560","60","30","30","NA","IN_STOCK","2023-07-31","2023-07-31","","","","SOLYX|SOL SILVER ULTRACOOL-S3560","","","","","SourceSheet=Solyx; SourceRow=24; RawDescription=2897 - SOL SILVER UltraCool-S3560 60""","false","","","","",""
"IL-2932","Solyx","3M DUSTED CRYSTAL SX-3140-60100","60","14","14","NA","IN_STOCK","2023-07-31","2023-07-31","","","","SOLYX|3M DUSTED CRYSTAL SX-3140-60100","","","","","SourceSheet=Solyx; SourceRow=25; RawDescription=2932 - 3M DUSTED CRYSTAL SX-3140-60100 60""","false","","","","",""
"IL-3017","Solyx","SXO-031 (RED)","48","35","35","NA","IN_STOCK","2023-07-31","2023-07-31","","","","SOLYX|SXO-031 (RED)","","","","","SourceSheet=Solyx; SourceRow=26; RawDescription=3017 - SXO-031 (RED) 48""","false","","","","",""
"IL-3053","Solyx","Snow White Light Diffuser SXF-0600","60","18","18","NA","IN_STOCK","2023-07-31","2023-07-31","","","","SOLYX|SNOW WHITE LIGHT DIFFUSER SXF-0600","","","","","SourceSheet=Solyx; SourceRow=27; RawDescription=3053 - Snow White Light Diffuser SXF-0600 60""","false","","","","",""
"IL-3070","Solyx","SXO-047 ORANGE/RED","48","35","35","NA","IN_STOCK","2023-07-31","2023-07-31","","","","SOLYX|SXO-047 ORANGE/RED","","","","","SourceSheet=Solyx; SourceRow=28; RawDescription=3070 - SXO-047 ORANGE/RED 48""","false","","","","",""
"IL-3153","Solyx","SOLYX SX-C373 Acid Etch Stripes","48","12","12","NA","IN_STOCK","2023-07-31","2023-07-31","","","","SOLYX|SOLYX SX-C373 ACID ETCH STRIPES","","","","","SourceSheet=Solyx; SourceRow=29; RawDescription=3153 - SOLYX SX-C373 Acid Etch Stripes 48""","false","","","","",""
"IL-3181","Solyx","SOLYX SXJ-0547 FEATHER GRADIENT","71","18","18","NA","IN_STOCK","2023-07-31","2023-07-31","","","","SOLYX|SOLYX SXJ-0547 FEATHER GRADIENT","","","","","SourceSheet=Solyx; SourceRow=30; RawDescription=3181 - SOLYX SXJ-0547 FEATHER GRADIENT 71""","false","","","","",""
"IL-3257","Solyx","SOL SXF-5050 TOTAL LIGHT BLOCK OUT","60","15","15","NA","IN_STOCK","2023-07-31","2023-07-31","","","","SOLYX|SOL SXF-5050 TOTAL LIGHT BLOCK OUT","","","","","SourceSheet=Solyx; SourceRow=31; RawDescription=3257 - SOL  SXF-5050 TOTAL LIGHT BLOCK OUT 60""","false","","","","",""
"IL-3265","Solyx","SOL BLACK BLOCK OUT GLOSSY","72","20","20","NA","IN_STOCK","2023-07-31","2023-07-31","","","","SOLYX|SOL BLACK BLOCK OUT GLOSSY","","","","","SourceSheet=Solyx; SourceRow=32; RawDescription=3265 - SOL BLACK BLOCK OUT GLOSSY 72""","false","","","","",""
"IL-3294","Solyx","SOL SGC6523 - COVENTRY","58","10","10","NA","IN_STOCK","2023-07-31","2023-07-31","","","","SOLYX|SOL SGC6523 - COVENTRY","","","","","SourceSheet=Solyx; SourceRow=33; RawDescription=3294 - SOL SGC6523 - COVENTRY 58""","false","","","","",""
"IL-3307","Solyx","Solyx Bird Safety Film Dot (SX-BSFD)","72","25","25","NA","IN_STOCK","2023-07-31","2023-07-31","","","","SOLYX|SOLYX BIRD SAFETY FILM DOT (SX-BSFD)","","","","","SourceSheet=Solyx; SourceRow=34; RawDescription=3307 - Solyx Bird Safety Film Dot (SX-BSFD) 72""","false","","","","",""
"IL-3351","Solyx","SOL DUSTED WATERS (SX-3147)","24","10","10","NA","IN_STOCK","2023-07-31","2023-07-31","","","","SOLYX|SOL DUSTED WATERS (SX-3147)","","","","","SourceSheet=Solyx; SourceRow=35; RawDescription=3351 - SOL DUSTED WATERS (SX-3147) 24""","false","","","","",""
"IL-3359","Solyx","SOL WHITE DUSTED MATT DOT GRADIENT (SXJ-0500)","60","10","10","NA","IN_STOCK","2023-07-31","2023-07-31","","","","SOLYX|SOL WHITE DUSTED MATT DOT GRADIENT (SXJ-0500)","","","","","SourceSheet=Solyx; SourceRow=36; RawDescription=3359 - SOL WHITE DUSTED MATT DOT GRADIENT (SXJ-0500) 60""","false","","","","",""
"IL-3398","Solyx","SOL SXC-131 FROSTED SHORT STRIPE MINI BLIND-VERTICAL","60","11","11","NA","IN_STOCK","2023-07-31","2023-07-31","","","","SOLYX|SOL SXC-131 FROSTED SHORT STRIPE MINI BLIND-VERTICAL","","","","","SourceSheet=Solyx; SourceRow=37; RawDescription=3398 - SOL SXC-131 FROSTED SHORT STRIPE MINI BLIND-VERTICAL 60""","false","","","","",""
"IL-3400","Solyx","SOLYX SX-1303 Grey Frost","60","40","40","NA","IN_STOCK","2023-07-31","2023-07-31","","","","SOLYX|SOLYX SX-1303 GREY FROST","","","","","SourceSheet=Solyx; SourceRow=38; RawDescription=3400- SOLYX SX-1303 Grey Frost 60""","false","","","","",""
"IL-3457","Solyx","Dual Motion Gradient SXJ-0585","60","10","10","NA","IN_STOCK","2023-07-31","2023-07-31","","","","SOLYX|DUAL MOTION GRADIENT SXJ-0585","","","","","SourceSheet=Solyx; SourceRow=39; RawDescription=3457- Dual Motion Gradient  SXJ-0585 60""","false","","","","",""
"IL-3464","Solyx","SOL SX-1259 WAVY GLASS FILM","60","5","5","NA","IN_STOCK","2023-07-31","2023-07-31","","","","SOLYX|SOL SX-1259 WAVY GLASS FILM","","","","","SourceSheet=Solyx; SourceRow=40; RawDescription=3464 - SOL SX-1259 WAVY GLASS FILM 60""","false","","","","",""
"IL-3465","Solyx","SOL SX-1305 BRONZE FROST","60","9","9","NA","IN_STOCK","2023-07-31","2023-07-31","","","","SOLYX|SOL SX-1305 BRONZE FROST","","","","","SourceSheet=Solyx; SourceRow=41; RawDescription=3465 - SOL SX-1305 BRONZE FROST 60""","false","","","","",""
"IL-3498","Solyx","SOL Steel Blue SXO-096","60","13","13","NA","IN_STOCK","2023-07-31","2023-07-31","","","","SOLYX|SOL STEEL BLUE SXO-096","","","","","SourceSheet=Solyx; SourceRow=42; RawDescription=3498-  SOL Steel Blue SXO-096 60""","false","","","","",""
"IL-3642","Solyx","SX-SC 684-48 Pyramid","48","6","6","NA","IN_STOCK","2023-07-31","2023-07-31","","","","SOLYX|SX-SC 684-48 PYRAMID","","","","","SourceSheet=Solyx; SourceRow=44; RawDescription=3642 - SX-SC 684-48 Pyramid 48""","false","","","","",""
"IL-3726","Solyx","Dove Stained Glass SXEG-1025","36","8","8","NA","IN_STOCK","2023-07-31","2023-07-31","","","","SOLYX|DOVE STAINED GLASS SXEG-1025","","","","","SourceSheet=Solyx; SourceRow=45; RawDescription=3726 - Dove Stained Glass SXEG-1025 36""","false","","","","",""
"IL-3732","Solyx","Solyx SXP-039 Raspberry Red","60","7","7","SXP-039","IN_STOCK","2023-07-31","2023-07-31","","","","SOLYX|SOLYX SXP-039 RASPBERRY RED","","","","","SourceSheet=Solyx; SourceRow=46; RawDescription=3732 - Solyx SXP-039 Raspberry Red 60""","false","","","","",""
"IL-3740","Solyx","Solyx Cool Grey SX4500","60","57","57","SX-4500-69","IN_STOCK","2023-07-31","2023-07-31","","","","SOLYX|SOLYX COOL GREY SX4500","","","","","SourceSheet=Solyx; SourceRow=47; RawDescription=3740 - Solyx Cool Grey SX4500 60""","false","","","","",""
"IL-3765","Solyx","SOLYX SIMGLAS FROSTED STRIE SGV-6613","48","10","10","","IN_STOCK","2023-07-31","2023-07-31","","","","SOLYX|SOLYX SIMGLAS FROSTED STRIE SGV-6613","","","","","SourceSheet=Solyx; SourceRow=48; RawDescription=3765 - SOLYX SIMGLAS FROSTED STRIE SGV-6613  48""","false","","","","",""
"IL-3808","Solyx","Solyx White Sand Matte SX1409","48","20","20","","IN_STOCK","2023-07-31","2023-07-31","","","","SOLYX|SOLYX WHITE SAND MATTE SX1409","","","","","SourceSheet=Solyx; SourceRow=49; RawDescription=3808 - Solyx White Sand Matte SX1409 48""","false","","","","",""
"IL-3827","Solyx","Solyx Black Out SXWF-BO","60","5","5","","IN_STOCK","2023-07-31","2023-07-31","","","","SOLYX|SOLYX BLACK OUT SXWF-BO","","","","","SourceSheet=Solyx; SourceRow=50; RawDescription=3827 - Solyx Black Out SXWF-BO 60""","false","","","","",""
"IL-3965","Solyx","Solyx Grey Frost SX-1303","60","20","20","","IN_STOCK","2023-07-31","2023-07-31","","","","SOLYX|SOLYX GREY FROST SX-1303","","","","","SourceSheet=Solyx; SourceRow=51; RawDescription=3965 - Solyx Grey Frost SX-1303 60""","false","","","","",""
"IL-4002","Solyx","Solyx White Dusted Matte SXJ-0550","60","8","8","","IN_STOCK","2023-07-31","2023-07-31","","","","SOLYX|SOLYX WHITE DUSTED MATTE SXJ-0550","","","","","SourceSheet=Solyx; SourceRow=52; RawDescription=4002 - Solyx White Dusted Matte SXJ-0550 60""","false","","","","",""
"IL-4024","Solyx","Solyx Clear Sand Blast SX-1002","48","10","10","","IN_STOCK","2023-07-31","2023-07-31","","","","SOLYX|SOLYX CLEAR SAND BLAST SX-1002","","","","","SourceSheet=Solyx; SourceRow=53; RawDescription=4024- Solyx Clear Sand Blast SX-1002  48""","false","","","","",""
"IL-4026","Solyx","Solyx Clear Sand Blast SX-1002","60","70","70","","IN_STOCK","2023-07-31","2023-07-31","","","","SOLYX|SOLYX CLEAR SAND BLAST SX-1002","","","","","SourceSheet=Solyx; SourceRow=54; RawDescription=4026- Solyx Clear Sand Blast SX-1002 60""","false","","","","",""
"IL-1364","Solyx","Solyx Silver Etch Stripe SX-2","2","35","35","","IN_STOCK","2023-07-31","2023-07-31","","","","SOLYX|SOLYX SILVER ETCH STRIPE SX-2","","","","","SourceSheet=Solyx; SourceRow=56; RawDescription=1364 - Solyx Silver Etch Stripe SX-2002","false","","","","",""
"IL-5328","Solyx","Solyx Thatch Frost SX1580","48","25","25","","IN_STOCK","2023-07-31","2023-07-31","","","","SOLYX|SOLYX THATCH FROST SX1580","","","","","SourceSheet=Solyx; SourceRow=57; RawDescription=5328 - Solyx Thatch Frost SX1580 48""","false","","","","",""
"IL-5329","Solyx","Solyx Thatch Frost SX1580","48","100","100","","IN_STOCK","2023-07-31","2023-07-31","","","","SOLYX|SOLYX THATCH FROST SX1580","","","","","SourceSheet=Solyx; SourceRow=58; RawDescription=5329 - Solyx Thatch Frost SX1580 48""","false","","","","",""
"IL-5354","Solyx","Solyx Fine Crystal Frost SX1309","60","15","15","","IN_STOCK","2023-07-31","2023-07-31","","","","SOLYX|SOLYX FINE CRYSTAL FROST SX1309","","","","","SourceSheet=Solyx; SourceRow=59; RawDescription=5354 - Solyx Fine Crystal Frost SX1309 60""","false","","","","",""
"IL-5356","Solyx","Solyx Etched Leise Stripes SXC374","60","10","10","","IN_STOCK","2023-07-31","2023-07-31","","","","SOLYX|SOLYX ETCHED LEISE STRIPES SXC374","","","","","SourceSheet=Solyx; SourceRow=60; RawDescription=5356 - Solyx Etched Leise Stripes SXC374 60""","false","","","","",""
"IL-5387","Solyx","Solyx Light Etch SXGF0197","60","6","6","","IN_STOCK","2023-07-31","2023-07-31","","","","SOLYX|SOLYX LIGHT ETCH SXGF0197","","","","","SourceSheet=Solyx; SourceRow=61; RawDescription=5387 - Solyx Light Etch SXGF0197 60""","false","","","","",""
"IL-5390","Solyx","Solyx Dusted Crystal SX3140","60","20","20","","IN_STOCK","2023-07-31","2023-07-31","","","","SOLYX|SOLYX DUSTED CRYSTAL SX3140","","","","","SourceSheet=Solyx; SourceRow=62; RawDescription=5390 - Solyx Dusted Crystal SX3140 60""","false","","","","",""
"IL-5391","Solyx","Solyx Transparent White Leaf SX-3142","59","10","10","","IN_STOCK","2023-07-31","2023-07-31","","","","SOLYX|SOLYX TRANSPARENT WHITE LEAF SX-3142","","","","","SourceSheet=Solyx; SourceRow=63; RawDescription=5391 - Solyx Transparent White Leaf SX-3142 59""","false","","","","",""
"IL-5736","Solyx","Solyx Sand Blast Dark Gray SXB-73","48","20","20","","IN_STOCK","2023-07-31","2023-07-31","","","","SOLYX|SOLYX SAND BLAST DARK GRAY SXB-73","","","","","SourceSheet=Solyx; SourceRow=64; RawDescription=5736 - Solyx Sand Blast Dark Gray SXB-73 48""","false","","","","",""
"IL-5758","Solyx","Solyx Antique Slvr. Mirr. Opaque First Surfc. SX6040","59","14","14","","IN_STOCK","2023-07-31","2023-07-31","","","","SOLYX|SOLYX ANTIQUE SLVR. MIRR. OPAQUE FIRST SURFC. SX6040","","","","","SourceSheet=Solyx; SourceRow=65; RawDescription=5758 - Solyx Antique Slvr. Mirr. Opaque First Surfc. SX6040 59""","false","","","","",""
"IL-5759","Solyx","Solyx Frosted Summer SX1545","48","10","10","","IN_STOCK","2023-07-31","2023-07-31","","","","SOLYX|SOLYX FROSTED SUMMER SX1545","","","","","SourceSheet=Solyx; SourceRow=66; RawDescription=5759 - Solyx Frosted Summer SX1545 48""","false","","","","",""
"IL-5760","Solyx","Solyx One Way Slv./Gry SXSG09","60","6","6","","IN_STOCK","2023-07-31","2023-07-31","","","","SOLYX|SOLYX ONE WAY SLV./GRY SXSG09","","","","","SourceSheet=Solyx; SourceRow=67; RawDescription=5760 - Solyx One Way Slv./Gry SXSG09 60""","false","","","","",""
"IL-5764","Solyx","Solyx Dual Cloud Gradient SXJ0579","60","40","40","","IN_STOCK","2023-07-31","2023-07-31","","","","SOLYX|SOLYX DUAL CLOUD GRADIENT SXJ0579","","","","","SourceSheet=Solyx; SourceRow=68; RawDescription=5764 - Solyx Dual Cloud Gradient SXJ0579 60""","false","","","","",""
"IL-5875","Solyx","Solar Graphics Amber 2400","60","40","40","","IN_STOCK","2023-07-31","2023-07-31","","","","SOLYX|SOLAR GRAPHICS AMBER 2400","","","","","SourceSheet=Solyx; SourceRow=69; RawDescription=5875 - Solar Graphics Amber 2400 60""","false","","","","",""
"IL-5877","Solyx","Solyx Simglass Glazed Leaf SGD6006","58","10","10","","IN_STOCK","2023-07-31","2023-07-31","","","","SOLYX|SOLYX SIMGLASS GLAZED LEAF SGD6006","","","","","SourceSheet=Solyx; SourceRow=70; RawDescription=5877 - Solyx Simglass Glazed Leaf SGD6006 58""","false","","","","",""
"IL-5898","Solyx","Solyx Transparent White Matte SXWFTWM","60","8","8","","IN_STOCK","2023-07-31","2023-07-31","","","","SOLYX|SOLYX TRANSPARENT WHITE MATTE SXWFTWM","","","","","SourceSheet=Solyx; SourceRow=71; RawDescription=5898 - Solyx Transparent White Matte SXWFTWM 60""","false","","","","",""
"IL-5972","Solyx","Solyx Matte Linen SX5031","60","6","6","","IN_STOCK","2023-07-31","2023-07-31","","","","SOLYX|SOLYX MATTE LINEN SX5031","","","","","SourceSheet=Solyx; SourceRow=72; RawDescription=5972 - Solyx Matte Linen SX5031 60""","false","","","","",""
"IL-5899","Solyx","Solyx Blackout SXWFBO","46","5","5","","IN_STOCK","2023-07-31","2023-07-31","","","","SOLYX|SOLYX BLACKOUT SXWFBO","","","","","SourceSheet=Solyx; SourceRow=73; RawDescription=5899 - Solyx Blackout SXWFBO 46""","false","","","","",""
"IL-6038","Solyx","Solyx Dusted crystal SX3140","60","10","10","","IN_STOCK","2023-07-31","2023-07-31","","","","SOLYX|SOLYX DUSTED CRYSTAL SX3140","","","","","SourceSheet=Solyx; SourceRow=74; RawDescription=6038 - Solyx Dusted crystal SX3140 60""","false","","","","",""
"IL-6042","Solyx","Solyx Fine Crystal Frost SX-1309","60","25","25","","IN_STOCK","2023-07-31","2023-07-31","","","","SOLYX|SOLYX FINE CRYSTAL FROST SX-1309","","","","","SourceSheet=Solyx; SourceRow=75; RawDescription=6042 - Solyx Fine Crystal Frost SX-1309 60""","false","","","","",""
"IL-6050","Solyx","Solyx Sand Blast Squares 1-1/8"" SX1700","60","6","6","","IN_STOCK","2023-07-31","2023-07-31","","","","SOLYX|SOLYX SAND BLAST SQUARES 1-1/8"" SX1700","","","","","SourceSheet=Solyx; SourceRow=76; RawDescription=6050 - Solyx Sand Blast Squares 1-1/8"" SX1700 60""","false","","","","",""
"IL-6072","Solyx","Solyx White Dusted Matte SXJ-0550","60","20","20","","IN_STOCK","2023-07-31","2023-07-31","","","","SOLYX|SOLYX WHITE DUSTED MATTE SXJ-0550","","","","","SourceSheet=Solyx; SourceRow=77; RawDescription=6072 - Solyx White Dusted Matte SXJ-0550 60""","false","","","","",""
"IL-6096","Solyx","Solyx Fine Brushed SXL1017","60","6","6","","IN_STOCK","2023-07-31","2023-07-31","","","","SOLYX|SOLYX FINE BRUSHED SXL1017","","","","","SourceSheet=Solyx; SourceRow=78; RawDescription=6096 - Solyx Fine Brushed SXL1017 60""","false","","","","",""
"IL-6130","Solyx","Solyx Whiteout SXWFWO","60","10","10","","IN_STOCK","2023-07-31","2023-07-31","","","","SOLYX|SOLYX WHITEOUT SXWFWO","","","","","SourceSheet=Solyx; SourceRow=79; RawDescription=6130 - Solyx Whiteout SXWFWO 60""","false","","","","",""
"IL-6139","Solyx","Solyx Fine Crystal Frost SX-1309","60","100","100","","IN_STOCK","2023-07-31","2023-07-31","","","","SOLYX|SOLYX FINE CRYSTAL FROST SX-1309","","","","","SourceSheet=Solyx; SourceRow=80; RawDescription=6139 - Solyx Fine Crystal Frost SX-1309 60""","false","","","","",""
"IL-6142","Solyx","Solyx Matte Dual Fine Dots Grad. SXJ0581","60","44","44","","IN_STOCK","2023-07-31","2023-07-31","","","","SOLYX|SOLYX MATTE DUAL FINE DOTS GRAD. SXJ0581","","","","","SourceSheet=Solyx; SourceRow=81; RawDescription=6142 - Solyx Matte Dual Fine Dots Grad. SXJ0581 60""","false","","","","",""
"IL-6167","Solyx","Solyx Fine Brushed SXL1017","60","15","15","","IN_STOCK","2023-07-31","2023-07-31","","","","SOLYX|SOLYX FINE BRUSHED SXL1017","","","","","SourceSheet=Solyx; SourceRow=82; RawDescription=6167 - Solyx Fine Brushed SXL1017 60""","false","","","","",""
"IL-6178","Solyx","Solyx Dusted Crystal SX3140","48","13","13","","IN_STOCK","2023-07-31","2023-07-31","","","","SOLYX|SOLYX DUSTED CRYSTAL SX3140","","","","","SourceSheet=Solyx; SourceRow=83; RawDescription=6178 - Solyx Dusted Crystal SX3140 48""","false","","","","",""
"IL-6272","Solyx","Xpel Intelligence 65 XVAS65","58","10","10","1.09447576E8","IN_STOCK","2023-07-31","2023-07-31","","","","SOLYX|XPEL INTELLIGENCE 65 XVAS65","","","","","SourceSheet=Solyx; SourceRow=84; RawDescription=6272 - Xpel Intelligence 65 XVAS65 58""","false","","","","",""
"IL-6280","Solyx","Solyx Dusted Crystal SX3140","60","30","30","","IN_STOCK","2023-07-31","2023-07-31","","","","SOLYX|SOLYX DUSTED CRYSTAL SX3140","","","","","SourceSheet=Solyx; SourceRow=85; RawDescription=6280 - Solyx Dusted Crystal SX3140 60""","false","","","","",""
"IL-6318","Solyx","Solyx White Sand Matte SX-1409","60","25","25","","IN_STOCK","2023-07-31","2023-07-31","","","","SOLYX|SOLYX WHITE SAND MATTE SX-1409","","","","","SourceSheet=Solyx; SourceRow=86; RawDescription=6318 - Solyx White Sand Matte SX-1409 60""","false","","","","",""
"IL-6347","Solyx","Solyx Static Cling Rain Glass SXSC544","48","20","20","","IN_STOCK","2023-07-31","2023-07-31","","","","SOLYX|SOLYX STATIC CLING RAIN GLASS SXSC544","","","","","SourceSheet=Solyx; SourceRow=87; RawDescription=6347 - Solyx Static Cling Rain Glass SXSC544 48""","false","","","","",""
"IL-6352","Solyx","Solyx Clear Waters SX-9000","24","20","20","","IN_STOCK","2023-07-31","2023-07-31","","","","SOLYX|SOLYX CLEAR WATERS SX-9000","","","","","SourceSheet=Solyx; SourceRow=88; RawDescription=6352 - Solyx Clear Waters SX-9000 24""","false","","","","",""
"IL-6364","Solyx","Solyx Static Cling Rain Glass SXSC544","48","20","20","","IN_STOCK","2023-07-31","2023-07-31","","","","SOLYX|SOLYX STATIC CLING RAIN GLASS SXSC544","","","","","SourceSheet=Solyx; SourceRow=89; RawDescription=6364 - Solyx Static Cling Rain Glass SXSC544 48""","false","","","","",""
"IL-6371","Solyx","Solyx Whiteout SXWFWO","72","8","8","","IN_STOCK","2023-07-31","2023-07-31","","","","SOLYX|SOLYX WHITEOUT SXWFWO","","","","","SourceSheet=Solyx; SourceRow=90; RawDescription=6371 - Solyx Whiteout SXWFWO 72""","false","","","","",""
"IL-6388","Solyx","Solyx Organic Etched Stripes SXC380","48","34","34","","IN_STOCK","2023-07-31","2023-07-31","","","","SOLYX|SOLYX ORGANIC ETCHED STRIPES SXC380","","","","","SourceSheet=Solyx; SourceRow=91; RawDescription=6388 - Solyx Organic Etched Stripes SXC380 48""","false","","","","",""
"IL-6380","Solyx","Solyx Acid Etch SX3-314","60","20","20","","IN_STOCK","2023-07-31","2023-07-31","","","","SOLYX|SOLYX ACID ETCH SX3-314","","","","","SourceSheet=Solyx; SourceRow=92; RawDescription=6380 - Solyx Acid Etch SX3-314 60""","false","","","","",""
"IL-6387","Solyx","Solyx Clear Sandblast SX-1002","48","20","20","","IN_STOCK","2023-07-31","2023-07-31","","","","SOLYX|SOLYX CLEAR SANDBLAST SX-1002","","","","","SourceSheet=Solyx; SourceRow=93; RawDescription=6387 - Solyx Clear Sandblast SX-1002 48""","false","","","","",""
"IL-6416","Solyx","Solyx White Matte SXWFWM","72","20","20","","IN_STOCK","2023-07-31","2023-07-31","","","","SOLYX|SOLYX WHITE MATTE SXWFWM","","","","","SourceSheet=Solyx; SourceRow=94; RawDescription=6416 - Solyx White Matte SXWFWM 72""","false","","","","",""
"IL-6419","Solyx","Solyx UltraGlare Dark Shade G006","60","20","20","","IN_STOCK","2023-07-31","2023-07-31","","","","SOLYX|SOLYX ULTRAGLARE DARK SHADE G006","","","","","SourceSheet=Solyx; SourceRow=95; RawDescription=6419 - Solyx UltraGlare Dark Shade G006 60""","false","","","","",""
"IL-6426","Solyx","Solyx Static Cling Blackout Sand SXSC-318","36","8","8","","IN_STOCK","2023-07-31","2023-07-31","","","","SOLYX|SOLYX STATIC CLING BLACKOUT SAND SXSC-318","","","","","SourceSheet=Solyx; SourceRow=96; RawDescription=6426 - Solyx Static Cling Blackout Sand SXSC-318 36""","false","","","","",""
"IL-6438","Solyx","Solyx White Matte Max 5Mil ULTRASAFE-WMAX","60","6","6","","IN_STOCK","2023-07-31","2023-07-31","","","","SOLYX|SOLYX WHITE MATTE MAX 5MIL ULTRASAFE-WMAX","","","","","SourceSheet=Solyx; SourceRow=97; RawDescription=6438 - Solyx White Matte Max 5Mil ULTRASAFE-WMAX 60""","false","","","","",""
"IL-6443","Solyx","Solyx White Matte SXWFWM","48","6","6","","IN_STOCK","2023-07-31","2023-07-31","","","","SOLYX|SOLYX WHITE MATTE SXWFWM","","","","","SourceSheet=Solyx; SourceRow=98; RawDescription=6443 - Solyx White Matte SXWFWM 48""","false","","","","",""
"IL-6457","Solyx","Solyx Rain Glass SX1544","48","7","7","","IN_STOCK","2023-07-31","2023-07-31","","","","SOLYX|SOLYX RAIN GLASS SX1544","","","","","SourceSheet=Solyx; SourceRow=99; RawDescription=6457 - Solyx Rain Glass SX1544 48""","false","","","","",""
"IL-6458","Solyx","Solyx Rain Glass SX1544","48","15","15","","IN_STOCK","2023-07-31","2023-07-31","","","","SOLYX|SOLYX RAIN GLASS SX1544","","","","","SourceSheet=Solyx; SourceRow=100; RawDescription=6458 - Solyx Rain Glass SX1544 48""","false","","","","",""
"IL-6468","Solyx","Solyx Shimera SX-3160","60","20","20","","IN_STOCK","2023-07-31","2023-07-31","","","","SOLYX|SOLYX SHIMERA SX-3160","","","","","SourceSheet=Solyx; SourceRow=101; RawDescription=6468 - Solyx Shimera SX-3160 60""","false","","","","",""
"IL-6469","Solyx","Solyx White Matte Max SXWFWMAX","60","5","5","","IN_STOCK","2023-07-31","2023-07-31","","","","SOLYX|SOLYX WHITE MATTE MAX SXWFWMAX","","","","","SourceSheet=Solyx; SourceRow=102; RawDescription=6469 - Solyx White Matte Max SXWFWMAX 60""","false","","","","",""
"IL-6491","Solyx","Solyx White Matte SXWFWM","72","7","7","","IN_STOCK","2023-07-31","2023-07-31","","","","SOLYX|SOLYX WHITE MATTE SXWFWM","","","","","SourceSheet=Solyx; SourceRow=103; RawDescription=6491 - Solyx White Matte SXWFWM 72""","false","","","","",""
"IL-6492","Solyx","Solyx White Matte SXWFWM","72","18","18","","IN_STOCK","2023-07-31","2023-07-31","","","","SOLYX|SOLYX WHITE MATTE SXWFWM","","","","","SourceSheet=Solyx; SourceRow=104; RawDescription=6492 - Solyx White Matte SXWFWM 72""","false","","","","",""
"IL-6527","Solyx","Solyx Fine Dots Gradient SXJ0561","60","10","10","","IN_STOCK","2023-07-31","2023-07-31","","","","SOLYX|SOLYX FINE DOTS GRADIENT SXJ0561","","","","","SourceSheet=Solyx; SourceRow=105; RawDescription=6527 - Solyx Fine Dots Gradient SXJ0561 60""","false","","","","",""
"IL-6519","Solyx","Solyx Dark Black SXP014","60","9","9","","IN_STOCK","2023-07-31","2023-07-31","","","","SOLYX|SOLYX DARK BLACK SXP014","","","","","SourceSheet=Solyx; SourceRow=106; RawDescription=6519 - Solyx Dark Black SXP014 60""","false","","","","",""
"IL-6539","Solyx","Solyx dusted Etch SXC300","60","33","33","","IN_STOCK","2023-07-31","2023-07-31","","","","SOLYX|SOLYX DUSTED ETCH SXC300","","","","","SourceSheet=Solyx; SourceRow=107; RawDescription=6539 - Solyx dusted Etch SXC300 60""","false","","","","",""
"IL-6541","Solyx","Solyx Whiteout SXWFWO","60","35","35","","IN_STOCK","2023-07-31","2023-07-31","","","","SOLYX|SOLYX WHITEOUT SXWFWO","","","","","SourceSheet=Solyx; SourceRow=108; RawDescription=6541 - Solyx Whiteout SXWFWO 60""","false","","","","",""
"IL-6555","Solyx","Solyx Whiteout SXWFWO","36","100","100","","IN_STOCK","2023-07-31","2023-07-31","","","","SOLYX|SOLYX WHITEOUT SXWFWO","","","","","SourceSheet=Solyx; SourceRow=109; RawDescription=6555 - Solyx Whiteout SXWFWO 36""","false","","","","",""
"IL-6572","Solyx","Solyx Whiteout SXWFWO","36","15","15","","IN_STOCK","2023-07-31","2023-07-31","","","","SOLYX|SOLYX WHITEOUT SXWFWO","","","","","SourceSheet=Solyx; SourceRow=110; RawDescription=6572 - Solyx Whiteout SXWFWO 36""","false","","","","",""
"IL-6575","Solyx","Solyx Big City Lights SX1523","48","11","11","","IN_STOCK","2023-07-31","2023-07-31","","","","SOLYX|SOLYX BIG CITY LIGHTS SX1523","","","","","SourceSheet=Solyx; SourceRow=111; RawDescription=6575 - Solyx Big City Lights SX1523 48""","false","","","","",""
"IL-6580","Solyx","Solyx Whiteout SXWFWO","60","10","10","","IN_STOCK","2023-07-31","2023-07-31","","","","SOLYX|SOLYX WHITEOUT SXWFWO","","","","","SourceSheet=Solyx; SourceRow=112; RawDescription=6580 - Solyx Whiteout SXWFWO 60""","false","","","","",""
"IL-6596","Solyx","Solyx Alps SXC392","60","6","6","","IN_STOCK","2023-07-31","2023-07-31","","","","SOLYX|SOLYX ALPS SXC392","","","","","SourceSheet=Solyx; SourceRow=113; RawDescription=6596 - Solyx Alps SXC392 60""","false","","","","",""
"IL-6597","Solyx","Solyx Reeded Glass SX1254","60","10","10","","IN_STOCK","2023-07-31","2023-07-31","","","","SOLYX|SOLYX REEDED GLASS SX1254","","","","","SourceSheet=Solyx; SourceRow=114; RawDescription=6597 - Solyx Reeded Glass SX1254 60""","false","","","","",""
"IL-6606","Solyx","Solyx White Black Opaque SXWFWB","59","10","10","","IN_STOCK","2023-07-31","2023-07-31","","","","SOLYX|SOLYX WHITE BLACK OPAQUE SXWFWB","","","","","SourceSheet=Solyx; SourceRow=115; RawDescription=6606 - Solyx White Black Opaque SXWFWB 59""","false","","","","",""
"IL-6607","Solyx","Solyx White Matte SXWFWM","72","100","100","","IN_STOCK","2023-07-31","2023-07-31","","","","SOLYX|SOLYX WHITE MATTE SXWFWM","","","","","SourceSheet=Solyx; SourceRow=116; RawDescription=6607 - Solyx White Matte SXWFWM 72""","false","","","","",""
"IL-6608","Solyx","Solyx White Matte SXWFWM","72","70","70","","IN_STOCK","2023-07-31","2023-07-31","","","","SOLYX|SOLYX WHITE MATTE SXWFWM","","","","","SourceSheet=Solyx; SourceRow=117; RawDescription=6608 - Solyx White Matte SXWFWM 72""","false","","","","",""
"IL-6610","Solyx","Solyx Frosted Sparkle SX324","60","7","7","","IN_STOCK","2023-07-31","2023-07-31","","","","SOLYX|SOLYX FROSTED SPARKLE SX324","","","","","SourceSheet=Solyx; SourceRow=118; RawDescription=6610 - Solyx Frosted Sparkle SX324 60""","false","","","","",""
"IL-6616","Solyx","Solyx Pin Point SXC333","48","20","20","","IN_STOCK","2023-07-31","2023-07-31","","","","SOLYX|SOLYX PIN POINT SXC333","","","","","SourceSheet=Solyx; SourceRow=119; RawDescription=6616 - Solyx Pin Point SXC333 48""","false","","","","",""
"IL-6617","Solyx","Solyx White Matte SXWFWM","60","80","80","","IN_STOCK","2023-07-31","2023-07-31","","","","SOLYX|SOLYX WHITE MATTE SXWFWM","","","","","SourceSheet=Solyx; SourceRow=120; RawDescription=6617 - Solyx White Matte SXWFWM 60""","false","","","","",""
"IL-6635","Solyx","Solyx Geometric SX3150","60","40","40","","IN_STOCK","2023-07-31","2023-07-31","","","","SOLYX|SOLYX GEOMETRIC SX3150","","","","","SourceSheet=Solyx; SourceRow=121; RawDescription=6635 - Solyx Geometric SX3150 60""","false","","","","",""
"IL-6636","Solyx","Solyx White Dusted Matte SXJ0550","60","15","15","","IN_STOCK","2023-07-31","2023-07-31","","","","SOLYX|SOLYX WHITE DUSTED MATTE SXJ0550","","","","","SourceSheet=Solyx; SourceRow=122; RawDescription=6636 - Solyx White Dusted Matte SXJ0550 60""","false","","","","",""
"IL-6699","Solyx","Solyx Triangle Gradient SXJ0594","71","15","15","","IN_STOCK","2023-07-31","2023-07-31","","","","SOLYX|SOLYX TRIANGLE GRADIENT SXJ0594","","","","","SourceSheet=Solyx; SourceRow=123; RawDescription=6699 - Solyx Triangle Gradient SXJ0594 71""","false","","","","",""
"IL-6703","Solyx","Solyx Alps SXC392","60","12","12","","IN_STOCK","2023-07-31","2023-07-31","","","","SOLYX|SOLYX ALPS SXC392","","","","","SourceSheet=Solyx; SourceRow=124; RawDescription=6703 - Solyx Alps SXC392 60""","false","","","","",""
"IL-6720","Solyx","Solyx Violet SXO-040","48","20","20","","IN_STOCK","2023-07-31","2023-07-31","","","","SOLYX|SOLYX VIOLET SXO-040","","","","","SourceSheet=Solyx; SourceRow=125; RawDescription=6720 - Solyx Violet SXO-040 48""","false","","","","",""
"IL-6727","Solyx","Solyx Frosted Stripes SXC-1418","60","6","6","","IN_STOCK","2023-07-31","2023-07-31","","","","SOLYX|SOLYX FROSTED STRIPES SXC-1418","","","","","SourceSheet=Solyx; SourceRow=126; RawDescription=6727 - Solyx Frosted Stripes SXC-1418 60""","false","","","","",""
"IL-6750","Solyx","Solyx Sand Blast SXR8785","60","9","9","","IN_STOCK","2023-07-31","2023-07-31","","","","SOLYX|SOLYX SAND BLAST SXR8785","","","","","SourceSheet=Solyx; SourceRow=127; RawDescription=6750 - Solyx Sand Blast SXR8785 60""","false","","","","",""
"IL-6754","Solyx","Solyx Chicago SX9100","60","6","6","","IN_STOCK","2023-07-31","2023-07-31","","","","SOLYX|SOLYX CHICAGO SX9100","","","","","SourceSheet=Solyx; SourceRow=128; RawDescription=6754 - Solyx Chicago SX9100 60""","false","","","","",""
"IL-6773","Solyx","Solyx Whiteout SXWFWO","72","100","100","","IN_STOCK","2023-07-31","2023-07-31","","","","SOLYX|SOLYX WHITEOUT SXWFWO","","","","","SourceSheet=Solyx; SourceRow=129; RawDescription=6773 - Solyx Whiteout SXWFWO 72""","false","","","","",""
"IL-6774","Solyx","Casper Cloaking PF001-801","48","3","3","100325001-3A","IN_STOCK","2023-07-31","2023-07-31","","","","SOLYX|CASPER CLOAKING PF001-801","","","","","SourceSheet=Solyx; SourceRow=130; RawDescription=6774 - Casper Cloaking PF001-801 48""","false","","","","",""
"IL-6782","Solyx","Solyx Gold Weave SCG02","59","17","17","","IN_STOCK","2023-07-31","2023-07-31","","","","SOLYX|SOLYX GOLD WEAVE SCG02","","","","","SourceSheet=Solyx; SourceRow=131; RawDescription=6782 - Solyx Gold Weave SCG02 59""","false","","","","",""
"IL-6785","Solyx","Solyx Reeded Glass 1/2"" SX1254","60","10","10","","IN_STOCK","2023-07-31","2023-07-31","","","","SOLYX|SOLYX REEDED GLASS 1/2"" SX1254","","","","","SourceSheet=Solyx; SourceRow=132; RawDescription=6785 - Solyx Reeded Glass 1/2"" SX1254 60""","false","","","","",""
"IL-6786","Solyx","Solyx Dark Black SXP014UV","60","10","10","","IN_STOCK","2023-07-31","2023-07-31","","","","SOLYX|SOLYX DARK BLACK SXP014UV","","","","","SourceSheet=Solyx; SourceRow=133; RawDescription=6786 - Solyx Dark Black SXP014UV 60""","false","","","","",""
"IL-6788","Solyx","Solyx Dusted Crystal SX3140","48","100","100","","IN_STOCK","2023-07-31","2023-07-31","","","","SOLYX|SOLYX DUSTED CRYSTAL SX3140","","","","","SourceSheet=Solyx; SourceRow=134; RawDescription=6788 - Solyx Dusted Crystal SX3140 48""","false","","","","",""
"IL-6793","Solyx","Casper Cloaking PF001-801","48","13","13","100625004-10A","IN_STOCK","2023-07-31","2023-07-31","","","","SOLYX|CASPER CLOAKING PF001-801","","","","","SourceSheet=Solyx; SourceRow=135; RawDescription=6793 - Casper Cloaking PF001-801 48""","false","","","","",""
"IL-6797","Solyx","Solyx Blackout SXWFBO","36","20","20","","IN_STOCK","2023-07-31","2023-07-31","","","","SOLYX|SOLYX BLACKOUT SXWFBO","","","","","SourceSheet=Solyx; SourceRow=136; RawDescription=6797 - Solyx Blackout SXWFBO 36""","false","","","","",""
"IL-6800","Solyx","Solyx Blackout SXWFBO","60","5","5","","IN_STOCK","2023-07-31","2023-07-31","","","","SOLYX|SOLYX BLACKOUT SXWFBO","","","","","SourceSheet=Solyx; SourceRow=137; RawDescription=6800 - Solyx Blackout SXWFBO 60""","false","","","","",""
"IL-6810","Solyx","Solyx Eco Dusted SX3131","60","10","10","","IN_STOCK","2023-07-31","2023-07-31","","","","SOLYX|SOLYX ECO DUSTED SX3131","","","","","SourceSheet=Solyx; SourceRow=138; RawDescription=6810 - Solyx Eco Dusted SX3131 60""","false","","","","",""
"IL-6813","Solyx","SOLYX Ultracool-S1560 Silver 15","60","8","8","","IN_STOCK","2023-07-31","2023-07-31","","","","SOLYX|SOLYX ULTRACOOL-S1560 SILVER 15","","","","","SourceSheet=Solyx; SourceRow=139; RawDescription=6813 - SOLYX Ultracool-S1560 Silver 15 60""","false","","","","",""
"IL-6815","Solyx","SX1255 Reeded Glass","60","50","50","","IN_STOCK","2023-07-31","2023-07-31","","","","SOLYX|SX1255 REEDED GLASS","","","","","SourceSheet=Solyx; SourceRow=140; RawDescription=6815 - SX1255 Reeded Glass 60""","false","","","","",""
"IL-6816","Solyx","SX1255 Reeded Glass","60","100","100","","IN_STOCK","2023-07-31","2023-07-31","","","","SOLYX|SX1255 REEDED GLASS","","","","","SourceSheet=Solyx; SourceRow=141; RawDescription=6816 - SX1255 Reeded Glass 60""","false","","","","",""
"IL-6817","Solyx","SX1255 Reeded Glass","60","100","100","","IN_STOCK","2023-07-31","2023-07-31","","","","SOLYX|SX1255 REEDED GLASS","","","","","SourceSheet=Solyx; SourceRow=142; RawDescription=6817 - SX1255 Reeded Glass 60""","false","","","","",""
"IL-6818","Solyx","SX1255 Reeded Glass","60","100","100","","IN_STOCK","2023-07-31","2023-07-31","","","","SOLYX|SX1255 REEDED GLASS","","","","","SourceSheet=Solyx; SourceRow=143; RawDescription=6818 - SX1255 Reeded Glass 60""","false","","","","",""
"IL-6827","Solyx","Solyx Total Light Blockout White","60","95","95","","IN_STOCK","2023-07-31","2023-07-31","","","","SOLYX|SOLYX TOTAL LIGHT BLOCKOUT WHITE","","","","","SourceSheet=Solyx; SourceRow=144; RawDescription=6827 - Solyx Total Light Blockout White 60""","false","","","","",""
"IL-6828","Solyx","Solyx Total Light Blockout White","60","15","15","","IN_STOCK","2023-07-31","2023-07-31","","","","SOLYX|SOLYX TOTAL LIGHT BLOCKOUT WHITE","","","","","SourceSheet=Solyx; SourceRow=145; RawDescription=6828 - Solyx Total Light Blockout White 60""","false","","","","",""
"IL-6854","Solyx","SOLYX Frosted Stripes SXC1418","60","70","70","","IN_STOCK","2023-07-31","2023-07-31","","","","SOLYX|SOLYX FROSTED STRIPES SXC1418","","","","","SourceSheet=Solyx; SourceRow=147; RawDescription=6854 - SOLYX Frosted Stripes SXC1418 60""","false","","","","",""
"IL-6859","Solyx","SOLYX White Dry Erase for Glass SX2029","59","14","14","","IN_STOCK","2023-07-31","2023-07-31","","","","SOLYX|SOLYX WHITE DRY ERASE FOR GLASS SX2029","","","","","SourceSheet=Solyx; SourceRow=148; RawDescription=6859 - SOLYX White Dry Erase for Glass SX2029 59""","false","","","","",""
"IL-6860","Solyx","SOLYX MAGNETIC White Dry Erase for Glass SX2097","47","14","14","","IN_STOCK","2023-07-31","2023-07-31","","","","SOLYX|SOLYX MAGNETIC WHITE DRY ERASE FOR GLASS SX2097","","","","","SourceSheet=Solyx; SourceRow=149; RawDescription=6860 - SOLYX MAGNETIC White Dry Erase for Glass SX2097 47""","false","","","","",""
"IL-6864","Solyx","SOLYX Sateen Etch SD-FS728-E","59","60","60","","IN_STOCK","2023-07-31","2023-07-31","","","","SOLYX|SOLYX SATEEN ETCH SD-FS728-E","","","","","SourceSheet=Solyx; SourceRow=150; RawDescription=6864 - SOLYX Sateen Etch SD-FS728-E 59""","false","","","","",""
"IL-6865","Solyx","SOLYX Gotham SX3148","60","30","30","","IN_STOCK","2023-07-31","2023-07-31","","","","SOLYX|SOLYX GOTHAM SX3148","","","","","SourceSheet=Solyx; SourceRow=151; RawDescription=6865 - SOLYX Gotham SX3148 60""","false","","","","",""
"IL-6861","Solyx","SOLYX Dual Feather Gradient SXJ-0591","72","13","13","","IN_STOCK","2023-07-31","2023-07-31","","","","SOLYX|SOLYX DUAL FEATHER GRADIENT SXJ-0591","","","","","SourceSheet=Solyx; SourceRow=152; RawDescription=6861 - SOLYX Dual Feather Gradient SXJ-0591 72""","false","","","","",""
"IL-6869","Solyx","SOLYX one way perf SX1940","60","30","30","","IN_STOCK","2023-07-31","2023-07-31","","","","SOLYX|SOLYX ONE WAY PERF SX1940","","","","","SourceSheet=Solyx; SourceRow=153; RawDescription=6869 - SOLYX one way perf SX1940 60""","false","","","","",""
"IL-6878","Solyx","SOLYX Dark Black SXP014UV","60","20","20","","IN_STOCK","2023-07-31","2023-07-31","","","","SOLYX|SOLYX DARK BLACK SXP014UV","","","","","SourceSheet=Solyx; SourceRow=155; RawDescription=6878 - SOLYX Dark Black SXP014UV 60""","false","","","","",""
"IL-6879","Solyx","SOLYX Eco Dusted SX3131","60","30","30","","IN_STOCK","2023-07-31","2023-07-31","","","","SOLYX|SOLYX ECO DUSTED SX3131","","","","","SourceSheet=Solyx; SourceRow=156; RawDescription=6879 - SOLYX Eco Dusted SX3131 60""","false","","","","",""
"IL-6903","Solyx","SAFETY SANDBLAST SXR-8785","60","13","13","","IN_STOCK","2023-07-31","2023-07-31","","","","SOLYX|SAFETY SANDBLAST SXR-8785","","","","","SourceSheet=Solyx; SourceRow=158; RawDescription=6903 - SAFETY SANDBLAST SXR-8785 60""","false","","","","",""
"IL-1448","Vinyl","Oracal 651 White Glossy","48","17","17","NA","IN_STOCK","2025-02-13","2025-02-13","","","","VINYL|ORACAL 651 WHITE GLOSSY","","","","","SourceSheet=Vinyl; SourceRow=2; RawDescription=1448 - Oracal 651 White  Glossy  48""","false","","","","",""
"IL-2278","Vinyl","Safron 818","30","30","30","NA","IN_STOCK","2025-02-13","2025-02-13","","","","VINYL|SAFRON 818","","","","","SourceSheet=Vinyl; SourceRow=3; RawDescription=2278 - Safron 818 30""","false","","","","",""
"IL-2279","Vinyl","Papyrus 816","60","30","30","NA","IN_STOCK","2025-02-13","2025-02-13","","","","VINYL|PAPYRUS 816","","","","","SourceSheet=Vinyl; SourceRow=4; RawDescription=2279 - Papyrus 816 60""","false","","","","",""
"IL-2361","Vinyl","3M Dark Gray 7725-41","48","20","20","","IN_STOCK","2025-02-13","2025-02-13","","","","VINYL|3M DARK GRAY 7725-41","","","","","SourceSheet=Vinyl; SourceRow=5; RawDescription=2361 - 3M Dark Gray 7725-41 48""","false","","","","",""
"IL-2409","Vinyl","Oracal 8500 Middle Gray","7","150","150","NA","IN_STOCK","2025-02-13","2025-02-13","","","","VINYL|ORACAL 8500 MIDDLE GRAY","","","","","SourceSheet=Vinyl; SourceRow=6; RawDescription=2409 - Oracal 8500 Middle Gray 07","false","","","","",""
"IL-2410","Vinyl","Oracal 8500 Middle Gray","7","7","7","NA","IN_STOCK","2025-02-13","2025-02-13","","","","VINYL|ORACAL 8500 MIDDLE GRAY","","","","","SourceSheet=Vinyl; SourceRow=7; RawDescription=2410 - Oracal 8500 Middle Gray 07","false","","","","",""
"IL-2411","Vinyl","Oracal 8500 Middle Gray","7","150","150","NA","IN_STOCK","2025-02-13","2025-02-13","","","","VINYL|ORACAL 8500 MIDDLE GRAY","","","","","SourceSheet=Vinyl; SourceRow=8; RawDescription=2411 - Oracal 8500 Middle Gray 07","false","","","","",""
"IL-2598","Vinyl","Oracal Matte Black","24","17","17","NA","IN_STOCK","2025-02-13","2025-02-13","","","","VINYL|ORACAL MATTE BLACK","","","","","SourceSheet=Vinyl; SourceRow=9; RawDescription=2598 - Oracal Matte Black 24""","false","","","","",""
"IL-2706","Vinyl","074 - Oracal 8500 Middle Gray","48","15","15","NA","IN_STOCK","2025-02-13","2025-02-13","","","","VINYL|074 - ORACAL 8500 MIDDLE GRAY","","","","","SourceSheet=Vinyl; SourceRow=10; RawDescription=2706-074 - Oracal 8500 Middle Gray 48""","false","","","","",""
"IL-2734","Vinyl","Oracal Dark Roast","48","72","72","NA","IN_STOCK","2025-02-13","2025-02-13","","","","VINYL|ORACAL DARK ROAST","","","","","SourceSheet=Vinyl; SourceRow=11; RawDescription=2734 - Oracal Dark Roast 48""","false","","","","",""
"IL-2865","Vinyl","Oracal 090 Silver Gray Series","751","65","65","NA","IN_STOCK","2025-02-13","2025-02-13","","","","VINYL|ORACAL 090 SILVER GRAY SERIES","","","","","SourceSheet=Vinyl; SourceRow=12; RawDescription=2865 - Oracal 090 Silver Gray Series 751","false","","","","",""
"IL-3021","Vinyl","3M Perf One Way","54","15","15","NA","IN_STOCK","2025-02-13","2025-02-13","","","","VINYL|3M PERF ONE WAY","","","","","SourceSheet=Vinyl; SourceRow=14; RawDescription=3021 - 3M Perf One Way 54""","false","","","","",""
"IL-3074","Vinyl","3M Opaque Black","50","9","9","NA","IN_STOCK","2025-02-13","2025-02-13","","","","VINYL|3M OPAQUE BLACK","","","","","SourceSheet=Vinyl; SourceRow=15; RawDescription=3074 - 3M Opaque Black 50""","false","","","","",""
"IL-3137","Vinyl","3M White Translucent-3630","48","132","132","NA","IN_STOCK","2025-02-13","2025-02-13","","","","VINYL|3M WHITE TRANSLUCENT-3630","","","","","SourceSheet=Vinyl; SourceRow=16; RawDescription=3137 - 3M White Translucent-3630 48""","false","","","","",""
"IL-3331","Vinyl","Fellers 651 High Gloss Series Black","48","12","12","NA","IN_STOCK","2025-02-13","2025-02-13","","","","VINYL|FELLERS 651 HIGH GLOSS SERIES BLACK","","","","","SourceSheet=Vinyl; SourceRow=17; RawDescription=3331 - Fellers 651 High Gloss Series Black 48""","false","","","","",""
"IL-3533","Vinyl","3M Black Electrocut","60","10","10","","IN_STOCK","2025-02-13","2025-02-13","","","","VINYL|3M BLACK ELECTROCUT","","","","","SourceSheet=Vinyl; SourceRow=18; RawDescription=3533 - 3M Black Electrocut 60""","false","","","","",""
"IL-3013","Vinyl","PERF ONE WAY","72","100","100","2.009027401E9","IN_STOCK","2025-02-13","2025-02-13","","","","VINYL|PERF ONE WAY","","","","","SourceSheet=Vinyl; SourceRow=19; RawDescription=3013- PERF ONE WAY 72""","false","","","","",""
"IL-5206","Vinyl","3M 7125 Dark Grey 41","48","20","20","102130.0","IN_STOCK","2025-02-13","2025-02-13","","","","VINYL|3M 7125 DARK GREY 41","","","","","SourceSheet=Vinyl; SourceRow=21; RawDescription=5206 - 3M 7125 Dark Grey 41 48""","false","","","","",""
"IL-5836","Vinyl","Oracal 651 Lt Gray 72","48","15","15","","IN_STOCK","2025-02-13","2025-02-13","","","","VINYL|ORACAL 651 LT GRAY 72","","","","","SourceSheet=Vinyl; SourceRow=22; RawDescription=5836 - Oracal 651 Lt Gray 72 48""","false","","","","",""
"IL-5837","Vinyl","Oracal 651 Lt Gray 72","30","50","50","","IN_STOCK","2025-02-13","2025-02-13","","","","VINYL|ORACAL 651 LT GRAY 72","","","","","SourceSheet=Vinyl; SourceRow=23; RawDescription=5837 - Oracal 651 Lt Gray 72 30""","false","","","","",""
"IL-6061","Vinyl","3M White Blockout Matte 3635-20","48","140","140","L2409404","IN_STOCK","2025-02-13","2025-02-13","","","","VINYL|3M WHITE BLOCKOUT MATTE 3635-20","","","","","SourceSheet=Vinyl; SourceRow=24; RawDescription=6061 - 3M White Blockout Matte 3635-20 48""","false","","","","",""
"IL-6069","Vinyl","3M White Blockout Matte 3635-20","48","150","150","L2409404","IN_STOCK","2025-02-13","2025-02-13","","","","VINYL|3M WHITE BLOCKOUT MATTE 3635-20","","","","","SourceSheet=Vinyl; SourceRow=25; RawDescription=6069 - 3M White Blockout Matte 3635-20 48""","false","","","","",""
"IL-6155","Vinyl","3M Scotchcal Duranodic 3630-69","48","15","15","192944.0","IN_STOCK","2025-02-13","2025-02-13","","","","VINYL|3M SCOTCHCAL DURANODIC 3630-69","","","","","SourceSheet=Vinyl; SourceRow=27; RawDescription=6155 - 3M Scotchcal Duranodic 3630-69 48""","false","","","","",""
"IL-6166","Vinyl","3M Scotchcal 7125 Dark Gray","48","30","30","197202.0","IN_STOCK","2025-02-13","2025-02-13","","","","VINYL|3M SCOTCHCAL 7125 DARK GRAY","","","","","SourceSheet=Vinyl; SourceRow=28; RawDescription=6166 - 3M Scotchcal 7125 Dark Gray 48""","false","","","","",""
"IL-6204","Vinyl","Oracal 751 White","48","15","15","","IN_STOCK","2025-02-13","2025-02-13","","","","VINYL|ORACAL 751 WHITE","","","","","SourceSheet=Vinyl; SourceRow=29; RawDescription=6204 - Oracal 751 White 48""","false","","","","",""
"IL-6274","Vinyl","Oracal 751 Black","48","9","9","","IN_STOCK","2025-02-13","2025-02-13","","","","VINYL|ORACAL 751 BLACK","","","","","SourceSheet=Vinyl; SourceRow=30; RawDescription=6274 - Oracal 751 Black 48""","false","","","","",""
"IL-6345","Vinyl","Oracal 651 Black","50","150","150","","IN_STOCK","2025-02-13","2025-02-13","","","","VINYL|ORACAL 651 BLACK","","","","","SourceSheet=Vinyl; SourceRow=31; RawDescription=6345 - Oracal 651 Black 50""","false","","","","",""
"IL-6600","Vinyl","Oracal 951-090 Silver Metallic","48","6","6","","IN_STOCK","2025-02-13","2025-02-13","","","","VINYL|ORACAL 951-090 SILVER METALLIC","","","","","SourceSheet=Vinyl; SourceRow=32; RawDescription=6600 - Oracal 951-090 Silver Metallic 48""","false","","","","",""
"IL-6659","Vinyl","Oracal 951-090 Silver Metallic","48","20","20","","IN_STOCK","2025-02-13","2025-02-13","","","","VINYL|ORACAL 951-090 SILVER METALLIC","","","","","SourceSheet=Vinyl; SourceRow=33; RawDescription=6659 - Oracal 951-090 Silver Metallic 48""","false","","","","",""
"IL-1799","ASWFVKOOL","ASWF BLACK OPAQUE","48","35","35","065899-006","IN_STOCK","2023-02-13","2023-02-13","","","","ASWFVKOOL|ASWF BLACK OPAQUE","","","","","SourceSheet=ASWFVKOOL; SourceRow=2; RawDescription=1799- ASWF BLACK OPAQUE 48""","false","","","","",""
"IL-1801","ASWFVKOOL","ASWF FROST REMOVABLE","36","26","26","064846-010","IN_STOCK","2023-02-13","2023-02-13","","","","ASWFVKOOL|ASWF FROST REMOVABLE","","","","","SourceSheet=ASWFVKOOL; SourceRow=3; RawDescription=1801- ASWF FROST REMOVABLE 36""","false","","","","",""
"IL-1802","ASWFVKOOL","ASWF FROST REMOVABLE","48","6","6","065900-034","IN_STOCK","2023-02-13","2023-02-13","","","","ASWFVKOOL|ASWF FROST REMOVABLE","","","","","SourceSheet=ASWFVKOOL; SourceRow=4; RawDescription=1802- ASWF FROST REMOVABLE 48""","false","","","","",""
"IL-1806","ASWFVKOOL","ASWF WHITE OPAQUE","72","19","19","NA","IN_STOCK","2023-02-13","2023-02-13","","","","ASWFVKOOL|ASWF WHITE OPAQUE","","","","","SourceSheet=ASWFVKOOL; SourceRow=5; RawDescription=1806- ASWF WHITE OPAQUE 72""","false","","","","",""
"IL-3469","ASWFVKOOL","ASWF REMOVABLE WHITE FROST","60","6","6","NA","IN_STOCK","2023-02-13","2023-02-13","","","","ASWFVKOOL|ASWF REMOVABLE WHITE FROST","","","","","SourceSheet=ASWFVKOOL; SourceRow=6; RawDescription=3469- ASWF REMOVABLE WHITE FROST 60""","false","","","","",""
"IL-6660","ASWFVKOOL","V-Kool VK 70","60","50","50","5.438897042E9","IN_STOCK","2023-02-13","2023-02-13","","","","ASWFVKOOL|V-KOOL VK 70","","","","","SourceSheet=ASWFVKOOL; SourceRow=7; RawDescription=6660 - V-Kool VK 70 60""","false","","","","",""
"IL-6661","ASWFVKOOL","V-Kool VK 70","72","20","20","5.43897046E8","IN_STOCK","2023-02-13","2023-02-13","","","","ASWFVKOOL|V-KOOL VK 70","","","","","SourceSheet=ASWFVKOOL; SourceRow=8; RawDescription=6661 - V-Kool VK 70 72""","false","","","","",""
"IL-6662","ASWFVKOOL","V-Kool VK 40","36","25","25","5.435412013E9","IN_STOCK","2023-02-13","2023-02-13","","","","ASWFVKOOL|V-KOOL VK 40","","","","","SourceSheet=ASWFVKOOL; SourceRow=9; RawDescription=6662 - V-Kool VK 40 36""","false","","","","",""
"IL-6656","ASWFVKOOL","ASWF Removable Frost","48","30","30","077159-906","IN_STOCK","2023-02-13","2023-02-13","","","","ASWFVKOOL|ASWF REMOVABLE FROST","","","","","SourceSheet=ASWFVKOOL; SourceRow=10; RawDescription=6656 - ASWF Removable Frost 48""","false","","","","",""
"IL-6657","ASWFVKOOL","ASWF Removable Frost","72","60","60","079539-029","IN_STOCK","2023-02-13","2023-02-13","","","","ASWFVKOOL|ASWF REMOVABLE FROST","","","","","SourceSheet=ASWFVKOOL; SourceRow=11; RawDescription=6657 - ASWF Removable Frost 72""","false","","","","",""
